{
    "simpoint": {
        "interval": 29586,
        "weight": 0.0362736,
        "waypoints": [
            414697043933,
            414702257168,
            414727434303
        ],
        "name": "4"
    },
    "stats": {
        "insts": 54154082.0,
        "ipc": 0.287682,
        "cycles": 188242604.0,
        "reg-taints": 0.0,
        "mem-taints": 0.0,
        "xmit-taints": 6296545.0,
        "stalls": 2603457657270,
        "access-preds": 7791802,
        "access-misps": 74112,
        "access-misp-rate": 0.00951153532905482
    }
}