{
    "weight": 0.999999552,
    "stats": {
        "access-misp-rate": 0.29982155898138296,
        "ipc": 1.358668321811492,
        "reg-taints": 0.0,
        "load-rate": 0.31265192200539105,
        "loads": 15632608.697855324,
        "access-misps": 5741159.13507712,
        "xmit-taints": 0.0,
        "mem-taints": 0.0,
        "access-preds": 18763088.024070155,
        "insts": 50000039.819579065,
        "cycles": 39406468.61882726,
        "stalls": 86494227095.10432
    }
}