{
    "simpoint": {
        "interval": 5224,
        "weight": 0.114619,
        "waypoints": [
            61252514864,
            61254543932,
            61265832680
        ],
        "name": "7"
    },
    "stats": {
        "insts": 50000102.0,
        "ipc": 1.82646,
        "cycles": 27375417.0,
        "reg-taints": 0.0,
        "mem-taints": 0.0,
        "xmit-taints": 0.0,
        "stalls": 1730311844,
        "access-preds": 11484554,
        "access-misps": 10789224,
        "access-misp-rate": 0.9394552021785086
    }
}