{
    "simpoint": {
        "interval": 1702,
        "weight": 0.11988,
        "waypoints": [
            19943467240,
            19945786097,
            19954634375
        ],
        "name": "2"
    },
    "stats": {
        "insts": 50033509.0,
        "ipc": 0.493222,
        "cycles": 101442230.0,
        "reg-taints": 0.0,
        "mem-taints": 0.0,
        "xmit-taints": 14305711.0,
        "stalls": 17508139092,
        "access-preds": 203509,
        "access-misps": 186993,
        "access-misp-rate": 0.9188438840542679
    }
}