{
    "weight": 0.99999944,
    "stats": {
        "stalls": 27414146472.986748,
        "loads": 19134815.00102955,
        "access-preds": 4514691.626722512,
        "access-misps": 3761661.453138734,
        "cycles": 43417366.23983551,
        "insts": 50027707.9731287,
        "load-rate": 0.3825818799908244,
        "xmit-taints": 28914.027644285474,
        "access-misp-rate": 0.8176743865717132,
        "ipc": 1.1807049472268005,
        "reg-taints": 0.0,
        "mem-taints": 0.0
    }
}