{
    "simpoint": {
        "interval": 1726,
        "weight": 0.0593762,
        "waypoints": [
            20222950045,
            20223932455,
            20237556001
        ],
        "name": "3"
    },
    "stats": {
        "insts": 51783854.0,
        "ipc": 1.603919,
        "cycles": 32285834.0,
        "reg-taints": 0.0,
        "mem-taints": 0.0,
        "xmit-taints": 446763.0,
        "loads": 10379911.0,
        "load-rate": 0.2004468612938697,
        "stalls": 21147266728,
        "access-preds": 2497005,
        "access-misps": 2177338,
        "access-misp-rate": 0.8719798318385426
    }
}