{
    "simpoint": {
        "interval": 1702,
        "weight": 0.11988,
        "waypoints": [
            19943467240,
            19945786097,
            19954634375
        ],
        "name": "2"
    },
    "stats": {
        "insts": 50000126.0,
        "ipc": 1.847922,
        "cycles": 27057482.0,
        "reg-taints": 0.0,
        "mem-taints": 0.0,
        "xmit-taints": 0.0,
        "stalls": 1716253319,
        "access-preds": 12976967,
        "access-misps": 518677,
        "access-misp-rate": 0.03996904669635054
    }
}