{
    "simpoint": {
        "interval": 1137,
        "weight": 0.0122339,
        "waypoints": [
            9788280981,
            9790463806,
            9797664056
        ],
        "name": "1"
    },
    "stats": {
        "insts": 50000038.0,
        "ipc": 1.671028,
        "cycles": 29921729.0,
        "reg-taints": 0.0,
        "mem-taints": 0.0,
        "xmit-taints": 0.0,
        "loads": 12857469.0,
        "load-rate": 0.2571491845666197,
        "stalls": 25135597137,
        "access-preds": 15130403,
        "access-misps": 635218,
        "access-misp-rate": 0.04198288703876559
    }
}