{
    "weight": 0.9999986999999999,
    "stats": {
        "load-rate": 0.2462989799063444,
        "loads": 12322196.637965132,
        "access-misps": 0.0,
        "insts": 50030263.17775343,
        "stalls": 0.0,
        "access-misp-rate": 0.0,
        "access-preds": 0.0,
        "ipc": 1.1295850126818165,
        "cycles": 44502703.90812448
    }
}