{
    "simpoint": {
        "interval": 2591,
        "weight": 0.116781,
        "waypoints": [
            3821921406,
            3822241872,
            3823665789
        ],
        "name": "0"
    },
    "stats": {
        "insts": 50000112.0,
        "ipc": 0.923322,
        "cycles": 54152433.0,
        "pub-annot-reg-rate": NaN,
        "pub-annot-load-rate": NaN,
        "pub-annot-load-count": 0.0,
        "annot-load-count": 0.0,
        "prot-regs": 84350090.0,
        "unprot-regs": 47519194.0,
        "loads": 11988703.0,
        "load-rate": 0.2397735229073087,
        "stalls": 6800019500,
        "access-preds": 0,
        "access-misps": 0,
        "access-misp-rate": 0,
        "unprot-regs-inst": 0.9503817511448774,
        "unprot-regs-rate": 0.36035073944892276
    }
}