{
    "simpoint": {
        "interval": 167709,
        "weight": 0.179295,
        "waypoints": [
            2310481479249,
            2310484663030,
            2310500978647
        ],
        "name": "4"
    },
    "stats": {
        "insts": 50000045.0,
        "ipc": 1.370044,
        "cycles": 36495214.0,
        "reg-taints": 0.0,
        "mem-taints": 0.0,
        "xmit-taints": 0.0,
        "loads": 12790874.0,
        "load-rate": 0.25581724976447523,
        "stalls": 12991343685,
        "access-preds": 15438180,
        "access-misps": 819037,
        "access-misp-rate": 0.05305269144419873
    }
}