{
    "simpoint": {
        "interval": 59990,
        "weight": 0.0501663,
        "waypoints": [
            284672814847,
            284674098811,
            284680380318
        ],
        "name": "4"
    },
    "stats": {
        "insts": 50000200.0,
        "ipc": 1.374039,
        "cycles": 36389214.0,
        "reg-taints": 0.0,
        "mem-taints": 0.0,
        "xmit-taints": 0.0,
        "stalls": 367891485488,
        "access-preds": 39378801,
        "access-misps": 34209207,
        "access-misp-rate": 0.8687213965707082
    }
}