{
    "weight": 1.0000005280000002,
    "stats": {
        "insts": 50000270.19947589,
        "ipc": 1.936334694590337,
        "cycles": 25916245.309026428,
        "reg-taints": 0.0,
        "mem-taints": 0.0,
        "xmit-taints": 0.0,
        "stalls": 160418141.32049125,
        "access-preds": 7346380.26837523,
        "access-misps": 33112.1318024724,
        "access-misp-rate": 0.002925098563412546
    }
}