{
    "simpoint": {
        "interval": 59990,
        "weight": 0.0501663,
        "waypoints": [
            284672814847,
            284674098811,
            284680380318
        ],
        "name": "4"
    },
    "stats": {
        "insts": 50000205.0,
        "ipc": 1.649397,
        "cycles": 30314232.0,
        "reg-taints": 0.0,
        "mem-taints": 0.0,
        "xmit-taints": 0.0,
        "loads": 32866300.0,
        "load-rate": 0.6573233049744496,
        "stalls": 25069449630,
        "access-preds": 39378802,
        "access-misps": 521817,
        "access-misp-rate": 0.013251215717532494
    }
}