{
    "weight": 0.99999997,
    "stats": {
        "access-misps": 1.4849183145475495,
        "xmit-taints": 16743654.68286426,
        "cycles": 113291712.3750003,
        "loads": 20720815.00828527,
        "access-misp-rate": 0.882724137139678,
        "stalls": 1766111961924.6987,
        "mem-taints": 0.0,
        "insts": 50132486.331020124,
        "load-rate": 0.41322125896554845,
        "access-preds": 8725.67831239035,
        "ipc": 0.45188738415408153,
        "reg-taints": 0.0
    }
}