{
    "simpoint": {
        "interval": 22480,
        "weight": 0.0592294,
        "waypoints": [
            351078840256,
            351081724897,
            351096183670
        ],
        "name": "4"
    },
    "stats": {
        "insts": 50000025.0,
        "ipc": 1.558642,
        "cycles": 32079227.0,
        "reg-taints": 0.0,
        "mem-taints": 0.0,
        "xmit-taints": 0.0,
        "loads": 12988216.0,
        "load-rate": 0.2597641901179049,
        "stalls": 3123914070,
        "access-preds": 15580405,
        "access-misps": 368497,
        "access-misp-rate": 0.02365131073293666
    }
}