{
    "weight": 0.99999978,
    "stats": {
        "ipc": 0.8043183592882991,
        "cycles": 68142330.2112479,
        "load-rate": 0.32479769417521714,
        "access-misps": 1752069.5444254198,
        "access-misp-rate": 0.1350989228415903,
        "mem-taints": 0.0,
        "xmit-taints": 3450384.1873354614,
        "stalls": 98292465970.50764,
        "loads": 17771993.2490132,
        "insts": 54719004.79162284,
        "access-preds": 12957600.293112645,
        "reg-taints": 0.0
    }
}