{
    "simpoint": {
        "interval": 56756,
        "weight": 0.0459802,
        "waypoints": [
            90612428953,
            90612646021,
            90613692640
        ],
        "name": "5"
    },
    "stats": {
        "insts": 50002006.0,
        "ipc": 1.295885,
        "cycles": 38585229.0,
        "reg-taints": 0.0,
        "mem-taints": 0.0,
        "xmit-taints": 0.0,
        "loads": 11983334.0,
        "load-rate": 0.23965706495855385,
        "stalls": 12405017,
        "access-preds": 14363449,
        "access-misps": 31745,
        "access-misp-rate": 0.0022101237662346977
    }
}