{
    "simpoint": {
        "interval": 32433,
        "weight": 0.18707,
        "waypoints": [
            504049481937,
            504052624647,
            504068434214
        ],
        "name": "6"
    },
    "stats": {
        "insts": 60363386.0,
        "ipc": 0.941181,
        "cycles": 64135809.0,
        "reg-taints": 0.0,
        "mem-taints": 0.0,
        "xmit-taints": 2322495.0,
        "stalls": 104668465989,
        "access-preds": 3625397,
        "access-misps": 1298344,
        "access-misp-rate": 0.35812464124618626
    }
}