{
    "simpoint": {
        "interval": 43021,
        "weight": 0.0217599,
        "waypoints": [
            622302562834,
            622307277140,
            622330873622
        ],
        "name": "7"
    },
    "stats": {
        "insts": 50000073.0,
        "ipc": 0.419348,
        "cycles": 119232763.0,
        "reg-taints": 0.0,
        "mem-taints": 0.0,
        "xmit-taints": 0.0,
        "stalls": 90733853859,
        "access-preds": 23124027,
        "access-misps": 1332035,
        "access-misp-rate": 0.057603937238094385
    }
}