{
    "weight": 0.99999978,
    "stats": {
        "ipc": 0.2837064502226291,
        "stalls": 796901920282.8513,
        "loads": 17156913.00179543,
        "cycles": 176440642.79368785,
        "access-misp-rate": 0.7793244376207763,
        "load-rate": 0.3433013946712412,
        "reg-taints": 0.0,
        "access-misps": 2144654.7010538443,
        "mem-taints": 0.0,
        "xmit-taints": 23952545.335666705,
        "insts": 49976188.241871394,
        "access-preds": 2751737.490889837
    }
}