{
    "weight": 0.99999978,
    "stats": {
        "insts": 54719004.15151148,
        "ipc": 0.7698936855302608,
        "cycles": 71145665.68463713,
        "reg-taints": 0.0,
        "mem-taints": 0.0,
        "xmit-taints": 3450384.1873354614,
        "stalls": 96956085752.63449,
        "access-preds": 12957600.083293198,
        "access-misps": 12239304.527166447,
        "access-misp-rate": 0.9445788711818809
    }
}