{
    "simpoint": {
        "interval": 32433,
        "weight": 0.18707,
        "waypoints": [
            504049481937,
            504052624647,
            504068434214
        ],
        "name": "6"
    },
    "stats": {
        "insts": 60363386.0,
        "ipc": 1.321302,
        "cycles": 45684764.0,
        "reg-taints": 0.0,
        "mem-taints": 0.0,
        "xmit-taints": 2322495.0,
        "stalls": 16661633432,
        "access-preds": 3625397,
        "access-misps": 122213,
        "access-misp-rate": 0.0337102391820813
    }
}