{
    "simpoint": {
        "interval": 1702,
        "weight": 0.11988,
        "waypoints": [
            19943467626,
            19945786483,
            19954634761
        ],
        "name": "2"
    },
    "stats": {
        "insts": 50000126.0,
        "ipc": 1.788007,
        "cycles": 27964169.0,
        "reg-taints": 0.0,
        "mem-taints": 0.0,
        "xmit-taints": 0.0,
        "loads": 11038657.0,
        "load-rate": 0.2207725836530892,
        "stalls": 15252523873,
        "access-preds": 12976967,
        "access-misps": 794240,
        "access-misp-rate": 0.06120382366696317
    }
}