{
    "simpoint": {
        "interval": 8330,
        "weight": 0.00348875,
        "waypoints": [
            102257062562,
            102260428533,
            102278767931
        ],
        "name": "2"
    },
    "stats": {
        "insts": 55147813.0,
        "ipc": 1.146583,
        "cycles": 48097528.0,
        "reg-taints": 0.0,
        "mem-taints": 0.0,
        "xmit-taints": 8734570.0,
        "stalls": 20657369671,
        "access-preds": 6829363,
        "access-misps": 906661,
        "access-misp-rate": 0.13275923391390967
    }
}