{
    "simpoint": {
        "interval": 10502,
        "weight": 0.0649377,
        "waypoints": [
            151694490622,
            151698270238,
            151719385844
        ],
        "name": "3"
    },
    "stats": {
        "insts": 49998847.0,
        "ipc": 0.480708,
        "cycles": 104010920.0,
        "reg-taints": 0.0,
        "mem-taints": 0.0,
        "xmit-taints": 27030707.0,
        "loads": 12492422.0,
        "load-rate": 0.24985420163788977,
        "stalls": 883817437925,
        "access-preds": 1185411,
        "access-misps": 193466,
        "access-misp-rate": 0.16320584168697608
    }
}