{
    "simpoint": {
        "interval": 36406,
        "weight": 0.0852617,
        "waypoints": [
            109470181405,
            109470340013,
            109471333535
        ],
        "name": "2"
    },
    "stats": {
        "insts": 50000198.0,
        "ipc": 0.918448,
        "cycles": 54439875.0,
        "pub-annot-reg-rate": NaN,
        "pub-annot-load-rate": NaN,
        "pub-annot-load-count": 0.0,
        "annot-load-count": 0.0,
        "prot-regs": 73694691.0,
        "unprot-regs": 32876831.0,
        "loads": 13468918.0,
        "load-rate": 0.2693772932659187,
        "stalls": 320230183000,
        "access-preds": 0,
        "access-misps": 0,
        "access-misp-rate": 0,
        "unprot-regs-inst": 0.6575340161652959,
        "unprot-regs-rate": 0.3084954627935219
    }
}