{
    "simpoint": {
        "interval": 6816,
        "weight": 0.0972148,
        "waypoints": [
            68203212738,
            68207349952,
            68235494920
        ],
        "name": "1"
    },
    "stats": {
        "insts": 50297703.0,
        "ipc": 0.837521,
        "cycles": 60055424.0,
        "reg-taints": 0.0,
        "mem-taints": 0.0,
        "xmit-taints": 16613153.0,
        "loads": 11712386.0,
        "load-rate": 0.2328612501449619,
        "stalls": 10302787193,
        "access-preds": 3948082,
        "access-misps": 1722583,
        "access-misp-rate": 0.4363088203335189
    }
}