{
    "simpoint": {
        "interval": 43679,
        "weight": 0.0669796,
        "waypoints": [
            632458534034,
            632463526372,
            632488473628
        ],
        "name": "8"
    },
    "stats": {
        "insts": 50000020.0,
        "ipc": 0.903291,
        "cycles": 55353196.0,
        "reg-taints": 0.0,
        "mem-taints": 0.0,
        "xmit-taints": 0.0,
        "loads": 21916786.0,
        "load-rate": 0.4383355446657821,
        "stalls": 5110510671,
        "access-preds": 26305147,
        "access-misps": 51706,
        "access-misp-rate": 0.0019656229254297647
    }
}