{
    "simpoint": {
        "interval": 219059,
        "weight": 0.0163617,
        "waypoints": [
            375946847352,
            375947278864,
            375949430142
        ],
        "name": "1"
    },
    "stats": {
        "insts": 50000072.0,
        "ipc": 1.039606,
        "cycles": 48095199.0,
        "loads": 10902514.0,
        "load-rate": 0.21804996600804896,
        "stalls": 0,
        "access-preds": 0,
        "access-misps": 0,
        "access-misp-rate": 0
    }
}