{
    "simpoint": {
        "interval": 12960,
        "weight": 0.306268,
        "waypoints": [
            165090540848,
            165093065340,
            165105724398
        ],
        "name": "7"
    },
    "stats": {
        "insts": 54703970.0,
        "ipc": 0.799083,
        "cycles": 68458429.0,
        "reg-taints": 0.0,
        "mem-taints": 0.0,
        "xmit-taints": 3469168.0,
        "stalls": 98174082262,
        "access-preds": 12982569,
        "access-misps": 1602324,
        "access-misp-rate": 0.12342118112370518
    }
}