{
    "weight": 1.00000015,
    "stats": {
        "load-rate": 0.2811168835699125,
        "reg-taints": 0.0,
        "cycles": 50229063.494130574,
        "loads": 14913157.718573242,
        "access-preds": 5550692.127787831,
        "xmit-taints": 9526551.994676,
        "ipc": 1.1321542595553111,
        "access-misp-rate": 0.06102014970025273,
        "stalls": 29662543039.770805,
        "access-misps": 345630.5500163675,
        "insts": 52981082.74599654,
        "mem-taints": 0.0
    }
}