{
    "weight": 1.0000004999999998,
    "stats": {
        "load-rate": 0.19149929667184568,
        "access-misp-rate": 0.0,
        "insts": 50000114.0244341,
        "access-misps": 0.0,
        "loads": 9574986.692260055,
        "cycles": 28683652.274333972,
        "access-preds": 0.0,
        "stalls": 0.0,
        "ipc": 1.787256846479877
    }
}