{
    "simpoint": {
        "interval": 29806,
        "weight": 0.283652,
        "waypoints": [
            543529764312,
            543533131560,
            543549661026
        ],
        "name": "2"
    },
    "stats": {
        "insts": 50000041.0,
        "ipc": 1.162888,
        "cycles": 42996436.0,
        "reg-taints": 0.0,
        "mem-taints": 0.0,
        "xmit-taints": 0.0,
        "stalls": 3239247064,
        "access-preds": 14448682,
        "access-misps": 1051089,
        "access-misp-rate": 0.07274635845677828
    }
}