{
    "simpoint": {
        "interval": 9839,
        "weight": 0.105046,
        "waypoints": [
            151815996638,
            151819203984,
            151835425550
        ],
        "name": "2"
    },
    "stats": {
        "insts": 50000025.0,
        "ipc": 1.441801,
        "cycles": 34678870.0,
        "reg-taints": 0.0,
        "mem-taints": 0.0,
        "xmit-taints": 0.0,
        "loads": 12116700.0,
        "load-rate": 0.2423338788330606,
        "stalls": 1952264854,
        "access-preds": 14561317,
        "access-misps": 303564,
        "access-misp-rate": 0.020847290118057315
    }
}