{
    "simpoint": {
        "interval": 2772,
        "weight": 0.0805542,
        "waypoints": [
            51697024320,
            51699732040,
            51713270533
        ],
        "name": "4"
    },
    "stats": {
        "insts": 50001743.0,
        "ipc": 2.30121,
        "cycles": 21728457.0,
        "loads": 8845595.0,
        "load-rate": 0.17690573306614532,
        "stalls": 0,
        "access-preds": 0,
        "access-misps": 0,
        "access-misp-rate": 0
    }
}