{
    "simpoint": {
        "interval": 4974,
        "weight": 0.0263685,
        "waypoints": [
            7237046426,
            7237187654,
            7237682934
        ],
        "name": "1"
    },
    "stats": {
        "insts": 50002549.0,
        "ipc": 1.133136,
        "cycles": 44127593.0,
        "reg-taints": 0.0,
        "mem-taints": 0.0,
        "xmit-taints": 0.0,
        "stalls": 6422041,
        "access-preds": 14666288,
        "access-misps": 21719,
        "access-misp-rate": 0.001480879142697866
    }
}