{
    "simpoint": {
        "interval": 76,
        "weight": 0.00188513,
        "waypoints": [
            669958016,
            672327432,
            684169103
        ],
        "name": "1"
    },
    "stats": {
        "insts": 53992261.0,
        "ipc": 1.155135,
        "cycles": 46741078.0,
        "reg-taints": 0.0,
        "mem-taints": 0.0,
        "xmit-taints": 3234807.0,
        "stalls": 28929446524,
        "access-preds": 14685469,
        "access-misps": 13284807,
        "access-misp-rate": 0.904622589853957
    }
}