{
    "simpoint": {
        "interval": 26494,
        "weight": 0.14016,
        "waypoints": [
            411545968218,
            411548971522,
            411564076503
        ],
        "name": "5"
    },
    "stats": {
        "insts": 50000047.0,
        "ipc": 1.288077,
        "cycles": 38817582.0,
        "reg-taints": 0.0,
        "mem-taints": 0.0,
        "xmit-taints": 0.0,
        "stalls": 23093632000,
        "access-preds": 15243523,
        "access-misps": 15018258,
        "access-misp-rate": 0.9852222481640235
    }
}