{
    "weight": 1.00000017,
    "stats": {
        "ipc": 0.7449724867381772,
        "access-misp-rate": 0.7171068879376808,
        "access-misps": 11187685.190894376,
        "stalls": 175774267295.95602,
        "mem-taints": 0.0,
        "loads": 17924963.47551331,
        "insts": 52554224.727710515,
        "xmit-taints": 3807479.667454236,
        "load-rate": 0.34142431734882905,
        "access-preds": 15238380.86501999,
        "cycles": 81759918.43196785,
        "reg-taints": 0.0
    }
}