{
    "simpoint": {
        "interval": 2681,
        "weight": 0.0726879,
        "waypoints": [
            34494367413,
            34496954367,
            34509934671
        ],
        "name": "3"
    },
    "stats": {
        "insts": 54751473.0,
        "ipc": 0.784647,
        "cycles": 69778490.0,
        "reg-taints": 0.0,
        "mem-taints": 0.0,
        "xmit-taints": 3418252.0,
        "stalls": 97642552168,
        "access-preds": 12970503,
        "access-misps": 1821598,
        "access-misp-rate": 0.1404415850333638
    }
}