{
    "weight": 1.0000000999999998,
    "stats": {
        "insts": 50000040.423943564,
        "ipc": 0.562902570479643,
        "cycles": 88831124.38763908,
        "reg-taints": 0.0,
        "mem-taints": 0.0,
        "xmit-taints": 0.0,
        "stalls": 231477371605.02182,
        "access-preds": 17148270.236128982,
        "access-misps": 2202813.9102131096,
        "access-misp-rate": 0.12840181326400285
    }
}