{
    "simpoint": {
        "interval": 49730,
        "weight": 0.258708,
        "waypoints": [
            863602062661,
            863605102206,
            863619822249
        ],
        "name": "4"
    },
    "stats": {
        "insts": 51490982.0,
        "ipc": 0.643517,
        "cycles": 80014907.0,
        "reg-taints": 0.0,
        "mem-taints": 0.0,
        "xmit-taints": 909002.0,
        "loads": 12440920.0,
        "load-rate": 0.24161357031411831,
        "stalls": 175800620517,
        "access-preds": 1625304,
        "access-misps": 28292,
        "access-misp-rate": 0.017407205052101023
    }
}