{
    "simpoint": {
        "interval": 22480,
        "weight": 0.0592294,
        "waypoints": [
            351078840256,
            351081724897,
            351096183670
        ],
        "name": "4"
    },
    "stats": {
        "insts": 50000025.0,
        "ipc": 1.582347,
        "cycles": 31598644.0,
        "reg-taints": 0.0,
        "mem-taints": 0.0,
        "xmit-taints": 0.0,
        "loads": 12988216.0,
        "load-rate": 0.2597641901179049,
        "stalls": 274531370,
        "access-preds": 15580405,
        "access-misps": 180710,
        "access-misp-rate": 0.011598543170090894
    }
}