{
    "simpoint": {
        "interval": 23485,
        "weight": 0.196342,
        "waypoints": [
            446431669982,
            446437281494,
            446460005165
        ],
        "name": "7"
    },
    "stats": {
        "insts": 51946915.0,
        "ipc": 1.750325,
        "cycles": 29678441.0,
        "loads": 14786416.0,
        "load-rate": 0.2846447378058928,
        "stalls": 0,
        "access-preds": 0,
        "access-misps": 0,
        "access-misp-rate": 0
    }
}