{
    "simpoint": {
        "interval": 12960,
        "weight": 0.306268,
        "waypoints": [
            165090540848,
            165093065340,
            165105724398
        ],
        "name": "7"
    },
    "stats": {
        "insts": 49975117.0,
        "ipc": 0.337549,
        "cycles": 148053144.0,
        "reg-taints": 0.0,
        "mem-taints": 0.0,
        "xmit-taints": 23974635.0,
        "stalls": 9880596360,
        "access-preds": 2764285,
        "access-misps": 187888,
        "access-misp-rate": 0.06796983668471232
    }
}