{
    "simpoint": {
        "interval": 40254,
        "weight": 0.0627946,
        "waypoints": [
            944599758658,
            944604507473,
            944628141398
        ],
        "name": "7"
    },
    "stats": {
        "insts": 54757900.0,
        "ipc": 1.059135,
        "cycles": 51700570.0,
        "reg-taints": 0.0,
        "mem-taints": 0.0,
        "xmit-taints": 1980974.0,
        "stalls": 4798279676,
        "access-preds": 9983597,
        "access-misps": 446890,
        "access-misp-rate": 0.044762423803765314
    }
}