{
    "simpoint": {
        "interval": 23485,
        "weight": 0.196342,
        "waypoints": [
            446431746896,
            446437358408,
            446460082081
        ],
        "name": "7"
    },
    "stats": {
        "insts": 53143067.0,
        "ipc": 1.075667,
        "cycles": 49404779.0,
        "reg-taints": 0.0,
        "mem-taints": 0.0,
        "xmit-taints": 9711505.0,
        "loads": 15282434.0,
        "load-rate": 0.2875715471973042,
        "stalls": 34513958606,
        "access-preds": 6046616,
        "access-misps": 564933,
        "access-misp-rate": 0.09342961418419823
    }
}