{
    "simpoint": {
        "interval": 9429,
        "weight": 0.225821,
        "waypoints": [
            120385812297,
            120388351334,
            120401014998
        ],
        "name": "6"
    },
    "stats": {
        "insts": 50000043.0,
        "ipc": 0.814176,
        "cycles": 61411858.0,
        "reg-taints": 0.0,
        "mem-taints": 0.0,
        "xmit-taints": 0.0,
        "loads": 17182908.0,
        "load-rate": 0.3436578644542366,
        "stalls": 48435422994,
        "access-preds": 20627460,
        "access-misps": 18143043,
        "access-misp-rate": 0.8795577836534406
    }
}