{
    "simpoint": {
        "interval": 9839,
        "weight": 0.105046,
        "waypoints": [
            151815990500,
            151819197846,
            151835419412
        ],
        "name": "2"
    },
    "stats": {
        "insts": 55659490.0,
        "ipc": 1.092846,
        "cycles": 50930773.0,
        "reg-taints": 0.0,
        "mem-taints": 0.0,
        "xmit-taints": 2058566.0,
        "loads": 13302523.0,
        "load-rate": 0.23899829121682573,
        "stalls": 11523075136,
        "access-preds": 7156402,
        "access-misps": 6273429,
        "access-misp-rate": 0.8766177472981534
    }
}