{
    "simpoint": {
        "interval": 5883,
        "weight": 0.068873,
        "waypoints": [
            75449192385,
            75451707895,
            75464447709
        ],
        "name": "5"
    },
    "stats": {
        "insts": 54701612.0,
        "ipc": 0.717281,
        "cycles": 76262474.0,
        "reg-taints": 0.0,
        "mem-taints": 0.0,
        "xmit-taints": 3445842.0,
        "loads": 17798770.0,
        "load-rate": 0.3253792593900158,
        "stalls": 62457098473,
        "access-preds": 12986954,
        "access-misps": 710427,
        "access-misp-rate": 0.05470312746160493
    }
}