{
    "simpoint": {
        "interval": 2591,
        "weight": 0.116781,
        "waypoints": [
            3821921351,
            3822241817,
            3823665734
        ],
        "name": "0"
    },
    "stats": {
        "insts": 51048025.0,
        "ipc": 0.79722,
        "cycles": 64032513.0,
        "reg-taints": 0.0,
        "mem-taints": 0.0,
        "xmit-taints": 2345446.0,
        "stalls": 36598416837,
        "access-preds": 3039258,
        "access-misps": 2950299,
        "access-misp-rate": 0.9707300268684002
    }
}