{
    "simpoint": {
        "interval": 4298,
        "weight": 0.0964486,
        "waypoints": [
            55308186049,
            55310737988,
            55323443931
        ],
        "name": "4"
    },
    "stats": {
        "insts": 50000044.0,
        "ipc": 0.794553,
        "cycles": 62928517.0,
        "reg-taints": 0.0,
        "mem-taints": 0.0,
        "xmit-taints": 10457.0,
        "stalls": 47390292347,
        "access-preds": 20605221,
        "access-misps": 18157248,
        "access-misp-rate": 0.881196469574386
    }
}