{
    "simpoint": {
        "interval": 1726,
        "weight": 0.0593762,
        "waypoints": [
            20222950045,
            20223932455,
            20237556001
        ],
        "name": "3"
    },
    "stats": {
        "insts": 53284291.0,
        "ipc": 1.437404,
        "cycles": 37069809.0,
        "reg-taints": 0.0,
        "mem-taints": 0.0,
        "xmit-taints": 838164.0,
        "loads": 10636148.0,
        "load-rate": 0.19961132634757212,
        "stalls": 136822164500,
        "access-preds": 1389593,
        "access-misps": 1282214,
        "access-misp-rate": 0.9227262946776502
    }
}