{
    "weight": 1.0000004999999998,
    "stats": {
        "insts": 53583620.30268096,
        "ipc": 1.6416677407043296,
        "cycles": 33346370.372836117,
        "reg-taints": 0.0,
        "mem-taints": 0.0,
        "xmit-taints": 913887.0073446963,
        "stalls": 68868391297.25337,
        "access-preds": 2023052.398538901,
        "access-misps": 247293.74774392616,
        "access-misp-rate": 0.11725190564222955
    }
}