{
    "simpoint": {
        "interval": 32,
        "weight": 0.0996584,
        "waypoints": [
            689975632,
            695855030,
            725251712
        ],
        "name": "0"
    },
    "stats": {
        "insts": 50157178.0,
        "ipc": 3.025455,
        "cycles": 16578393.0,
        "stalls": 0
    }
}