{
    "simpoint": {
        "interval": 61425,
        "weight": 0.036875,
        "waypoints": [
            132994094075,
            132995903347,
            133001066470
        ],
        "name": "2"
    },
    "stats": {
        "insts": 50000207.0,
        "ipc": 1.23227,
        "cycles": 40575686.0,
        "reg-taints": 0.0,
        "mem-taints": 0.0,
        "xmit-taints": 242706.0,
        "stalls": 39333111767,
        "access-preds": 11107772,
        "access-misps": 2270502,
        "access-misp-rate": 0.2044066082739185
    }
}