{
    "weight": 0.999999552,
    "stats": {
        "insts": 50000039.9144921,
        "access-preds": 18763088.743673477,
        "cycles": 34137843.007331714,
        "load-rate": 0.3126519424204164,
        "mem-taints": 0.0,
        "stalls": 18079372357.613777,
        "xmit-taints": 0.0,
        "access-misp-rate": 0.04480128782473472,
        "loads": 15632609.750415793,
        "access-misps": 845369.4749362968,
        "ipc": 1.6244974840851287,
        "reg-taints": 0.0
    }
}