{
    "simpoint": {
        "interval": 12227,
        "weight": 0.107771,
        "waypoints": [
            190884791740,
            190888375851,
            190913417170
        ],
        "name": "5"
    },
    "stats": {
        "insts": 49999415.0,
        "ipc": 0.52552,
        "cycles": 95142676.0,
        "reg-taints": 0.0,
        "mem-taints": 0.0,
        "xmit-taints": 28740068.0,
        "stalls": 3727028859,
        "access-preds": 1009622,
        "access-misps": 151638,
        "access-misp-rate": 0.15019284445069542
    }
}