{
    "simpoint": {
        "interval": 144622,
        "weight": 0.238082,
        "waypoints": [
            1993201664675,
            1993204853834,
            1993220675312
        ],
        "name": "3"
    },
    "stats": {
        "insts": 50000060.0,
        "ipc": 1.195244,
        "cycles": 41832516.0,
        "reg-taints": 0.0,
        "mem-taints": 0.0,
        "xmit-taints": 0.0,
        "stalls": 9550874328,
        "access-preds": 20392270,
        "access-misps": 15900609,
        "access-misp-rate": 0.7797370768433333
    }
}