{
    "simpoint": {
        "interval": 668,
        "weight": 0.0957473,
        "waypoints": [
            15211472340,
            15216035563,
            15238938714
        ],
        "name": "0"
    },
    "stats": {
        "insts": 63801709.0,
        "ipc": 0.824115,
        "cycles": 77418469.0,
        "reg-taints": 0.0,
        "mem-taints": 0.0,
        "xmit-taints": 1856976.0,
        "loads": 17597698.0,
        "load-rate": 0.2758185991538252,
        "stalls": 55575829233,
        "access-preds": 5702946,
        "access-misps": 719441,
        "access-misp-rate": 0.12615251836506955
    }
}