{
    "simpoint": {
        "interval": 12960,
        "weight": 0.306268,
        "waypoints": [
            165090540848,
            165093065340,
            165105724398
        ],
        "name": "7"
    },
    "stats": {
        "insts": 54703967.0,
        "ipc": 0.674941,
        "cycles": 81050042.0,
        "reg-taints": 0.0,
        "mem-taints": 0.0,
        "xmit-taints": 3469168.0,
        "stalls": 233902408500,
        "access-preds": 12982568,
        "access-misps": 11819223,
        "access-misp-rate": 0.9103917653271679
    }
}