{
    "simpoint": {
        "interval": 23638,
        "weight": 0.106128,
        "waypoints": [
            36605018398,
            36605339627,
            36606979516
        ],
        "name": "2"
    },
    "stats": {
        "insts": 49975146.0,
        "ipc": 0.880608,
        "cycles": 56750749.0,
        "reg-taints": 0.0,
        "mem-taints": 0.0,
        "xmit-taints": 19828311.0,
        "stalls": 50562124994,
        "access-preds": 1046459,
        "access-misps": 45554,
        "access-misp-rate": 0.043531566931910376
    }
}