{
    "simpoint": {
        "interval": 27452,
        "weight": 0.552881,
        "waypoints": [
            383460646705,
            383463099037,
            383474848480
        ],
        "name": "3"
    },
    "stats": {
        "insts": 50000014.0,
        "ipc": 0.90006,
        "cycles": 55551889.0,
        "reg-taints": 0.0,
        "mem-taints": 0.0,
        "xmit-taints": 0.0,
        "stalls": 56875370370,
        "access-preds": 21378430,
        "access-misps": 443060,
        "access-misp-rate": 0.02072462758022923
    }
}