{
    "weight": 1.0000005280000002,
    "stats": {
        "insts": 50000270.19878776,
        "ipc": 1.4315529413585066,
        "cycles": 35408210.364531144,
        "reg-taints": 0.0,
        "mem-taints": 0.0,
        "xmit-taints": 0.0,
        "stalls": 277662510847.8378,
        "access-preds": 7346380.26837523,
        "access-misps": 2682844.3673093896,
        "access-misp-rate": 0.23010378128389186
    }
}