{
    "simpoint": {
        "interval": 5883,
        "weight": 0.068873,
        "waypoints": [
            75449192385,
            75451707895,
            75464447709
        ],
        "name": "5"
    },
    "stats": {
        "insts": 54701612.0,
        "ipc": 0.723263,
        "cycles": 75631740.0,
        "reg-taints": 0.0,
        "mem-taints": 0.0,
        "xmit-taints": 5461788.0,
        "stalls": 110493841270,
        "access-preds": 12986955,
        "access-misps": 11813001,
        "access-misp-rate": 0.9096051383869429
    }
}