{
    "simpoint": {
        "interval": 39859,
        "weight": 0.212529,
        "waypoints": [
            391505260338,
            391507611345,
            391518596023
        ],
        "name": "6"
    },
    "stats": {
        "insts": 50000029.0,
        "ipc": 1.061738,
        "cycles": 47092638.0,
        "reg-taints": 0.0,
        "mem-taints": 0.0,
        "xmit-taints": 0.0,
        "loads": 13522861.0,
        "load-rate": 0.27045706313490336,
        "stalls": 46273955500,
        "access-preds": 16227384,
        "access-misps": 14732448,
        "access-misp-rate": 0.9078757241462949
    }
}