{
    "weight": 1.0000000999999998,
    "stats": {
        "access-misps": 585976.5973888404,
        "loads": 14303526.037312698,
        "xmit-taints": 0.0,
        "load-rate": 0.2860702910391859,
        "stalls": 25218694439.380207,
        "access-misp-rate": 0.03397255691534806,
        "access-preds": 17148270.967805006,
        "mem-taints": 0.0,
        "insts": 50000040.407597765,
        "cycles": 46232416.90196412,
        "ipc": 1.0824547747908226,
        "reg-taints": 0.0
    }
}