{
    "weight": 1.0000004999999998,
    "stats": {
        "reg-taints": 0.0,
        "stalls": 519564079014.8225,
        "access-misp-rate": 0.005283236772083427,
        "xmit-taints": 9774024.271480767,
        "load-rate": 0.191477983182697,
        "cycles": 77036494.67605208,
        "access-misps": 4313.460105469949,
        "ipc": 0.6786177600390202,
        "mem-taints": 0.0,
        "loads": 9575967.227870189,
        "access-preds": 804546.9168325417,
        "insts": 50010514.668794274
    }
}