{
    "simpoint": {
        "interval": 13,
        "weight": 0.599691,
        "waypoints": [
            89551688,
            90914586,
            104543976
        ],
        "name": "2"
    },
    "stats": {
        "insts": 102040088.0,
        "ipc": 0.694147,
        "cycles": 147000679.0,
        "reg-taints": 0.0,
        "mem-taints": 0.0,
        "xmit-taints": 27691424.0,
        "loads": 22694988.0,
        "load-rate": 0.2224124698912451,
        "stalls": 1010007554994,
        "access-preds": 2697022,
        "access-misps": 285,
        "access-misp-rate": 0.00010567210797687226
    }
}