{
    "simpoint": {
        "interval": 12232,
        "weight": 0.18073,
        "waypoints": [
            175709486129,
            175711250457,
            175720075089
        ],
        "name": "2"
    },
    "stats": {
        "insts": 50000011.0,
        "ipc": 0.354818,
        "cycles": 140917275.0,
        "reg-taints": 0.0,
        "mem-taints": 0.0,
        "xmit-taints": 16222722.0,
        "loads": 17445835.0,
        "load-rate": 0.3489166232383429,
        "stalls": 213497931160,
        "access-preds": 1419980,
        "access-misps": 1407657,
        "access-misp-rate": 0.9913217087564613
    }
}