{
    "simpoint": {
        "interval": 908,
        "weight": 0.0694995,
        "waypoints": [
            14066688996,
            14069709963,
            14084746184
        ],
        "name": "1"
    },
    "stats": {
        "insts": 59906084.0,
        "ipc": 1.121257,
        "cycles": 53427598.0,
        "reg-taints": 0.0,
        "mem-taints": 0.0,
        "xmit-taints": 4472817.0,
        "loads": 15446865.0,
        "load-rate": 0.2578513561327093,
        "stalls": 12714615002,
        "access-preds": 3722217,
        "access-misps": 3498331,
        "access-misp-rate": 0.939851438000525
    }
}