{
    "simpoint": {
        "interval": 43791,
        "weight": 0.226075,
        "waypoints": [
            68311094028,
            68311427409,
            68313052510
        ],
        "name": "3"
    },
    "stats": {
        "insts": 50000284.0,
        "ipc": 0.840409,
        "cycles": 59495210.0,
        "reg-taints": 0.0,
        "mem-taints": 0.0,
        "xmit-taints": 0.0,
        "loads": 12017173.0,
        "load-rate": 0.24034209485690122,
        "stalls": 20027516421,
        "access-preds": 14395548,
        "access-misps": 1316733,
        "access-misp-rate": 0.09146807054514354
    }
}