{
    "simpoint": {
        "interval": 49730,
        "weight": 0.258708,
        "waypoints": [
            863602062661,
            863605102206,
            863619822249
        ],
        "name": "4"
    },
    "stats": {
        "insts": 51490980.0,
        "ipc": 0.512668,
        "cycles": 100437287.0,
        "reg-taints": 0.0,
        "mem-taints": 0.0,
        "xmit-taints": 909002.0,
        "stalls": 66322671366,
        "access-preds": 1625304,
        "access-misps": 696422,
        "access-misp-rate": 0.4284872245438392
    }
}