{
    "simpoint": {
        "interval": 9429,
        "weight": 0.225821,
        "waypoints": [
            120385812297,
            120388351334,
            120401014998
        ],
        "name": "6"
    },
    "stats": {
        "insts": 54701576.0,
        "ipc": 0.843608,
        "cycles": 64842384.0,
        "reg-taints": 0.0,
        "mem-taints": 0.0,
        "xmit-taints": 3446933.0,
        "stalls": 80769165085,
        "access-preds": 13011047,
        "access-misps": 491528,
        "access-misp-rate": 0.037777743789565894
    }
}