{
    "weight": 0.9999993,
    "stats": {
        "cycles": 32284249.914924636,
        "load-rate": 0.2545752348167807,
        "loads": 12728770.926826848,
        "access-preds": 15331773.547965685,
        "access-misp-rate": 0.03047491048604003,
        "mem-taints": 0.0,
        "xmit-taints": 0.0,
        "insts": 50000036.25527667,
        "stalls": 3994306583.9536557,
        "reg-taints": 0.0,
        "access-misps": 479796.65620375925,
        "ipc": 1.593734061367543
    }
}