{
    "simpoint": {
        "interval": 23638,
        "weight": 0.106128,
        "waypoints": [
            36605018398,
            36605339627,
            36606979516
        ],
        "name": "2"
    },
    "stats": {
        "insts": 50000230.0,
        "ipc": 1.066182,
        "cycles": 46896527.0,
        "reg-taints": 0.0,
        "mem-taints": 0.0,
        "xmit-taints": 0.0,
        "stalls": 102068802,
        "access-preds": 14447801,
        "access-misps": 383776,
        "access-misp-rate": 0.026562935079186098
    }
}