{
    "simpoint": {
        "interval": 49730,
        "weight": 0.258708,
        "waypoints": [
            860337066069,
            860340097422,
            860354801929
        ],
        "name": "4"
    },
    "stats": {
        "insts": 49998005.0,
        "ipc": 0.407823,
        "cycles": 122597380.0,
        "reg-taints": 0.0,
        "mem-taints": 0.0,
        "xmit-taints": 20145064.0,
        "loads": 12404834.0,
        "load-rate": 0.24810657945252015,
        "stalls": 415430102411,
        "access-preds": 95150,
        "access-misps": 2195,
        "access-misp-rate": 0.023068838675775093
    }
}