{
    "simpoint": {
        "interval": 26923,
        "weight": 0.601173,
        "waypoints": [
            256509990963,
            256511872580,
            256521319279
        ],
        "name": "3"
    },
    "stats": {
        "insts": 50000049.0,
        "ipc": 1.120122,
        "cycles": 44638043.0,
        "pub-annot-reg-rate": NaN,
        "pub-annot-load-rate": NaN,
        "pub-annot-load-count": 0.0,
        "annot-load-count": 0.0,
        "prot-regs": 56820293.0,
        "unprot-regs": 59955842.0,
        "loads": 16103955.0,
        "load-rate": 0.3220787843627913,
        "stalls": 17926989000,
        "access-preds": 0,
        "access-misps": 0,
        "access-misp-rate": 0,
        "unprot-regs-inst": 1.1991156648666483,
        "unprot-regs-rate": 0.5134254700243334
    }
}