{
    "simpoint": {
        "interval": 668,
        "weight": 0.0957473,
        "waypoints": [
            15211472340,
            15216035563,
            15238938714
        ],
        "name": "0"
    },
    "stats": {
        "insts": 50000049.0,
        "ipc": 1.025908,
        "cycles": 48737376.0,
        "loads": 13839264.0,
        "load-rate": 0.2767850087506914,
        "stalls": 0,
        "access-preds": 0,
        "access-misps": 0,
        "access-misp-rate": 0
    }
}