{
    "simpoint": {
        "interval": 29069,
        "weight": 0.24349,
        "waypoints": [
            679799077298,
            679803832986,
            679827701512
        ],
        "name": "5"
    },
    "stats": {
        "insts": 64543774.0,
        "ipc": 0.839532,
        "cycles": 76880652.0,
        "reg-taints": 0.0,
        "mem-taints": 0.0,
        "xmit-taints": 1751473.0,
        "loads": 18420082.0,
        "load-rate": 0.28538898267708984,
        "stalls": 45425626594,
        "access-preds": 6118870,
        "access-misps": 5627907,
        "access-misp-rate": 0.9197624724826643
    }
}