{
    "weight": 0.9999993,
    "stats": {
        "loads": 11373951.22833716,
        "access-preds": 1826059.9849800896,
        "reg-taints": 0.0,
        "access-misps": 42147.457081419954,
        "mem-taints": 0.0,
        "access-misp-rate": 0.01813602984959394,
        "load-rate": 0.21948131574299795,
        "stalls": 114717407658.02745,
        "cycles": 69074705.38872238,
        "xmit-taints": 1298638.8169452716,
        "insts": 51721790.44757641,
        "ipc": 0.8987052626591838
    }
}