{
    "weight": 1.00000036,
    "stats": {
        "access-preds": 20865111.848226212,
        "loads": 17263625.026674133,
        "cycles": 52312163.4349301,
        "reg-taints": 0.0,
        "insts": 50003577.27154948,
        "stalls": 234012185757.7186,
        "load-rate": 0.34524858369484734,
        "xmit-taints": 0.0,
        "mem-taints": 0.0,
        "access-misps": 16136574.292262712,
        "access-misp-rate": 0.7815019478409162,
        "ipc": 0.9595871583425629
    }
}