{
    "simpoint": {
        "interval": 29586,
        "weight": 0.0362736,
        "waypoints": [
            414697043933,
            414702257168,
            414727434303
        ],
        "name": "4"
    },
    "stats": {
        "insts": 50000056.0,
        "ipc": 0.266913,
        "cycles": 187327331.0,
        "pub-annot-reg-rate": NaN,
        "pub-annot-load-rate": NaN,
        "pub-annot-load-count": 0.0,
        "annot-load-count": 0.0,
        "prot-regs": 85869074.0,
        "unprot-regs": 33945022.0,
        "loads": 19545027.0,
        "load-rate": 0.39090010219188553,
        "stalls": 2186406490500,
        "access-preds": 0,
        "access-misps": 0,
        "access-misp-rate": 0,
        "unprot-regs-inst": 0.6788996796323589,
        "unprot-regs-rate": 0.2833140935270254
    }
}