{
    "simpoint": {
        "interval": 22377,
        "weight": 0.227606,
        "waypoints": [
            520541835962,
            520546619243,
            520570544851
        ],
        "name": "4"
    },
    "stats": {
        "insts": 50000021.0,
        "ipc": 0.633251,
        "cycles": 78957616.0,
        "pub-annot-reg-rate": NaN,
        "pub-annot-load-rate": NaN,
        "pub-annot-load-count": 0.0,
        "annot-load-count": 0.0,
        "prot-regs": 85762430.0,
        "unprot-regs": 42497842.0,
        "loads": 14644411.0,
        "load-rate": 0.29288809698699925,
        "stalls": 105460052500,
        "access-preds": 0,
        "access-misps": 0,
        "access-misp-rate": 0,
        "unprot-regs-inst": 0.8499564830182771,
        "unprot-regs-rate": 0.33134065082912034
    }
}