{
    "simpoint": {
        "interval": 1157649,
        "weight": 0.00732065,
        "waypoints": [
            21270634061107,
            21270637975363,
            21270657572335
        ],
        "name": "7"
    },
    "stats": {
        "insts": 50000073.0,
        "ipc": 1.127624,
        "cycles": 44341077.0,
        "loads": 5722694.0,
        "load-rate": 0.11445371289757916,
        "stalls": 0,
        "access-preds": 0,
        "access-misps": 0,
        "access-misp-rate": 0
    }
}