{
    "simpoint": {
        "interval": 9626,
        "weight": 0.306356,
        "waypoints": [
            59983985531,
            59985254235,
            59991305853
        ],
        "name": "7"
    },
    "stats": {
        "insts": 50000061.0,
        "ipc": 0.838401,
        "cycles": 59637386.0,
        "pub-annot-reg-rate": NaN,
        "pub-annot-load-rate": NaN,
        "pub-annot-load-count": 0.0,
        "annot-load-count": 0.0,
        "prot-regs": 140180885.0,
        "unprot-regs": 7175648.0,
        "loads": 3189672.0,
        "load-rate": 0.06379336217209815,
        "stalls": 6337642500,
        "access-preds": 0,
        "access-misps": 0,
        "access-misp-rate": 0,
        "unprot-regs-inst": 0.1435127849144024,
        "unprot-regs-rate": 0.04869582538291668
    }
}