{
    "simpoint": {
        "interval": 31800,
        "weight": 0.243177,
        "waypoints": [
            744597648512,
            744602414654,
            744626229552
        ],
        "name": "6"
    },
    "stats": {
        "insts": 50000059.0,
        "ipc": 0.806526,
        "cycles": 61994345.0,
        "reg-taints": 0.0,
        "mem-taints": 0.0,
        "xmit-taints": 0.0,
        "stalls": 41647148500,
        "access-preds": 17167552,
        "access-misps": 16625046,
        "access-misp-rate": 0.9683993384729518
    }
}