{
    "simpoint": {
        "interval": 153465,
        "weight": 0.323146,
        "waypoints": [
            804238807499,
            804239313244,
            804242422212
        ],
        "name": "5"
    },
    "stats": {
        "insts": 50000101.0,
        "ipc": 0.434943,
        "cycles": 114957747.0,
        "reg-taints": 0.0,
        "mem-taints": 0.0,
        "xmit-taints": 20220451.0,
        "loads": 12509631.0,
        "load-rate": 0.2501921146119285,
        "stalls": 2861885331312,
        "access-preds": 459258,
        "access-misps": 438719,
        "access-misp-rate": 0.9552778612457485
    }
}