{
    "simpoint": {
        "interval": 32433,
        "weight": 0.18707,
        "waypoints": [
            504049475799,
            504052618509,
            504068428076
        ],
        "name": "6"
    },
    "stats": {
        "insts": 50053968.0,
        "ipc": 0.539644,
        "cycles": 92753650.0,
        "reg-taints": 0.0,
        "mem-taints": 0.0,
        "xmit-taints": 13470705.0,
        "loads": 12393070.0,
        "load-rate": 0.2475941567709477,
        "stalls": 325548806875,
        "access-preds": 1309855,
        "access-misps": 256,
        "access-misp-rate": 0.00019544148016383494
    }
}