{
    "weight": 1.0000005280000002,
    "stats": {
        "access-preds": 258022.7684128302,
        "access-misps": 14340.630719250978,
        "access-misp-rate": 0.0078114380915729545,
        "stalls": 1040001614.7757677,
        "loads": 6204098.835130144,
        "load-rate": 0.11687616686486918,
        "ipc": 1.1610065251323245,
        "reg-taints": 0.0,
        "cycles": 45524726.10027509,
        "xmit-taints": 299570.2137343391,
        "mem-taints": 0.0,
        "insts": 52842559.11836864
    }
}