{
    "weight": 1.00000017,
    "stats": {
        "insts": 64992975.13800483,
        "ipc": 0.9359050793661164,
        "cycles": 81144552.14077553,
        "reg-taints": 0.0,
        "mem-taints": 0.0,
        "xmit-taints": 2927328.3053719276,
        "stalls": 57644947467.33128,
        "access-preds": 7078771.562517613,
        "access-misps": 4037742.6323832623,
        "access-misp-rate": 0.5862286098219898
    }
}