{
    "simpoint": {
        "interval": 6337,
        "weight": 0.0160066,
        "waypoints": [
            143980617389,
            143984953023,
            144006443864
        ],
        "name": "1"
    },
    "stats": {
        "insts": 50000014.0,
        "ipc": 0.570307,
        "cycles": 87672132.0,
        "pub-annot-reg-rate": NaN,
        "pub-annot-load-rate": NaN,
        "pub-annot-load-count": 0.0,
        "annot-load-count": 0.0,
        "prot-regs": 89035629.0,
        "unprot-regs": 46999034.0,
        "loads": 13528325.0,
        "load-rate": 0.2705664242414012,
        "stalls": 94997844000,
        "access-preds": 0,
        "access-misps": 0,
        "access-misp-rate": 0,
        "unprot-regs-inst": 0.9399804168054833,
        "unprot-regs-rate": 0.3454930748055001
    }
}