{
    "simpoint": {
        "interval": 153810,
        "weight": 0.0128253,
        "waypoints": [
            325975616583,
            325976483786,
            325979431561
        ],
        "name": "7"
    },
    "stats": {
        "insts": 50000064.0,
        "ipc": 1.666884,
        "cycles": 29996134.0,
        "reg-taints": 0.0,
        "mem-taints": 0.0,
        "xmit-taints": 0.0,
        "stalls": 102266051,
        "access-preds": 17294383,
        "access-misps": 2926,
        "access-misp-rate": 0.00016918788024990541
    }
}