{
    "simpoint": {
        "interval": 5955,
        "weight": 0.114242,
        "waypoints": [
            47879211692,
            47881048665,
            47889161106
        ],
        "name": "3"
    },
    "stats": {
        "insts": 50000028.0,
        "ipc": 1.540277,
        "cycles": 32461720.0,
        "loads": 12837286.0,
        "load-rate": 0.2567455762224773,
        "stalls": 0,
        "access-preds": 0,
        "access-misps": 0,
        "access-misp-rate": 0
    }
}