{
    "simpoint": {
        "interval": 488,
        "weight": 0.13597,
        "waypoints": [
            7591987319,
            7595096608,
            7610804611
        ],
        "name": "0"
    },
    "stats": {
        "insts": 60343130.0,
        "ipc": 1.281388,
        "cycles": 47091987.0,
        "reg-taints": 0.0,
        "mem-taints": 0.0,
        "xmit-taints": 2532471.0,
        "loads": 15245343.0,
        "load-rate": 0.2526442198142523,
        "stalls": 17857218781,
        "access-preds": 3599910,
        "access-misps": 375887,
        "access-misp-rate": 0.10441566594720424
    }
}