{
    "simpoint": {
        "interval": 61474,
        "weight": 0.157277,
        "waypoints": [
            183924952990,
            183925440285,
            183927821194
        ],
        "name": "4"
    },
    "stats": {
        "insts": 50001627.0,
        "ipc": 1.144418,
        "cycles": 43691733.0,
        "reg-taints": 0.0,
        "mem-taints": 0.0,
        "xmit-taints": 2075751.0,
        "loads": 25157461.0,
        "load-rate": 0.5031328480571242,
        "stalls": 228669643615,
        "access-preds": 7805509,
        "access-misps": 83513,
        "access-misp-rate": 0.010699238191897543
    }
}