{
    "weight": 1.0000004999999998,
    "stats": {
        "mem-taints": 0.0,
        "reg-taints": 0.0,
        "insts": 53583620.11121096,
        "access-misps": 1846113.2133903936,
        "xmit-taints": 913887.0073446963,
        "load-rate": 0.19011880782258725,
        "ipc": 0.24963032218703893,
        "access-preds": 2023052.398538901,
        "cycles": 215290350.50978464,
        "access-misp-rate": 0.9162800436501641,
        "loads": 10178825.711726945,
        "stalls": 1888453275963.969
    }
}