{
    "simpoint": {
        "interval": 32433,
        "weight": 0.18707,
        "waypoints": [
            504049475799,
            504052618509,
            504068428076
        ],
        "name": "6"
    },
    "stats": {
        "insts": 60363386.0,
        "ipc": 1.108703,
        "cycles": 54445057.0,
        "reg-taints": 0.0,
        "mem-taints": 0.0,
        "xmit-taints": 4635764.0,
        "loads": 15309468.0,
        "load-rate": 0.2536217567384308,
        "stalls": 13377030755,
        "access-preds": 3625397,
        "access-misps": 3367747,
        "access-misp-rate": 0.9289319211109845
    }
}