{
    "simpoint": {
        "interval": 11244,
        "weight": 0.0981097,
        "waypoints": [
            255279592077,
            255284103721,
            255306639867
        ],
        "name": "2"
    },
    "stats": {
        "insts": 50000069.0,
        "ipc": 0.384703,
        "cycles": 129970616.0,
        "pub-annot-reg-rate": NaN,
        "pub-annot-load-rate": NaN,
        "pub-annot-load-count": 0.0,
        "annot-load-count": 0.0,
        "prot-regs": 105670212.0,
        "unprot-regs": 31920609.0,
        "loads": 13581330.0,
        "load-rate": 0.2716262251558093,
        "stalls": 470681190500,
        "access-preds": 0,
        "access-misps": 0,
        "access-misp-rate": 0,
        "unprot-regs-inst": 0.6384112989924073,
        "unprot-regs-rate": 0.23199664605533532
    }
}