{
    "simpoint": {
        "interval": 1499,
        "weight": 0.22881,
        "waypoints": [
            12885111241,
            12886742793,
            12895044776
        ],
        "name": "0"
    },
    "stats": {
        "insts": 52424917.0,
        "ipc": 0.68761,
        "cycles": 76242211.0,
        "reg-taints": 0.0,
        "mem-taints": 0.0,
        "xmit-taints": 7030065.0,
        "stalls": 104660428460,
        "access-preds": 4278588,
        "access-misps": 1861421,
        "access-misp-rate": 0.435054976080894
    }
}