{
    "simpoint": {
        "interval": 706,
        "weight": 0.000253552,
        "waypoints": [
            6587638952,
            6592243535,
            6615582768
        ],
        "name": "0"
    },
    "stats": {
        "insts": 50000017.0,
        "ipc": 1.22148,
        "cycles": 40933955.0,
        "reg-taints": 0.0,
        "mem-taints": 0.0,
        "xmit-taints": 0.0,
        "loads": 16736840.0,
        "load-rate": 0.3347366861895267,
        "stalls": 15313630621,
        "access-preds": 20085561,
        "access-misps": 16152075,
        "access-misp-rate": 0.8041634983459013
    }
}