{
    "simpoint": {
        "interval": 11028,
        "weight": 0.0924349,
        "waypoints": [
            163696265851,
            163700534678,
            163719009045
        ],
        "name": "4"
    },
    "stats": {
        "insts": 50008765.0,
        "ipc": 0.489387,
        "cycles": 102186493.0,
        "reg-taints": 0.0,
        "mem-taints": 0.0,
        "xmit-taints": 23498062.0,
        "loads": 13973775.0,
        "load-rate": 0.279426516531652,
        "stalls": 471689932184,
        "access-preds": 2198225,
        "access-misps": 1979714,
        "access-misp-rate": 0.900596617725665
    }
}