{
    "simpoint": {
        "interval": 22746,
        "weight": 0.00254273,
        "waypoints": [
            289013185169,
            289015845950,
            289029117941
        ],
        "name": "9"
    },
    "stats": {
        "insts": 50000045.0,
        "ipc": 1.520738,
        "cycles": 32878808.0,
        "reg-taints": 0.0,
        "mem-taints": 0.0,
        "xmit-taints": 0.0,
        "stalls": 1176453521,
        "access-preds": 13259543,
        "access-misps": 138527,
        "access-misp-rate": 0.010447343471792353
    }
}