{
    "simpoint": {
        "interval": 56756,
        "weight": 0.0459802,
        "waypoints": [
            90612426981,
            90612644049,
            90613690668
        ],
        "name": "5"
    },
    "stats": {
        "insts": 51968981.0,
        "ipc": 0.991229,
        "cycles": 52428830.0,
        "reg-taints": 0.0,
        "mem-taints": 0.0,
        "xmit-taints": 2324309.0,
        "stalls": 31514752916,
        "access-preds": 3799325,
        "access-misps": 98597,
        "access-misp-rate": 0.025951188697992407
    }
}