{
    "simpoint": {
        "interval": 40254,
        "weight": 0.0627946,
        "waypoints": [
            944599758658,
            944604507473,
            944628141398
        ],
        "name": "7"
    },
    "stats": {
        "insts": 54757900.0,
        "ipc": 0.981044,
        "cycles": 55815973.0,
        "reg-taints": 0.0,
        "mem-taints": 0.0,
        "xmit-taints": 1980974.0,
        "stalls": 16407906201,
        "access-preds": 9983597,
        "access-misps": 9512079,
        "access-misp-rate": 0.952770729828137
    }
}