{
    "simpoint": {
        "interval": 12960,
        "weight": 0.306268,
        "waypoints": [
            165090455372,
            165092979864,
            165105638922
        ],
        "name": "7"
    },
    "stats": {
        "insts": 54703966.0,
        "ipc": 0.739048,
        "cycles": 74019456.0,
        "reg-taints": 0.0,
        "mem-taints": 0.0,
        "xmit-taints": 5473723.0,
        "loads": 17796349.0,
        "load-rate": 0.3253210014060041,
        "stalls": 48753175095,
        "access-preds": 12982568,
        "access-misps": 11833610,
        "access-misp-rate": 0.9114999436167021
    }
}