{
    "simpoint": {
        "interval": 1726,
        "weight": 0.0593762,
        "waypoints": [
            20222950045,
            20223932455,
            20237556001
        ],
        "name": "3"
    },
    "stats": {
        "insts": 50000209.0,
        "ipc": 1.79862,
        "cycles": 27799206.0,
        "reg-taints": 0.0,
        "mem-taints": 0.0,
        "xmit-taints": 0.0,
        "stalls": 7771538340,
        "access-preds": 12468517,
        "access-misps": 654347,
        "access-misp-rate": 0.052479938071223704
    }
}