{
    "simpoint": {
        "interval": 6337,
        "weight": 0.0160066,
        "waypoints": [
            143980617389,
            143984953023,
            144006443864
        ],
        "name": "1"
    },
    "stats": {
        "insts": 50000014.0,
        "ipc": 1.049348,
        "cycles": 47648650.0,
        "reg-taints": 0.0,
        "mem-taints": 0.0,
        "xmit-taints": 0.0,
        "stalls": 2768488413,
        "access-preds": 16212447,
        "access-misps": 484049,
        "access-misp-rate": 0.02985662805867615
    }
}