{
    "weight": 1.0000000999999998,
    "stats": {
        "insts": 50000040.61188104,
        "ipc": 1.121660353912865,
        "load-rate": 0.2860702941725008,
        "access-misp-rate": 0.0,
        "access-preds": 0.0,
        "loads": 14303526.251849778,
        "stalls": 0.0,
        "access-misps": 0.0,
        "cycles": 44610666.36588987
    }
}