{
    "simpoint": {
        "interval": 1157649,
        "weight": 0.00732065,
        "waypoints": [
            21270634060931,
            21270637975187,
            21270657572159
        ],
        "name": "7"
    },
    "stats": {
        "insts": 50000073.0,
        "ipc": 0.935425,
        "cycles": 53451695.0,
        "pub-annot-reg-rate": NaN,
        "pub-annot-load-rate": NaN,
        "pub-annot-load-count": 0.0,
        "annot-load-count": 0.0,
        "prot-regs": 94724825.0,
        "unprot-regs": 25231269.0,
        "stalls": 0,
        "access-preds": 0,
        "access-misps": 0,
        "access-misp-rate": 0,
        "unprot-regs-inst": 0.5046246432480208,
        "unprot-regs-rate": 0.21033753399806432
    }
}