{
    "weight": 1.00000017,
    "stats": {
        "insts": 64992977.294000894,
        "ipc": 0.8112308690731223,
        "cycles": 91519935.59469219,
        "reg-taints": 0.0,
        "mem-taints": 0.0,
        "xmit-taints": 2927328.2989539388,
        "stalls": 330766513158.7461,
        "access-preds": 7078771.562517613,
        "access-misps": 1787253.6241753537,
        "access-misp-rate": 0.2648520396816203
    }
}