{
    "simpoint": {
        "interval": 675,
        "weight": 0.078825,
        "waypoints": [
            8395669732,
            8398266403,
            8411283771
        ],
        "name": "2"
    },
    "stats": {
        "insts": 50012026.0,
        "ipc": 0.360591,
        "cycles": 138694516.0,
        "reg-taints": 0.0,
        "mem-taints": 0.0,
        "xmit-taints": 18784266.0,
        "loads": 17158951.0,
        "load-rate": 0.34309649843019757,
        "stalls": 518929555897,
        "access-preds": 3619390,
        "access-misps": 194871,
        "access-misp-rate": 0.05384084058363426
    }
}