{
    "simpoint": {
        "interval": 1033,
        "weight": 0.0814159,
        "waypoints": [
            2471298203,
            2471667031,
            2475266922
        ],
        "name": "0"
    },
    "stats": {
        "insts": 50000149.0,
        "ipc": 1.288173,
        "cycles": 38814790.0,
        "reg-taints": 0.0,
        "mem-taints": 0.0,
        "xmit-taints": 0.0,
        "stalls": 585091921515,
        "access-preds": 20863587,
        "access-misps": 15262525,
        "access-misp-rate": 0.731538876800044
    }
}