{
    "weight": 0.9999989000000001,
    "stats": {
        "ipc": 1.573082584707143,
        "access-misps": 143844.64350830787,
        "access-preds": 3669426.7331985063,
        "access-misp-rate": 0.03923415258353067,
        "mem-taints": 0.0,
        "load-rate": 0.25469175507246294,
        "xmit-taints": 2312791.94547974,
        "insts": 59904131.41047925,
        "reg-taints": 0.0,
        "cycles": 38099529.753881626,
        "loads": 15256051.085799892,
        "stalls": 3763898013.231154
    }
}