{
    "simpoint": {
        "interval": 12232,
        "weight": 0.18073,
        "waypoints": [
            175709486129,
            175711250457,
            175720075089
        ],
        "name": "2"
    },
    "stats": {
        "insts": 53564879.0,
        "ipc": 0.700845,
        "cycles": 76429023.0,
        "reg-taints": 0.0,
        "mem-taints": 0.0,
        "xmit-taints": 2576758.0,
        "stalls": 5031118252,
        "access-preds": 15705414,
        "access-misps": 447298,
        "access-misp-rate": 0.028480497234902563
    }
}