{
    "simpoint": {
        "interval": 41440,
        "weight": 0.14246,
        "waypoints": [
            644894324154,
            644897490433,
            644913410359
        ],
        "name": "7"
    },
    "stats": {
        "insts": 50000038.0,
        "ipc": 1.471147,
        "cycles": 33987117.0,
        "reg-taints": 0.0,
        "mem-taints": 0.0,
        "xmit-taints": 0.0,
        "loads": 12348332.0,
        "load-rate": 0.24696645230549624,
        "stalls": 4537707615,
        "access-preds": 14818740,
        "access-misps": 14549637,
        "access-misp-rate": 0.9818403588969102
    }
}