{
    "weight": 0.999999552,
    "stats": {
        "access-preds": 1084126.911069388,
        "insts": 50007277.837745756,
        "mem-taints": 0.0,
        "loads": 15632612.567162408,
        "access-misps": 16158.157059258363,
        "reg-taints": 0.0,
        "ipc": 0.5568312752884593,
        "stalls": 343374066164.4738,
        "access-misp-rate": 0.008629237546148017,
        "load-rate": 0.3126134532809502,
        "cycles": 91166762.23081061,
        "xmit-taints": 20186909.615163676
    }
}