{
    "simpoint": {
        "interval": 1033,
        "weight": 0.0814159,
        "waypoints": [
            2471298203,
            2471667031,
            2475266922
        ],
        "name": "0"
    },
    "stats": {
        "insts": 50000328.0,
        "ipc": 0.386167,
        "cycles": 129478371.0,
        "reg-taints": 0.0,
        "mem-taints": 0.0,
        "xmit-taints": 24176763.0,
        "stalls": 6160999,
        "access-preds": 1,
        "access-misps": 0,
        "access-misp-rate": 0.0
    }
}