{
    "simpoint": {
        "interval": 43021,
        "weight": 0.0217599,
        "waypoints": [
            622302562834,
            622307277140,
            622330873622
        ],
        "name": "7"
    },
    "stats": {
        "insts": 51759838.0,
        "ipc": 0.410134,
        "cycles": 126202334.0,
        "reg-taints": 0.0,
        "mem-taints": 0.0,
        "xmit-taints": 2401073.0,
        "stalls": 267906830842,
        "access-preds": 10252147,
        "access-misps": 9302,
        "access-misp-rate": 0.0009073221443274272
    }
}