{
    "weight": 0.9999986999999999,
    "stats": {
        "loads": 12317666.27592026,
        "xmit-taints": 0.0,
        "insts": 50000302.073562704,
        "mem-taints": 0.0,
        "ipc": 1.128409993820492,
        "load-rate": 0.246351859010879,
        "access-misp-rate": 0.025149518708741703,
        "stalls": 301086111.09652394,
        "access-misps": 375752.4008196211,
        "reg-taints": 0.0,
        "access-preds": 14768492.469401011,
        "cycles": 44507920.915438995
    }
}