{
    "weight": 0.99999997,
    "stats": {
        "access-misp-rate": 0.7134922833226117,
        "cycles": 42796537.93227779,
        "xmit-taints": 265989.7630083729,
        "load-rate": 0.3970303349664054,
        "reg-taints": 0.0,
        "access-misps": 4056773.0734008127,
        "stalls": 129652881154.8324,
        "ipc": 1.2300017080442511,
        "access-preds": 5847452.102980353,
        "insts": 52240211.812187284,
        "mem-taints": 0.0,
        "loads": 20740662.912636936
    }
}