{
    "simpoint": {
        "interval": 480886,
        "weight": 0.00744026,
        "waypoints": [
            824162100402,
            824162490489,
            824167077920
        ],
        "name": "5"
    },
    "stats": {
        "insts": 50000020.0,
        "ipc": 0.500315,
        "cycles": 99937112.0,
        "reg-taints": 0.0,
        "mem-taints": 0.0,
        "xmit-taints": 0.0,
        "loads": 11198194.0,
        "load-rate": 0.22396379041448383,
        "stalls": 199561252379,
        "access-preds": 13477173,
        "access-misps": 8071128,
        "access-misp-rate": 0.5988739626626445
    }
}