{
    "weight": 1.00000015,
    "stats": {
        "access-preds": 17204941.10152444,
        "loads": 14304409.713644395,
        "load-rate": 0.28608788783923045,
        "insts": 50000050.33619871,
        "cycles": 47903422.01850619,
        "reg-taints": 0.0,
        "xmit-taints": 0.0,
        "access-misp-rate": 0.059341408623841366,
        "ipc": 1.1147280606000909,
        "mem-taints": 0.0,
        "stalls": 23408736399.420704,
        "access-misps": 1003364.4641011804
    }
}