{
    "simpoint": {
        "interval": 59990,
        "weight": 0.0501663,
        "waypoints": [
            284672814847,
            284674098811,
            284680380318
        ],
        "name": "4"
    },
    "stats": {
        "insts": 50000206.0,
        "ipc": 0.530874,
        "cycles": 94184751.0,
        "reg-taints": 0.0,
        "mem-taints": 0.0,
        "xmit-taints": 5342416.0,
        "loads": 32866302.0,
        "load-rate": 0.6573233318278728,
        "stalls": 745313756295,
        "access-preds": 15548787,
        "access-misps": 15275360,
        "access-misp-rate": 0.9824148983454465
    }
}