{
    "simpoint": {
        "interval": 5883,
        "weight": 0.068873,
        "waypoints": [
            75449192385,
            75451707895,
            75464447709
        ],
        "name": "5"
    },
    "stats": {
        "insts": 50000034.0,
        "ipc": 0.792158,
        "cycles": 63118798.0,
        "reg-taints": 0.0,
        "mem-taints": 0.0,
        "xmit-taints": 0.0,
        "stalls": 17355164147,
        "access-preds": 20601774,
        "access-misps": 1857055,
        "access-misp-rate": 0.09014053838276258
    }
}