{
    "weight": 1.0000000999999998,
    "stats": {
        "insts": 64194071.262878984,
        "ipc": 0.8931797157261285,
        "cycles": 71878950.23403218,
        "reg-taints": 0.0,
        "mem-taints": 0.0,
        "xmit-taints": 1825533.0006816003,
        "stalls": 53872973562.2777,
        "access-preds": 5989364.369183363,
        "access-misps": 800009.5250091477,
        "access-misp-rate": 0.1336789001251663
    }
}