{
    "simpoint": {
        "interval": 22746,
        "weight": 0.00254273,
        "waypoints": [
            289013185169,
            289015845950,
            289029117941
        ],
        "name": "9"
    },
    "stats": {
        "insts": 55370748.0,
        "ipc": 1.407211,
        "cycles": 39347866.0,
        "reg-taints": 0.0,
        "mem-taints": 0.0,
        "xmit-taints": 1715827.0,
        "stalls": 19126931272
    }
}