{
    "simpoint": {
        "interval": 26494,
        "weight": 0.14016,
        "waypoints": [
            411545962080,
            411548965384,
            411564070365
        ],
        "name": "5"
    },
    "stats": {
        "insts": 50082219.0,
        "ipc": 1.528426,
        "cycles": 32767176.0,
        "loads": 12694391.0,
        "load-rate": 0.25347101732852534,
        "stalls": 0,
        "access-preds": 0,
        "access-misps": 0,
        "access-misp-rate": 0
    }
}