{
    "simpoint": {
        "interval": 32433,
        "weight": 0.18707,
        "waypoints": [
            504049475799,
            504052618509,
            504068428076
        ],
        "name": "6"
    },
    "stats": {
        "insts": 50053968.0,
        "ipc": 1.430835,
        "cycles": 34982355.0,
        "loads": 12393070.0,
        "load-rate": 0.2475941567709477,
        "stalls": 0,
        "access-preds": 0,
        "access-misps": 0,
        "access-misp-rate": 0
    }
}