{
    "simpoint": {
        "interval": 43679,
        "weight": 0.0669796,
        "waypoints": [
            632458534034,
            632463526372,
            632488473628
        ],
        "name": "8"
    },
    "stats": {
        "insts": 50000020.0,
        "ipc": 0.261551,
        "cycles": 191167526.0,
        "reg-taints": 0.0,
        "mem-taints": 0.0,
        "xmit-taints": 0.0,
        "stalls": 1374431319038,
        "access-preds": 26305147,
        "access-misps": 7649,
        "access-misp-rate": 0.00029077959533926954
    }
}