{
    "simpoint": {
        "interval": 12232,
        "weight": 0.18073,
        "waypoints": [
            175709486129,
            175711250457,
            175720075089
        ],
        "name": "2"
    },
    "stats": {
        "insts": 50000013.0,
        "ipc": 0.654076,
        "cycles": 76443722.0,
        "reg-taints": 0.0,
        "mem-taints": 0.0,
        "xmit-taints": 0.0,
        "loads": 17445837.0,
        "load-rate": 0.3489166492816712,
        "stalls": 29971171640,
        "access-preds": 20938282,
        "access-misps": 3388746,
        "access-misp-rate": 0.1618445104521947
    }
}