{
    "simpoint": {
        "interval": 76,
        "weight": 0.00188513,
        "waypoints": [
            669958016,
            672327432,
            684169103
        ],
        "name": "1"
    },
    "stats": {
        "insts": 54934132.0,
        "ipc": 0.880051,
        "cycles": 62421502.0,
        "reg-taints": 0.0,
        "mem-taints": 0.0,
        "xmit-taints": 3347287.0,
        "stalls": 74378833236,
        "access-preds": 12386996,
        "access-misps": 11441066,
        "access-misp-rate": 0.9236352381158435
    }
}