{
    "simpoint": {
        "interval": 11980,
        "weight": 0.055951,
        "waypoints": [
            170259628107,
            170266642461,
            170300372194
        ],
        "name": "1"
    },
    "stats": {
        "insts": 50000045.0,
        "ipc": 0.700914,
        "cycles": 71335507.0,
        "pub-annot-reg-rate": NaN,
        "pub-annot-load-rate": NaN,
        "pub-annot-load-count": 0.0,
        "annot-load-count": 0.0,
        "prot-regs": 58207226.0,
        "unprot-regs": 15015216.0,
        "stalls": 0,
        "access-preds": 0,
        "access-misps": 0,
        "access-misp-rate": 0,
        "unprot-regs-inst": 0.30030404972635527,
        "unprot-regs-rate": 0.2050630324511712
    }
}