{
    "simpoint": {
        "interval": 255304,
        "weight": 0.103988,
        "waypoints": [
            3579939050060,
            3579941974325,
            3579956592568
        ],
        "name": "6"
    },
    "stats": {
        "insts": 51332671.0,
        "ipc": 1.725577,
        "cycles": 29748128.0,
        "reg-taints": 0.0,
        "mem-taints": 0.0,
        "xmit-taints": 1775872.0,
        "loads": 16384719.0,
        "load-rate": 0.31918695600312713,
        "stalls": 215746267140,
        "access-preds": 5861873,
        "access-misps": 3209,
        "access-misp-rate": 0.000547435947520528
    }
}