{
    "simpoint": {
        "interval": 77284,
        "weight": 0.168161,
        "waypoints": [
            126611404721,
            126611774514,
            126613691663
        ],
        "name": "6"
    },
    "stats": {
        "insts": 50113782.0,
        "ipc": 1.014818,
        "cycles": 49382062.0,
        "reg-taints": 0.0,
        "mem-taints": 0.0,
        "xmit-taints": 3085242.0,
        "stalls": 15909411631,
        "access-preds": 2172325,
        "access-misps": 2147100,
        "access-misp-rate": 0.9883880174467449
    }
}