{
    "simpoint": {
        "interval": 505610,
        "weight": 0.110571,
        "waypoints": [
            866374915454,
            866375079983,
            866377132915
        ],
        "name": "7"
    },
    "stats": {
        "insts": 51214451.0,
        "ipc": 0.930039,
        "cycles": 55066969.0,
        "reg-taints": 0.0,
        "mem-taints": 0.0,
        "xmit-taints": 2699605.0,
        "loads": 14933410.0,
        "load-rate": 0.2915858650910853,
        "stalls": 41018347199,
        "access-preds": 1140623,
        "access-misps": 814292,
        "access-misp-rate": 0.713901087388208
    }
}