{
    "weight": 0.9999993,
    "stats": {
        "insts": 50000062.06611935,
        "ipc": 1.3519467250977077,
        "cycles": 40240704.74387841,
        "reg-taints": 0.0,
        "mem-taints": 0.0,
        "xmit-taints": 0.0,
        "stalls": 6403526604.204605,
        "access-preds": 13546320.95947907,
        "access-misps": 1542906.2653545856,
        "access-misp-rate": 0.10628244008169573
    }
}