{
    "weight": 1.0000004999999998,
    "stats": {
        "access-misps": 6893.03594098203,
        "loads": 9575967.227870189,
        "access-misp-rate": 0.008849292823672235,
        "insts": 50010514.668794274,
        "cycles": 76815941.39335431,
        "ipc": 0.6827351707118149,
        "stalls": 669431606714.2397,
        "access-preds": 804546.9168325417,
        "reg-taints": 0.0,
        "load-rate": 0.191477983182697,
        "mem-taints": 0.0,
        "xmit-taints": 9774024.271480767
    }
}