{
    "weight": 0.99999978,
    "stats": {
        "insts": 54719004.35598234,
        "ipc": 0.7963824232324931,
        "cycles": 68823304.48080978,
        "reg-taints": 0.0,
        "mem-taints": 0.0,
        "xmit-taints": 3450384.1873354614,
        "stalls": 99083764663.19629,
        "access-preds": 12957600.389561266,
        "access-misps": 1592663.3160544992,
        "access-misp-rate": 0.12280810801257203
    }
}