{
    "weight": 1.0,
    "stats": {
        "access-misp-rate": 0.0,
        "stalls": 0.0,
        "cycles": 28798508.0,
        "ipc": 1.802732,
        "load-rate": 0.12163946541640076,
        "access-preds": 0.0,
        "access-misps": 0.0,
        "loads": 6315034.0,
        "insts": 51915996.0
    }
}