{
    "simpoint": {
        "interval": 89120,
        "weight": 0.021955,
        "waypoints": [
            190452688902,
            190453556279,
            190457771118
        ],
        "name": "5"
    },
    "stats": {
        "insts": 49275873.0,
        "ipc": 0.667321,
        "cycles": 73841363.0,
        "reg-taints": 0.0,
        "mem-taints": 0.0,
        "xmit-taints": 18530815.0,
        "stalls": 1456643500,
        "access-preds": 0,
        "access-misps": 0,
        "access-misp-rate": 0
    }
}