{
    "weight": 0.99999978,
    "stats": {
        "loads": 17771992.89517572,
        "cycles": 117674364.93335156,
        "access-preds": 12957600.083293198,
        "insts": 54719003.96371118,
        "mem-taints": 0.0,
        "ipc": 0.4650580904977799,
        "load-rate": 0.32479769264477676,
        "access-misps": 11757999.025771575,
        "access-misp-rate": 0.9075133458822018,
        "stalls": 412698223479.7634,
        "reg-taints": 0.0,
        "xmit-taints": 3450384.1873354614
    }
}