{
    "simpoint": {
        "interval": 23638,
        "weight": 0.106128,
        "waypoints": [
            36605018398,
            36605339627,
            36606979516
        ],
        "name": "2"
    },
    "stats": {
        "insts": 50000230.0,
        "ipc": 1.081118,
        "cycles": 46248633.0,
        "reg-taints": 0.0,
        "mem-taints": 0.0,
        "xmit-taints": 0.0,
        "stalls": 5107162,
        "access-preds": 14447801,
        "access-misps": 1352,
        "access-misp-rate": 9.357825457313539e-05
    }
}