{
    "simpoint": {
        "interval": 56756,
        "weight": 0.0459802,
        "waypoints": [
            90612428953,
            90612646021,
            90613692640
        ],
        "name": "5"
    },
    "stats": {
        "insts": 51968981.0,
        "ipc": 0.987975,
        "cycles": 52601504.0,
        "reg-taints": 0.0,
        "mem-taints": 0.0,
        "xmit-taints": 2324309.0,
        "loads": 12432771.0,
        "load-rate": 0.23923445795483272,
        "stalls": 30339922874,
        "access-preds": 3799325,
        "access-misps": 246625,
        "access-misp-rate": 0.06491284636086674
    }
}