{
    "simpoint": {
        "interval": 6337,
        "weight": 0.0160066,
        "waypoints": [
            143980617389,
            143984953023,
            144006443864
        ],
        "name": "1"
    },
    "stats": {
        "insts": 50067939.0,
        "ipc": 0.440467,
        "cycles": 113670175.0,
        "reg-taints": 0.0,
        "mem-taints": 0.0,
        "xmit-taints": 22677069.0,
        "stalls": 8669989980,
        "access-preds": 1841208,
        "access-misps": 83025,
        "access-misp-rate": 0.04509267828512585
    }
}