{
    "simpoint": {
        "interval": 668,
        "weight": 0.0957473,
        "waypoints": [
            15211472340,
            15216035563,
            15238938714
        ],
        "name": "0"
    },
    "stats": {
        "insts": 63801706.0,
        "ipc": 0.884905,
        "cycles": 72100081.0,
        "reg-taints": 0.0,
        "mem-taints": 0.0,
        "xmit-taints": 1856976.0,
        "stalls": 50191601624,
        "access-preds": 5702945,
        "access-misps": 469969,
        "access-misp-rate": 0.08240812422353713
    }
}