{
    "simpoint": {
        "interval": 6337,
        "weight": 0.0160066,
        "waypoints": [
            143980617389,
            143984953023,
            144006443864
        ],
        "name": "1"
    },
    "stats": {
        "insts": 63057872.0,
        "ipc": 0.807477,
        "cycles": 78092429.0,
        "reg-taints": 0.0,
        "mem-taints": 0.0,
        "xmit-taints": 5058719.0,
        "loads": 16930570.0,
        "load-rate": 0.26849256822367873,
        "stalls": 49514805573,
        "access-preds": 5142185,
        "access-misps": 612584,
        "access-misp-rate": 0.11912912507037378
    }
}