{
    "simpoint": {
        "interval": 76,
        "weight": 0.00188513,
        "waypoints": [
            669958016,
            672327432,
            684169103
        ],
        "name": "1"
    },
    "stats": {
        "insts": 50000189.0,
        "ipc": 0.831851,
        "cycles": 60107172.0,
        "reg-taints": 0.0,
        "mem-taints": 0.0,
        "xmit-taints": 0.0,
        "stalls": 24484205269,
        "access-preds": 19864658,
        "access-misps": 18024599,
        "access-misp-rate": 0.9073702149818034
    }
}