{
    "weight": 0.9999993,
    "stats": {
        "cycles": 88249686.7366596,
        "access-misp-rate": 0.7890554606511118,
        "access-misps": 518812.96520597563,
        "insts": 50030755.69846309,
        "loads": 12728771.830234284,
        "xmit-taints": 16871864.061275445,
        "mem-taints": 0.0,
        "stalls": 454948797317.40063,
        "ipc": 0.5784458552026986,
        "reg-taints": 0.0,
        "access-preds": 656620.5084529557,
        "load-rate": 0.2544185672298353
    }
}