{
    "weight": 1.0000005280000002,
    "stats": {
        "reg-taints": 0.0,
        "stalls": 26358586.53055014,
        "cycles": 25913406.283361692,
        "access-misp-rate": 0.0038939429754133886,
        "access-misps": 44489.71982640192,
        "xmit-taints": 0.0,
        "access-preds": 7346380.26837523,
        "mem-taints": 0.0,
        "insts": 50000270.198771164,
        "ipc": 1.9365359733123957,
        "loads": 6126250.206422704,
        "load-rate": 0.12252436318897439
    }
}