{
    "simpoint": {
        "interval": 2681,
        "weight": 0.0726879,
        "waypoints": [
            34494367413,
            34496954367,
            34509934671
        ],
        "name": "3"
    },
    "stats": {
        "insts": 49982554.0,
        "ipc": 0.281461,
        "cycles": 177582500.0,
        "reg-taints": 0.0,
        "mem-taints": 0.0,
        "xmit-taints": 24020300.0,
        "loads": 17164907.0,
        "load-rate": 0.34341796539648617,
        "stalls": 774528229375,
        "access-preds": 2701003,
        "access-misps": 2103545,
        "access-misp-rate": 0.7788014304315841
    }
}