{
    "simpoint": {
        "interval": 29586,
        "weight": 0.0362736,
        "waypoints": [
            414697043933,
            414702257168,
            414727434303
        ],
        "name": "4"
    },
    "stats": {
        "insts": 50000058.0,
        "ipc": 0.318432,
        "cycles": 157019547.0,
        "reg-taints": 0.0,
        "mem-taints": 0.0,
        "xmit-taints": 0.0,
        "loads": 19545029.0,
        "load-rate": 0.3909001265558532,
        "stalls": 1583823318237,
        "access-preds": 23452888,
        "access-misps": 1427570,
        "access-misp-rate": 0.06086968905492577
    }
}