{
    "simpoint": {
        "interval": 1090,
        "weight": 0.12072,
        "waypoints": [
            9241524242,
            9242987088,
            9250300669
        ],
        "name": "0"
    },
    "stats": {
        "insts": 50001148.0,
        "ipc": 0.520406,
        "cycles": 96081032.0,
        "reg-taints": 0.0,
        "mem-taints": 0.0,
        "xmit-taints": 6446006.0,
        "loads": 23439907.0,
        "load-rate": 0.4687873766418323,
        "stalls": 2092720019301,
        "access-preds": 797758,
        "access-misps": 667161,
        "access-misp-rate": 0.8362949666440198
    }
}