{
    "weight": 1.00000017,
    "stats": {
        "access-preds": 7078771.562517613,
        "loads": 21960447.305754732,
        "load-rate": 0.33846477521857493,
        "access-misp-rate": 0.586887776366415,
        "xmit-taints": 6100052.780274847,
        "ipc": 0.7476968099972923,
        "reg-taints": 0.0,
        "insts": 64992975.375257924,
        "access-misps": 4042323.2663272545,
        "mem-taints": 0.0,
        "stalls": 63953232930.39438,
        "cycles": 96823573.03651369
    }
}