{
    "simpoint": {
        "interval": 32433,
        "weight": 0.18707,
        "waypoints": [
            504049481937,
            504052624647,
            504068434214
        ],
        "name": "6"
    },
    "stats": {
        "insts": 60363386.0,
        "ipc": 1.320584,
        "cycles": 45709609.0,
        "reg-taints": 0.0,
        "mem-taints": 0.0,
        "xmit-taints": 2322495.0,
        "stalls": 16797865449,
        "access-preds": 3625397,
        "access-misps": 133720,
        "access-misp-rate": 0.03688423640224781
    }
}