{
    "weight": 0.999999552,
    "stats": {
        "insts": 55678062.14225138,
        "ipc": 1.420243656931506,
        "cycles": 42525026.289795,
        "reg-taints": 0.0,
        "mem-taints": 0.0,
        "xmit-taints": 3608090.504527926,
        "stalls": 87297616435.02124,
        "access-preds": 6430225.357604964,
        "access-misps": 266288.310406743,
        "access-misp-rate": 0.036528959958217845
    }
}