{
    "simpoint": {
        "interval": 14696,
        "weight": 0.241658,
        "waypoints": [
            117669201327,
            117670773489,
            117678497461
        ],
        "name": "5"
    },
    "stats": {
        "insts": 50028329.0,
        "ipc": 0.821548,
        "cycles": 60895195.0,
        "pub-annot-reg-rate": NaN,
        "pub-annot-load-rate": NaN,
        "pub-annot-load-count": 0.0,
        "annot-load-count": 0.0,
        "prot-regs": 65970372.0,
        "unprot-regs": 34390823.0,
        "loads": 12452716.0,
        "load-rate": 0.2489132907077508,
        "stalls": 322317090500,
        "access-preds": 0,
        "access-misps": 0,
        "access-misp-rate": 0,
        "unprot-regs-inst": 0.6874269776230183,
        "unprot-regs-rate": 0.34267052121091224
    }
}