{
    "simpoint": {
        "interval": 22721,
        "weight": 0.144018,
        "waypoints": [
            288696368461,
            288698887821,
            288711572167
        ],
        "name": "8"
    },
    "stats": {
        "insts": 54667197.0,
        "ipc": 0.811531,
        "cycles": 67363030.0,
        "reg-taints": 0.0,
        "mem-taints": 0.0,
        "xmit-taints": 3493006.0,
        "stalls": 96936327904,
        "access-preds": 12999404,
        "access-misps": 1483407,
        "access-misp-rate": 0.11411346243258537
    }
}