{
    "simpoint": {
        "interval": 32433,
        "weight": 0.18707,
        "waypoints": [
            504049481937,
            504052624647,
            504068434214
        ],
        "name": "6"
    },
    "stats": {
        "insts": 60363386.0,
        "ipc": 1.311778,
        "cycles": 46016465.0,
        "reg-taints": 0.0,
        "mem-taints": 0.0,
        "xmit-taints": 2322495.0,
        "stalls": 18238180184,
        "access-preds": 3625397,
        "access-misps": 414834,
        "access-misp-rate": 0.11442443406887577
    }
}