{
    "simpoint": {
        "interval": 908,
        "weight": 0.0694995,
        "waypoints": [
            14066695134,
            14069716101,
            14084752322
        ],
        "name": "1"
    },
    "stats": {
        "insts": 50068389.0,
        "ipc": 0.545293,
        "cycles": 91819282.0,
        "reg-taints": 0.0,
        "mem-taints": 0.0,
        "xmit-taints": 17153616.0,
        "stalls": 6839035836,
        "access-preds": 1212382,
        "access-misps": 57337,
        "access-misp-rate": 0.04729284994333469
    }
}