{
    "weight": 0.9999989000000001,
    "stats": {
        "insts": 50000033.14264095,
        "ipc": 1.4627838540227394,
        "cycles": 34209383.57760273,
        "reg-taints": 0.0,
        "mem-taints": 0.0,
        "xmit-taints": 0.0,
        "stalls": 3721265579.480787,
        "access-preds": 14982818.48984984,
        "access-misps": 398329.28984911874,
        "access-misp-rate": 0.02659675047693646
    }
}