{
    "simpoint": {
        "interval": 39859,
        "weight": 0.212529,
        "waypoints": [
            391499302195,
            391501655814,
            391512639171
        ],
        "name": "6"
    },
    "stats": {
        "insts": 56763497.0,
        "ipc": 0.872873,
        "cycles": 65030661.0,
        "reg-taints": 0.0,
        "mem-taints": 0.0,
        "xmit-taints": 1473585.0,
        "stalls": 70044249235,
        "access-preds": 8064441,
        "access-misps": 7100739,
        "access-misp-rate": 0.8804998387364976
    }
}