{
    "weight": 1.00000036,
    "stats": {
        "access-misps": 941381.2916769949,
        "reg-taints": 0.0,
        "access-misp-rate": 0.16830683343563843,
        "insts": 50029464.18225667,
        "load-rate": 0.34507429084065105,
        "access-preds": 4567433.857456311,
        "mem-taints": 0.0,
        "loads": 17263625.74776797,
        "cycles": 110385628.17865394,
        "xmit-taints": 19040130.83557132,
        "ipc": 0.4794268114265678,
        "stalls": 2736902329272.1304
    }
}