{
    "simpoint": {
        "interval": 242165,
        "weight": 0.00068814,
        "waypoints": [
            3006022118173,
            3006023067163,
            3006030888758
        ],
        "name": "3"
    },
    "stats": {
        "insts": 50000148.0,
        "ipc": 1.327518,
        "cycles": 37664373.0,
        "reg-taints": 0.0,
        "mem-taints": 0.0,
        "xmit-taints": 0.0,
        "stalls": 102184443009,
        "access-preds": 4047958,
        "access-misps": 149911,
        "access-misp-rate": 0.037033734045659565
    }
}