{
    "simpoint": {
        "interval": 390343,
        "weight": 0.0884425,
        "waypoints": [
            669216927960,
            669217774411,
            669222588646
        ],
        "name": "4"
    },
    "stats": {
        "insts": 50543038.0,
        "ipc": 1.195363,
        "cycles": 42282581.0,
        "reg-taints": 0.0,
        "mem-taints": 0.0,
        "xmit-taints": 1174697.0,
        "loads": 19401257.0,
        "load-rate": 0.3838561702602839,
        "stalls": 585354912800,
        "access-preds": 1751045,
        "access-misps": 57970,
        "access-misp-rate": 0.03310594530694528
    }
}