{
    "simpoint": {
        "interval": 1136,
        "weight": 0.00144009,
        "waypoints": [
            9667903902,
            9671237276,
            9687904128
        ],
        "name": "2"
    },
    "stats": {
        "insts": 50001101.0,
        "ipc": 0.344298,
        "cycles": 145226204.0,
        "reg-taints": 0.0,
        "mem-taints": 0.0,
        "xmit-taints": 310.0,
        "stalls": 8714401
    }
}