{
    "simpoint": {
        "interval": 6816,
        "weight": 0.0972148,
        "waypoints": [
            68203212738,
            68207349952,
            68235494920
        ],
        "name": "1"
    },
    "stats": {
        "insts": 50000588.0,
        "ipc": 0.514417,
        "cycles": 97198618.0,
        "reg-taints": 0.0,
        "mem-taints": 0.0,
        "xmit-taints": 29419963.0,
        "loads": 11695059.0,
        "load-rate": 0.2338984293544708,
        "stalls": 986595175478,
        "access-preds": 642128,
        "access-misps": 83481,
        "access-misp-rate": 0.13000678992350434
    }
}