{
    "simpoint": {
        "interval": 22377,
        "weight": 0.227606,
        "waypoints": [
            520541835962,
            520546619243,
            520570544851
        ],
        "name": "4"
    },
    "stats": {
        "insts": 50000021.0,
        "ipc": 1.13786,
        "cycles": 43942141.0,
        "reg-taints": 0.0,
        "mem-taints": 0.0,
        "xmit-taints": 0.0,
        "loads": 14644410.0,
        "load-rate": 0.29288807698700764,
        "stalls": 2309132648,
        "access-preds": 17580594,
        "access-misps": 387257,
        "access-misp-rate": 0.022027526487444053
    }
}