{
    "weight": 1.0000005280000002,
    "stats": {
        "insts": 50023157.79245155,
        "ipc": 0.9610997086747297,
        "cycles": 54058975.13288728,
        "reg-taints": 0.0,
        "mem-taints": 0.0,
        "xmit-taints": 13908068.299960995,
        "stalls": 1008279367.1389983,
        "access-preds": 150555.32553094608,
        "access-misps": 14567.5986705799,
        "access-misp-rate": 0.017351469152410193
    }
}