{
    "simpoint": {
        "interval": 2681,
        "weight": 0.0726879,
        "waypoints": [
            34494367413,
            34496954367,
            34509934671
        ],
        "name": "3"
    },
    "stats": {
        "insts": 50000066.0,
        "ipc": 0.86543,
        "cycles": 57774856.0,
        "reg-taints": 0.0,
        "mem-taints": 0.0,
        "xmit-taints": 0.0,
        "stalls": 29906960501,
        "access-preds": 20599255,
        "access-misps": 18143269,
        "access-misp-rate": 0.8807730667929495
    }
}