{
    "simpoint": {
        "interval": 908,
        "weight": 0.0694995,
        "waypoints": [
            14066695134,
            14069716101,
            14084752322
        ],
        "name": "1"
    },
    "stats": {
        "insts": 59906079.0,
        "ipc": 1.587181,
        "cycles": 37743709.0,
        "reg-taints": 0.0,
        "mem-taints": 0.0,
        "xmit-taints": 2347374.0,
        "loads": 15446865.0,
        "load-rate": 0.2578513776540107,
        "stalls": 2730728108,
        "access-preds": 3722217,
        "access-misps": 130184,
        "access-misp-rate": 0.034974855039348864
    }
}