{
    "simpoint": {
        "interval": 5528,
        "weight": 0.0686679,
        "waypoints": [
            44468713015,
            44470464992,
            44479206863
        ],
        "name": "2"
    },
    "stats": {
        "insts": 54072574.0,
        "ipc": 1.055376,
        "cycles": 51235386.0,
        "reg-taints": 0.0,
        "mem-taints": 0.0,
        "xmit-taints": 1729795.0,
        "stalls": 38366570320,
        "access-preds": 7285775,
        "access-misps": 654325,
        "access-misp-rate": 0.08980856532077919
    }
}