{
    "simpoint": {
        "interval": 8330,
        "weight": 0.00348875,
        "waypoints": [
            102257056404,
            102260422375,
            102278759114
        ],
        "name": "2"
    },
    "stats": {
        "insts": 55147811.0,
        "ipc": 0.960331,
        "cycles": 57425839.0,
        "reg-taints": 0.0,
        "mem-taints": 0.0,
        "xmit-taints": 11305918.0,
        "loads": 13913518.0,
        "load-rate": 0.25229501856383746,
        "stalls": 16510526914,
        "access-preds": 6829363,
        "access-misps": 6293498,
        "access-misp-rate": 0.921535141710874
    }
}