{
    "simpoint": {
        "interval": 22721,
        "weight": 0.144018,
        "waypoints": [
            288696368461,
            288698887821,
            288711572167
        ],
        "name": "8"
    },
    "stats": {
        "insts": 54667197.0,
        "ipc": 0.670375,
        "cycles": 81547164.0,
        "reg-taints": 0.0,
        "mem-taints": 0.0,
        "xmit-taints": 3493006.0,
        "stalls": 243329162000,
        "access-preds": 12999404,
        "access-misps": 11829483,
        "access-misp-rate": 0.9100019508586701
    }
}