{
    "simpoint": {
        "interval": 3585,
        "weight": 0.134108,
        "waypoints": [
            33454489991,
            33456525914,
            33466700112
        ],
        "name": "2"
    },
    "stats": {
        "insts": 53634428.0,
        "ipc": 0.981262,
        "cycles": 54658629.0,
        "reg-taints": 0.0,
        "mem-taints": 0.0,
        "xmit-taints": 4294245.0,
        "stalls": 93533486744,
        "access-preds": 14346506,
        "access-misps": 7754267,
        "access-misp-rate": 0.5404986412719585
    }
}