{
    "simpoint": {
        "interval": 5955,
        "weight": 0.114242,
        "waypoints": [
            47879211692,
            47881048665,
            47889161106
        ],
        "name": "3"
    },
    "stats": {
        "insts": 54078479.0,
        "ipc": 1.259181,
        "cycles": 42947327.0,
        "reg-taints": 0.0,
        "mem-taints": 0.0,
        "xmit-taints": 1585443.0,
        "loads": 13503586.0,
        "load-rate": 0.24970350959759796,
        "stalls": 57833399808,
        "access-preds": 6293559,
        "access-misps": 740692,
        "access-misp-rate": 0.11769048323849828
    }
}