{
    "simpoint": {
        "interval": 32433,
        "weight": 0.18707,
        "waypoints": [
            504049475799,
            504052618509,
            504068428076
        ],
        "name": "6"
    },
    "stats": {
        "insts": 60363386.0,
        "ipc": 1.302579,
        "cycles": 46341450.0,
        "reg-taints": 0.0,
        "mem-taints": 0.0,
        "xmit-taints": 2519069.0,
        "loads": 15309468.0,
        "load-rate": 0.2536217567384308,
        "stalls": 15473426697,
        "access-preds": 3625397,
        "access-misps": 135733,
        "access-misp-rate": 0.037439485937678
    }
}