{
    "weight": 1.0000005280000002,
    "stats": {
        "stalls": 0.0,
        "access-preds": 0.0,
        "ipc": 1.9363738173959721,
        "access-misp-rate": 0.0,
        "insts": 50000269.45269475,
        "load-rate": 0.12252435849316694,
        "cycles": 25915791.224842537,
        "access-misps": 0.0,
        "loads": 6126249.78009333
    }
}