{
    "simpoint": {
        "interval": 26494,
        "weight": 0.14016,
        "waypoints": [
            411545968218,
            411548971522,
            411564076503
        ],
        "name": "5"
    },
    "stats": {
        "insts": 50082222.0,
        "ipc": 0.526319,
        "cycles": 95155705.0,
        "reg-taints": 0.0,
        "mem-taints": 0.0,
        "xmit-taints": 17186372.0,
        "stalls": 9780592390,
        "access-preds": 1170027,
        "access-misps": 61513,
        "access-misp-rate": 0.05257400042904993
    }
}