{
    "weight": 0.9999996,
    "stats": {
        "insts": 50003383.39961786,
        "stalls": 190183233945.31653,
        "access-preds": 22262629.060959626,
        "cycles": 43441865.63505605,
        "mem-taints": 0.0,
        "access-misps": 16708333.311266225,
        "access-misp-rate": 0.7723320011675798,
        "ipc": 1.1532953105288242,
        "xmit-taints": 0.0,
        "reg-taints": 0.0,
        "loads": 18787223.386416856,
        "load-rate": 0.3757099656045994
    }
}