{
    "simpoint": {
        "interval": 9883,
        "weight": 0.0988081,
        "waypoints": [
            223086439930,
            223089436129,
            223105157981
        ],
        "name": "1"
    },
    "stats": {
        "insts": 49993110.0,
        "ipc": 1.16504,
        "cycles": 42911064.0,
        "loads": 12196765.0,
        "load-rate": 0.24396891891702677,
        "stalls": 0,
        "access-preds": 0,
        "access-misps": 0,
        "access-misp-rate": 0
    }
}