{
    "simpoint": {
        "interval": 26494,
        "weight": 0.14016,
        "waypoints": [
            411545968218,
            411548971522,
            411564076503
        ],
        "name": "5"
    },
    "stats": {
        "insts": 59231515.0,
        "ipc": 1.376199,
        "cycles": 43039943.0,
        "reg-taints": 0.0,
        "mem-taints": 0.0,
        "xmit-taints": 2432080.0,
        "loads": 15268193.0,
        "load-rate": 0.2577714414362017,
        "stalls": 14751508897,
        "access-preds": 3802027,
        "access-misps": 136739,
        "access-misp-rate": 0.03596476300668038
    }
}