{
    "simpoint": {
        "interval": 29586,
        "weight": 0.0362736,
        "waypoints": [
            414697043933,
            414702257168,
            414727434303
        ],
        "name": "4"
    },
    "stats": {
        "insts": 50000056.0,
        "ipc": 0.358128,
        "cycles": 139614879.0,
        "reg-taints": 0.0,
        "mem-taints": 0.0,
        "xmit-taints": 0.0,
        "stalls": 845366614586,
        "access-preds": 23452888,
        "access-misps": 39623,
        "access-misp-rate": 0.0016894721025402075
    }
}