{
    "simpoint": {
        "interval": 8330,
        "weight": 0.00348875,
        "waypoints": [
            102257062562,
            102260428533,
            102278767931
        ],
        "name": "2"
    },
    "stats": {
        "insts": 50000015.0,
        "ipc": 1.621259,
        "cycles": 30840235.0,
        "reg-taints": 0.0,
        "mem-taints": 0.0,
        "xmit-taints": 0.0,
        "stalls": 3043819155,
        "access-preds": 16079710,
        "access-misps": 605966,
        "access-misp-rate": 0.03768513238111881
    }
}