{
    "weight": 1.00000015,
    "stats": {
        "insts": 50000050.0249423,
        "ipc": 0.8083332978504053,
        "cycles": 62552001.87960737,
        "reg-taints": 0.0,
        "mem-taints": 0.0,
        "xmit-taints": 0.0,
        "stalls": 2540367757.2928295,
        "access-preds": 17204940.87271447,
        "access-misps": 561206.8961586156,
        "access-misp-rate": 0.033423655330362304
    }
}