{
    "simpoint": {
        "interval": 2591,
        "weight": 0.116781,
        "waypoints": [
            3821921351,
            3822241817,
            3823665734
        ],
        "name": "0"
    },
    "stats": {
        "insts": 50000110.0,
        "ipc": 0.899128,
        "cycles": 55609577.0,
        "reg-taints": 0.0,
        "mem-taints": 0.0,
        "xmit-taints": 0.0,
        "stalls": 18763959119,
        "access-preds": 14360026,
        "access-misps": 1204931,
        "access-misp-rate": 0.0839086920873263
    }
}