{
    "simpoint": {
        "interval": 1152,
        "weight": 0.208004,
        "waypoints": [
            13476694644,
            13479353781,
            13492293793
        ],
        "name": "1"
    },
    "stats": {
        "insts": 50000246.0,
        "ipc": 0.889225,
        "cycles": 56229046.0,
        "reg-taints": 0.0,
        "mem-taints": 0.0,
        "xmit-taints": 6263672.0,
        "loads": 8427827.0,
        "load-rate": 0.16855571070590333,
        "stalls": 386127295968,
        "access-preds": 841026,
        "access-misps": 840943,
        "access-misp-rate": 0.999901311017733
    }
}