{
    "weight": 0.9999996,
    "stats": {
        "load-rate": 0.37570996150555686,
        "cycles": 40232473.67789767,
        "loads": 18787223.208215784,
        "reg-taints": 0.0,
        "ipc": 1.244419212824085,
        "access-misps": 380488.9017044607,
        "insts": 50003383.47288289,
        "access-misp-rate": 0.016413396862629055,
        "xmit-taints": 0.0,
        "access-preds": 22262628.882758554,
        "stalls": 1271689994.7191896,
        "mem-taints": 0.0
    }
}