{
    "simpoint": {
        "interval": 4201,
        "weight": 0.162721,
        "waypoints": [
            49341201658,
            49343552511,
            49354808696
        ],
        "name": "4"
    },
    "stats": {
        "insts": 50000100.0,
        "ipc": 1.975309,
        "cycles": 25312540.0,
        "reg-taints": 0.0,
        "mem-taints": 0.0,
        "xmit-taints": 0.0,
        "loads": 10245268.0,
        "load-rate": 0.20490495019009963,
        "stalls": 26217377500,
        "access-preds": 12295169,
        "access-misps": 11576001,
        "access-misp-rate": 0.9415080833781138
    }
}