{
    "weight": 0.9999993,
    "stats": {
        "insts": 51432898.296332,
        "ipc": 1.4460351993463396,
        "cycles": 38263151.12213079,
        "stalls": 0.0
    }
}