{
    "simpoint": {
        "interval": 390343,
        "weight": 0.0884425,
        "waypoints": [
            669216927960,
            669217774411,
            669222588646
        ],
        "name": "4"
    },
    "stats": {
        "insts": 50001263.0,
        "ipc": 0.337307,
        "cycles": 148236854.0,
        "reg-taints": 0.0,
        "mem-taints": 0.0,
        "xmit-taints": 26128886.0,
        "loads": 19341308.0,
        "load-rate": 0.3868163890180134,
        "stalls": 4669788857446,
        "access-preds": 720069,
        "access-misps": 200621,
        "access-misp-rate": 0.27861357730995223
    }
}