{
    "weight": 0.9999989000000001,
    "stats": {
        "insts": 59904132.01991891,
        "ipc": 1.3391179590775548,
        "cycles": 44778183.25103837,
        "reg-taints": 0.0,
        "mem-taints": 0.0,
        "xmit-taints": 2312791.94547974,
        "stalls": 18205219846.35735,
        "access-preds": 3669426.7331985063,
        "access-misps": 350608.7691487461,
        "access-misp-rate": 0.09571231614577799
    }
}