{
    "simpoint": {
        "interval": 43021,
        "weight": 0.0217599,
        "waypoints": [
            622302562834,
            622307277140,
            622330873622
        ],
        "name": "7"
    },
    "stats": {
        "insts": 50000071.0,
        "ipc": 0.33231,
        "cycles": 150462082.0,
        "reg-taints": 0.0,
        "mem-taints": 0.0,
        "xmit-taints": 0.0,
        "stalls": 777499641538,
        "access-preds": 23124026,
        "access-misps": 1149113,
        "access-misp-rate": 0.04969346600803857
    }
}