{
    "simpoint": {
        "interval": 4587,
        "weight": 0.207065,
        "waypoints": [
            53795215388,
            53797694147,
            53810119551
        ],
        "name": "5"
    },
    "stats": {
        "insts": 50000094.0,
        "ipc": 1.753504,
        "cycles": 28514383.0,
        "reg-taints": 0.0,
        "mem-taints": 0.0,
        "xmit-taints": 0.0,
        "stalls": 1986420610,
        "access-preds": 10646676,
        "access-misps": 496309,
        "access-misp-rate": 0.0466163335861822
    }
}