{
    "weight": 0.99999985,
    "stats": {
        "insts": 50000162.49704282,
        "ipc": 0.27505936868600533,
        "cycles": 194415536.62176648,
        "reg-taints": 0.0,
        "mem-taints": 0.0,
        "xmit-taints": 0.0,
        "stalls": 10638562453.463814,
        "access-preds": 18176546.645231348,
        "access-misps": 296485.0323390548,
        "access-misp-rate": 0.016297772144613396
    }
}