{
    "simpoint": {
        "interval": 1033,
        "weight": 0.0814159,
        "waypoints": [
            2471298203,
            2471667031,
            2475266922
        ],
        "name": "0"
    },
    "stats": {
        "insts": 50020927.0,
        "ipc": 1.312971,
        "cycles": 38097497.0,
        "reg-taints": 0.0,
        "mem-taints": 0.0,
        "xmit-taints": 63405.0,
        "loads": 17978118.0,
        "load-rate": 0.35941193173009367,
        "stalls": 343712057091,
        "access-preds": 4847606,
        "access-misps": 1243243,
        "access-misp-rate": 0.25646535630164663
    }
}