{
    "simpoint": {
        "interval": 26494,
        "weight": 0.14016,
        "waypoints": [
            411545962080,
            411548965384,
            411564070365
        ],
        "name": "5"
    },
    "stats": {
        "insts": 50000050.0,
        "ipc": 1.105094,
        "cycles": 45245084.0,
        "reg-taints": 0.0,
        "mem-taints": 0.0,
        "xmit-taints": 0.0,
        "loads": 12694394.0,
        "load-rate": 0.25388762611237387,
        "stalls": 2275482749,
        "access-preds": 15243523,
        "access-misps": 15015164,
        "access-misp-rate": 0.9850192767118204
    }
}