{
    "simpoint": {
        "interval": 480886,
        "weight": 0.00744026,
        "waypoints": [
            824162100402,
            824162490489,
            824167077920
        ],
        "name": "5"
    },
    "stats": {
        "insts": 50013256.0,
        "ipc": 0.561028,
        "cycles": 89145720.0,
        "reg-taints": 0.0,
        "mem-taints": 0.0,
        "xmit-taints": 624589.0,
        "loads": 11198395.0,
        "load-rate": 0.22390853736857286,
        "stalls": 80909021772,
        "access-preds": 3516585,
        "access-misps": 11720,
        "access-misp-rate": 0.003332778818086297
    }
}