{
    "weight": 0.99999985,
    "stats": {
        "access-preds": 0.050249007537351134,
        "insts": 50000162.16376268,
        "mem-taints": 0.0,
        "access-misps": 0.025124503768675567,
        "xmit-taints": 10626793.757904861,
        "ipc": 0.269875693386204,
        "stalls": 1231349292678.639,
        "access-misp-rate": 0.012562251884337784,
        "reg-taints": 0.0,
        "cycles": 196682795.1977522,
        "loads": 15141099.207275983,
        "load-rate": 0.3028210054838544
    }
}