{
    "simpoint": {
        "interval": 9839,
        "weight": 0.105046,
        "waypoints": [
            151815990500,
            151819197846,
            151835419412
        ],
        "name": "2"
    },
    "stats": {
        "insts": 50000025.0,
        "ipc": 1.458953,
        "cycles": 34271164.0,
        "reg-taints": 0.0,
        "mem-taints": 0.0,
        "xmit-taints": 0.0,
        "loads": 12116700.0,
        "load-rate": 0.2423338788330606,
        "stalls": 277516959,
        "access-preds": 14561317,
        "access-misps": 182194,
        "access-misp-rate": 0.012512192406771998
    }
}