{
    "simpoint": {
        "interval": 32813,
        "weight": 0.0318631,
        "waypoints": [
            319537462116,
            319540160844,
            319553586348
        ],
        "name": "4"
    },
    "stats": {
        "insts": 50000033.0,
        "ipc": 0.474539,
        "cycles": 105365548.0,
        "reg-taints": 0.0,
        "mem-taints": 0.0,
        "xmit-taints": 0.0,
        "loads": 17989984.0,
        "load-rate": 0.35979944253236795,
        "stalls": 97475432566,
        "access-preds": 21601619,
        "access-misps": 118545,
        "access-misp-rate": 0.00548778311477487
    }
}