{
    "simpoint": {
        "interval": 1726,
        "weight": 0.0593762,
        "waypoints": [
            20222950045,
            20223932455,
            20237556001
        ],
        "name": "3"
    },
    "stats": {
        "insts": 50000209.0,
        "ipc": 1.709278,
        "cycles": 29252243.0,
        "reg-taints": 0.0,
        "mem-taints": 0.0,
        "xmit-taints": 0.0,
        "loads": 9980516.0,
        "load-rate": 0.19960948563235006,
        "stalls": 19754645183,
        "access-preds": 12468517,
        "access-misps": 331080,
        "access-misp-rate": 0.026553278148475877
    }
}