{
    "weight": 1.0000005280000002,
    "stats": {
        "insts": 50172463.68061599,
        "ipc": 1.1320661218576695,
        "cycles": 44331595.65726013,
        "reg-taints": 0.0,
        "mem-taints": 0.0,
        "xmit-taints": 2141042.6508468585,
        "stalls": 41924857.59341807,
        "access-preds": 6660872.967086771,
        "access-misps": 21750.909547643754,
        "access-misp-rate": 0.002297762479928997
    }
}