{
    "simpoint": {
        "interval": 52123,
        "weight": 0.310505,
        "waypoints": [
            82623635599,
            82623985801,
            82625786525
        ],
        "name": "4"
    },
    "stats": {
        "insts": 50294336.0,
        "ipc": 1.147771,
        "cycles": 43819144.0,
        "loads": 12601326.0,
        "load-rate": 0.25055159292688545,
        "stalls": 0,
        "access-preds": 0,
        "access-misps": 0,
        "access-misp-rate": 0
    }
}