{
    "simpoint": {
        "interval": 3585,
        "weight": 0.134108,
        "waypoints": [
            33454489991,
            33456525914,
            33466700112
        ],
        "name": "2"
    },
    "stats": {
        "insts": 50000033.0,
        "ipc": 0.451059,
        "cycles": 110850288.0,
        "pub-annot-reg-rate": NaN,
        "pub-annot-load-rate": NaN,
        "pub-annot-load-count": 0.0,
        "annot-load-count": 0.0,
        "prot-regs": 79503870.0,
        "unprot-regs": 36579915.0,
        "stalls": 0,
        "access-preds": 0,
        "access-misps": 0,
        "access-misp-rate": 0,
        "unprot-regs-inst": 0.7315978171454407,
        "unprot-regs-rate": 0.3151164910758208
    }
}