{
    "weight": 1.0000000999999998,
    "stats": {
        "insts": 64194071.51716816,
        "ipc": 0.9007771034452897,
        "cycles": 71273716.63038285,
        "reg-taints": 0.0,
        "mem-taints": 0.0,
        "xmit-taints": 1825533.0006816003,
        "stalls": 48495793633.25227,
        "access-preds": 5989364.4649306545,
        "access-misps": 304638.5981357402,
        "access-misp-rate": 0.05096654441890929
    }
}