{
    "simpoint": {
        "interval": 88330,
        "weight": 0.0564765,
        "waypoints": [
            1467833091303,
            1467834869888,
            1467841370580
        ],
        "name": "6"
    },
    "stats": {
        "insts": 52208503.0,
        "ipc": 0.996152,
        "cycles": 52410180.0,
        "reg-taints": 0.0,
        "mem-taints": 0.0,
        "xmit-taints": 1982396.0,
        "loads": 7262843.0,
        "load-rate": 0.1391122629967,
        "stalls": 7331587223,
        "access-preds": 436075,
        "access-misps": 3362,
        "access-misp-rate": 0.0077096829673794645
    }
}