{
    "simpoint": {
        "interval": 88330,
        "weight": 0.0564765,
        "waypoints": [
            1473827797215,
            1473829575800,
            1473836076492
        ],
        "name": "6"
    },
    "stats": {
        "insts": 50000101.0,
        "ipc": 1.255223,
        "cycles": 39833649.0,
        "reg-taints": 0.0,
        "mem-taints": 0.0,
        "xmit-taints": 0.0,
        "stalls": 1460241559,
        "access-preds": 8620233,
        "access-misps": 565090,
        "access-misp-rate": 0.06555391252185411
    }
}