{
    "simpoint": {
        "interval": 36783,
        "weight": 0.106592,
        "waypoints": [
            1002615081151,
            1002620102085,
            1002646707348
        ],
        "name": "9"
    },
    "stats": {
        "insts": 50000169.0,
        "ipc": 1.385312,
        "cycles": 36093086.0,
        "loads": 17988223.0,
        "load-rate": 0.3597632440002353,
        "stalls": 0,
        "access-preds": 0,
        "access-misps": 0,
        "access-misp-rate": 0
    }
}