{
    "simpoint": {
        "interval": 43021,
        "weight": 0.0217599,
        "waypoints": [
            622302562834,
            622307277140,
            622330873622
        ],
        "name": "7"
    },
    "stats": {
        "insts": 51759838.0,
        "ipc": 0.280511,
        "cycles": 184519709.0,
        "reg-taints": 0.0,
        "mem-taints": 0.0,
        "xmit-taints": 2401073.0,
        "loads": 19279234.0,
        "load-rate": 0.3724747747471698,
        "stalls": 834432255249,
        "access-preds": 10252147,
        "access-misps": 4746265,
        "access-misp-rate": 0.46295327212924275
    }
}