{
    "simpoint": {
        "interval": 29069,
        "weight": 0.24349,
        "waypoints": [
            679799077298,
            679803832986,
            679827701512
        ],
        "name": "5"
    },
    "stats": {
        "insts": 50026828.0,
        "ipc": 0.424029,
        "cycles": 117979842.0,
        "reg-taints": 0.0,
        "mem-taints": 0.0,
        "xmit-taints": 20812096.0,
        "stalls": 42342615669,
        "access-preds": 1898258,
        "access-misps": 1751961,
        "access-misp-rate": 0.9229309187686816
    }
}