{
    "simpoint": {
        "interval": 506558,
        "weight": 0.196927,
        "waypoints": [
            867979772888,
            867980579283,
            867981798283
        ],
        "name": "8"
    },
    "stats": {
        "insts": 50823942.0,
        "ipc": 1.039376,
        "cycles": 48898491.0,
        "reg-taints": 0.0,
        "mem-taints": 0.0,
        "xmit-taints": 961322.0,
        "loads": 15218076.0,
        "load-rate": 0.2994273053436115,
        "stalls": 21333368054,
        "access-preds": 9445220,
        "access-misps": 71764,
        "access-misp-rate": 0.007597917253383193
    }
}