{
    "simpoint": {
        "interval": 10502,
        "weight": 0.0649377,
        "waypoints": [
            151694490622,
            151698270238,
            151719385844
        ],
        "name": "3"
    },
    "stats": {
        "insts": 52969831.0,
        "ipc": 1.441634,
        "cycles": 36742911.0,
        "reg-taints": 0.0,
        "mem-taints": 0.0,
        "xmit-taints": 10961709.0,
        "stalls": 16317048759,
        "access-preds": 4768825,
        "access-misps": 611518,
        "access-misp-rate": 0.1282324262265862
    }
}