{
    "simpoint": {
        "interval": 363772,
        "weight": 0.323049,
        "waypoints": [
            623733273765,
            623733494322,
            623734589273
        ],
        "name": "2"
    },
    "stats": {
        "insts": 50018876.0,
        "ipc": 0.443581,
        "cycles": 112761596.0,
        "reg-taints": 0.0,
        "mem-taints": 0.0,
        "xmit-taints": 17962345.0,
        "loads": 20057974.0,
        "load-rate": 0.4010080914253251,
        "stalls": 2981343119818,
        "access-preds": 5463140,
        "access-misps": 5121160,
        "access-misp-rate": 0.9374022997763191
    }
}