{
    "weight": 0.99999978,
    "stats": {
        "insts": 54719004.89872546,
        "ipc": 0.814058495359759,
        "cycles": 67324129.85170117,
        "reg-taints": 0.0,
        "mem-taints": 0.0,
        "xmit-taints": 3450384.1873354614,
        "stalls": 87550763519.17525,
        "access-preds": 12957600.468386283,
        "access-misps": 534721.6013928024,
        "access-misp-rate": 0.041234392300060055
    }
}