{
    "simpoint": {
        "interval": 29806,
        "weight": 0.283652,
        "waypoints": [
            543529764312,
            543533131560,
            543549661026
        ],
        "name": "2"
    },
    "stats": {
        "insts": 50000038.0,
        "ipc": 1.12322,
        "cycles": 44514891.0,
        "reg-taints": 0.0,
        "mem-taints": 0.0,
        "xmit-taints": 0.0,
        "loads": 12031800.0,
        "load-rate": 0.240635817116779,
        "stalls": 8227668750,
        "access-preds": 14448682,
        "access-misps": 13260925,
        "access-misp-rate": 0.9177947857112504
    }
}