{
    "simpoint": {
        "interval": 3752,
        "weight": 0.0568152,
        "waypoints": [
            30283834112,
            30285417422,
            30293363516
        ],
        "name": "1"
    },
    "stats": {
        "insts": 50000033.0,
        "ipc": 1.667522,
        "cycles": 29984625.0,
        "reg-taints": 0.0,
        "mem-taints": 0.0,
        "xmit-taints": 0.0,
        "loads": 12576083.0,
        "load-rate": 0.25152149399581397,
        "stalls": 76548789500,
        "access-preds": 15085058,
        "access-misps": 15030450,
        "access-misp-rate": 0.9963799940311797
    }
}