{
    "simpoint": {
        "interval": 706,
        "weight": 0.000253552,
        "waypoints": [
            6587638952,
            6592243535,
            6615582768
        ],
        "name": "0"
    },
    "stats": {
        "insts": 50000015.0,
        "ipc": 0.336019,
        "cycles": 148801220.0,
        "reg-taints": 0.0,
        "mem-taints": 0.0,
        "xmit-taints": 31782793.0,
        "loads": 16736840.0,
        "load-rate": 0.3347366995789901,
        "stalls": 400624401000,
        "access-preds": 300616,
        "access-misps": 13965,
        "access-misp-rate": 0.04645461319424116
    }
}