{
    "simpoint": {
        "interval": 12227,
        "weight": 0.107771,
        "waypoints": [
            190884791740,
            190888375851,
            190913417170
        ],
        "name": "5"
    },
    "stats": {
        "insts": 51197450.0,
        "ipc": 1.429932,
        "cycles": 35804120.0,
        "reg-taints": 0.0,
        "mem-taints": 0.0,
        "xmit-taints": 13062123.0,
        "stalls": 1541652842,
        "access-preds": 6892966,
        "access-misps": 442663,
        "access-misp-rate": 0.06421952465745515
    }
}