{
    "weight": 0.99999985,
    "stats": {
        "insts": 50000164.42166931,
        "ipc": 0.27331707040581055,
        "cycles": 194519087.3133725,
        "reg-taints": 0.0,
        "mem-taints": 0.0,
        "xmit-taints": 1581.5839052375857,
        "stalls": 138644608049.39078,
        "access-preds": 5093185.118676668,
        "access-misps": 2487896.185716778,
        "access-misp-rate": 0.4925051886994276
    }
}