{
    "simpoint": {
        "interval": 37395,
        "weight": 0.007839,
        "waypoints": [
            364121378550,
            364123554746,
            364135261781
        ],
        "name": "5"
    },
    "stats": {
        "insts": 52370079.0,
        "ipc": 1.013321,
        "cycles": 51681634.0,
        "reg-taints": 0.0,
        "mem-taints": 0.0,
        "xmit-taints": 4449296.0,
        "loads": 15993822.0,
        "load-rate": 0.3053999975825891,
        "stalls": 27658944158,
        "access-preds": 14281356,
        "access-misps": 8253871,
        "access-misp-rate": 0.5779472901592818
    }
}