{
    "simpoint": {
        "interval": 5119,
        "weight": 0.286095,
        "waypoints": [
            46359042656,
            46361333575,
            46372788356
        ],
        "name": "9"
    },
    "stats": {
        "insts": 50000197.0,
        "ipc": 1.24924,
        "cycles": 40024495.0,
        "reg-taints": 0.0,
        "mem-taints": 0.0,
        "xmit-taints": 14996.0,
        "loads": 14583009.0,
        "load-rate": 0.2916590308634184,
        "stalls": 23904483550,
        "access-preds": 1992876,
        "access-misps": 1520345,
        "access-misp-rate": 0.7628899138732164
    }
}