{
    "simpoint": {
        "interval": 6816,
        "weight": 0.0972148,
        "waypoints": [
            68203214195,
            68207351409,
            68235496377
        ],
        "name": "1"
    },
    "stats": {
        "insts": 50543301.0,
        "ipc": 1.560225,
        "cycles": 32394887.0,
        "reg-taints": 0.0,
        "mem-taints": 0.0,
        "xmit-taints": 16605574.0,
        "loads": 11806785.0,
        "load-rate": 0.23359742570039105,
        "stalls": 15557066000,
        "access-preds": 2612294,
        "access-misps": 1390739,
        "access-misp-rate": 0.5323822663145878
    }
}