{
    "simpoint": {
        "interval": 6337,
        "weight": 0.0160066,
        "waypoints": [
            143980617389,
            143984953023,
            144006443864
        ],
        "name": "1"
    },
    "stats": {
        "insts": 50000014.0,
        "ipc": 0.821675,
        "cycles": 60851302.0,
        "reg-taints": 0.0,
        "mem-taints": 0.0,
        "xmit-taints": 0.0,
        "loads": 13528325.0,
        "load-rate": 0.2705664242414012,
        "stalls": 34681440500,
        "access-preds": 0,
        "access-misps": 0,
        "access-misp-rate": 0
    }
}