{
    "weight": 0.9999989000000001,
    "stats": {
        "xmit-taints": 0.0,
        "ipc": 1.483130990201189,
        "mem-taints": 0.0,
        "access-misp-rate": 0.012578501681296431,
        "stalls": 834588581.2857125,
        "access-preds": 14982818.48984984,
        "reg-taints": 0.0,
        "insts": 50000033.35460069,
        "load-rate": 0.24961988915324076,
        "cycles": 33740886.200867124,
        "access-misps": 188341.27086109793,
        "loads": 12481002.800318481
    }
}