{
    "simpoint": {
        "interval": 4587,
        "weight": 0.207065,
        "waypoints": [
            53795215388,
            53797694147,
            53810119551
        ],
        "name": "5"
    },
    "stats": {
        "insts": 52041410.0,
        "ipc": 1.467782,
        "cycles": 35455807.0,
        "reg-taints": 0.0,
        "mem-taints": 0.0,
        "xmit-taints": 678862.0,
        "stalls": 28623623342,
        "access-preds": 3507531,
        "access-misps": 2832081,
        "access-misp-rate": 0.8074286442514692
    }
}