{
    "weight": 0.9999989000000001,
    "stats": {
        "insts": 50000034.064624764,
        "mem-taints": 0.0,
        "access-preds": 14982818.32928566,
        "load-rate": 0.24961989354188666,
        "cycles": 45926908.892701074,
        "access-misps": 182423.7721349493,
        "stalls": 422262941.66683525,
        "ipc": 1.0888222211377434,
        "xmit-taints": 0.0,
        "access-misp-rate": 0.012183319764210929,
        "loads": 12481003.20039492,
        "reg-taints": 0.0
    }
}