{
    "simpoint": {
        "interval": 22068,
        "weight": 0.209001,
        "waypoints": [
            414029159328,
            414034740793,
            414055662685
        ],
        "name": "6"
    },
    "stats": {
        "insts": 50000168.0,
        "ipc": 1.026883,
        "cycles": 48691185.0,
        "reg-taints": 0.0,
        "mem-taints": 0.0,
        "xmit-taints": 0.0,
        "loads": 15725237.0,
        "load-rate": 0.31450368326762423,
        "stalls": 23328684994,
        "access-preds": 18698823,
        "access-misps": 721649,
        "access-misp-rate": 0.03859328472171751
    }
}