{
    "simpoint": {
        "interval": 5119,
        "weight": 0.286095,
        "waypoints": [
            46359042681,
            46361333600,
            46372788381
        ],
        "name": "9"
    },
    "stats": {
        "insts": 50103946.0,
        "ipc": 1.071345,
        "cycles": 46767338.0,
        "reg-taints": 0.0,
        "mem-taints": 0.0,
        "xmit-taints": 14996.0,
        "stalls": 35231374332,
        "access-preds": 1832730,
        "access-misps": 1392822,
        "access-misp-rate": 0.7599711905190617
    }
}