{
    "weight": 1.0000000999999998,
    "stats": {
        "mem-taints": 0.0,
        "load-rate": 0.2828971265587471,
        "insts": 64194071.0631409,
        "xmit-taints": 3093317.953340705,
        "access-preds": 0.0,
        "reg-taints": 0.0,
        "loads": 18162355.097718395,
        "ipc": 0.813584810754319,
        "access-misp-rate": 0.0,
        "cycles": 78989419.52203797,
        "stalls": 55979609169.47275,
        "access-misps": 0.0
    }
}