{
    "simpoint": {
        "interval": 6337,
        "weight": 0.0160066,
        "waypoints": [
            143980617389,
            143984953023,
            144006443864
        ],
        "name": "1"
    },
    "stats": {
        "insts": 50000014.0,
        "ipc": 0.810627,
        "cycles": 61680665.0,
        "reg-taints": 0.0,
        "mem-taints": 0.0,
        "xmit-taints": 0.0,
        "stalls": 41805391575,
        "access-preds": 16212446,
        "access-misps": 1066016,
        "access-misp-rate": 0.0657529406728633
    }
}