{
    "simpoint": {
        "interval": 76,
        "weight": 0.00188513,
        "waypoints": [
            669958016,
            672327432,
            684169103
        ],
        "name": "1"
    },
    "stats": {
        "insts": 50000189.0,
        "ipc": 0.992204,
        "cycles": 50393060.0,
        "reg-taints": 0.0,
        "mem-taints": 0.0,
        "xmit-taints": 0.0,
        "stalls": 37406430055,
        "access-preds": 19864658,
        "access-misps": 2971551,
        "access-misp-rate": 0.14958983940221876
    }
}