{
    "weight": 0.9999993,
    "stats": {
        "insts": 54007797.15158441,
        "ipc": 1.327908754486228,
        "cycles": 41490821.77187694,
        "reg-taints": 0.0,
        "mem-taints": 0.0,
        "xmit-taints": 1564130.54251888,
        "stalls": 70497829664.03218,
        "access-preds": 5912968.560965292,
        "access-misps": 1264438.0406936286,
        "access-misp-rate": 0.21274819212696286
    }
}