{
    "simpoint": {
        "interval": 2146,
        "weight": 0.120682,
        "waypoints": [
            19264912150,
            19266184271,
            19272552566
        ],
        "name": "4"
    },
    "stats": {
        "insts": 50009849.0,
        "ipc": 1.161711,
        "cycles": 43048446.0,
        "reg-taints": 0.0,
        "mem-taints": 0.0,
        "xmit-taints": 38551.0,
        "loads": 17440379.0,
        "load-rate": 0.3487388854143511,
        "stalls": 4534306745,
        "access-preds": 6001672,
        "access-misps": 5558360,
        "access-misp-rate": 0.9261352503102469
    }
}