{
    "simpoint": {
        "interval": 23216,
        "weight": 0.183973,
        "waypoints": [
            185711373966,
            185713251653,
            185720987544
        ],
        "name": "7"
    },
    "stats": {
        "insts": 50029271.0,
        "ipc": 1.636296,
        "cycles": 30574707.0,
        "reg-taints": 0.0,
        "mem-taints": 0.0,
        "xmit-taints": 15636981.0,
        "stalls": 5711744774,
        "access-preds": 641140,
        "access-misps": 507605,
        "access-misp-rate": 0.7917225566958854
    }
}