{
    "simpoint": {
        "interval": 146,
        "weight": 0.312082,
        "waypoints": [
            682436494,
            683369509,
            688034163
        ],
        "name": "6"
    },
    "stats": {
        "insts": 50000216.0,
        "ipc": 2.749592,
        "cycles": 18184592.0,
        "pub-annot-reg-rate": NaN,
        "pub-annot-load-rate": NaN,
        "pub-annot-load-count": 0.0,
        "annot-load-count": 0.0,
        "prot-regs": 117771341.0,
        "unprot-regs": 11441526.0,
        "loads": 5714430.0,
        "load-rate": 0.11428810627538089,
        "stalls": 47633321000,
        "access-preds": 0,
        "access-misps": 0,
        "access-misp-rate": 0,
        "unprot-regs-inst": 0.2288295314564241,
        "unprot-regs-rate": 0.08854788432176805
    }
}