{
    "simpoint": {
        "interval": 1137,
        "weight": 0.0122339,
        "waypoints": [
            9780061725,
            9782244550,
            9789444800
        ],
        "name": "1"
    },
    "stats": {
        "insts": 50000038.0,
        "ipc": 1.68262,
        "cycles": 29715578.0,
        "reg-taints": 0.0,
        "mem-taints": 0.0,
        "xmit-taints": 0.0,
        "stalls": 17002800749,
        "access-preds": 15130403,
        "access-misps": 1017282,
        "access-misp-rate": 0.06723429640307664
    }
}