{
    "simpoint": {
        "interval": 4974,
        "weight": 0.0263685,
        "waypoints": [
            7237046426,
            7237187654,
            7237682934
        ],
        "name": "1"
    },
    "stats": {
        "insts": 50002546.0,
        "ipc": 1.56886,
        "cycles": 31871897.0,
        "reg-taints": 0.0,
        "mem-taints": 0.0,
        "xmit-taints": 0.0,
        "stalls": 15052462,
        "access-preds": 14666286,
        "access-misps": 39497,
        "access-misp-rate": 0.0026930471695424457
    }
}