{
    "weight": 0.9999986999999999,
    "stats": {
        "reg-taints": 0.0,
        "xmit-taints": 0.0,
        "access-misps": 1209222.091536319,
        "mem-taints": 0.0,
        "access-misp-rate": 0.08197454866828316,
        "access-preds": 14768491.97807037,
        "cycles": 59270357.0117171,
        "insts": 50000303.95183684,
        "stalls": 20648334730.858093,
        "ipc": 0.8507737328340528,
        "loads": 12317665.83056988,
        "load-rate": 0.24635184093672335
    }
}