{
    "weight": 1.0000000999999998,
    "stats": {
        "insts": 50000040.12490109,
        "ipc": 1.0981957992720202,
        "cycles": 45567622.44776817,
        "reg-taints": 0.0,
        "mem-taints": 0.0,
        "xmit-taints": 0.0,
        "stalls": 1016899403.012745,
        "access-preds": 17148270.967805006,
        "access-misps": 333011.92273350776,
        "access-misp-rate": 0.019506822558271988
    }
}