{
    "simpoint": {
        "interval": 3990,
        "weight": 0.00806453,
        "waypoints": [
            37060195131,
            37063528475,
            37080195223
        ],
        "name": "8"
    },
    "stats": {
        "insts": 50000054.0,
        "ipc": 0.790605,
        "cycles": 63242751.0,
        "reg-taints": 0.0,
        "mem-taints": 0.0,
        "xmit-taints": 0.0,
        "stalls": 4648339
    }
}