{
    "simpoint": {
        "interval": 66874,
        "weight": 0.00421115,
        "waypoints": [
            144410234830,
            144411890979,
            144419878807
        ],
        "name": "3"
    },
    "stats": {
        "insts": 67675423.0,
        "ipc": 1.561626,
        "cycles": 43336509.0,
        "reg-taints": 0.0,
        "mem-taints": 0.0,
        "xmit-taints": 444844.0,
        "stalls": 777431208,
        "access-preds": 2318787,
        "access-misps": 117693,
        "access-misp-rate": 0.050756279037272506
    }
}