{
    "simpoint": {
        "interval": 6337,
        "weight": 0.0160066,
        "waypoints": [
            143980617389,
            143984953023,
            144006443864
        ],
        "name": "1"
    },
    "stats": {
        "insts": 50000014.0,
        "ipc": 1.050538,
        "cycles": 47594671.0,
        "reg-taints": 0.0,
        "mem-taints": 0.0,
        "xmit-taints": 0.0,
        "stalls": 2738841001,
        "access-preds": 16212447,
        "access-misps": 517924,
        "access-misp-rate": 0.031946072051924054
    }
}