{
    "simpoint": {
        "interval": 49513,
        "weight": 0.00390034,
        "waypoints": [
            682877250790,
            682878881637,
            682888351602
        ],
        "name": "1"
    },
    "stats": {
        "insts": 50000095.0,
        "ipc": 1.203742,
        "cycles": 41537210.0,
        "reg-taints": 0.0,
        "mem-taints": 0.0,
        "xmit-taints": 0.0,
        "loads": 13991216.0,
        "load-rate": 0.27982378833480215,
        "stalls": 13320546656,
        "access-preds": 16694788,
        "access-misps": 15241928,
        "access-misp-rate": 0.9129752351452441
    }
}