{
    "weight": 0.9999993,
    "stats": {
        "ipc": 1.0381033464217426,
        "load-rate": 0.22431199859406314,
        "reg-taints": 0.0,
        "stalls": 8849869963.522419,
        "access-misps": 647830.917258042,
        "access-preds": 5918531.962682774,
        "access-misp-rate": 0.09974712048974972,
        "xmit-taints": 960529.7681711377,
        "mem-taints": 0.0,
        "loads": 11285083.406750282,
        "insts": 50283838.821044676,
        "cycles": 51015949.043400824
    }
}