{
    "simpoint": {
        "interval": 675,
        "weight": 0.078825,
        "waypoints": [
            8395755208,
            8398351879,
            8411369247
        ],
        "name": "2"
    },
    "stats": {
        "insts": 50000017.0,
        "ipc": 0.344939,
        "cycles": 144953154.0,
        "pub-annot-reg-rate": NaN,
        "pub-annot-load-rate": NaN,
        "pub-annot-load-count": 0.0,
        "annot-load-count": 0.0,
        "prot-regs": 60246172.0,
        "unprot-regs": 43327773.0,
        "stalls": 0,
        "unprot-regs-inst": 0.8665551653712438,
        "unprot-regs-rate": 0.41832695471819675
    }
}