{
    "simpoint": {
        "interval": 2591,
        "weight": 0.116781,
        "waypoints": [
            3821921406,
            3822241872,
            3823665789
        ],
        "name": "0"
    },
    "stats": {
        "insts": 51048022.0,
        "ipc": 1.218508,
        "cycles": 41893883.0,
        "loads": 12283298.0,
        "load-rate": 0.24062240844513036,
        "stalls": 0,
        "access-preds": 0,
        "access-misps": 0,
        "access-misp-rate": 0
    }
}