{
    "simpoint": {
        "interval": 26494,
        "weight": 0.14016,
        "waypoints": [
            411545968218,
            411548971522,
            411564076503
        ],
        "name": "5"
    },
    "stats": {
        "insts": 59231514.0,
        "ipc": 1.395276,
        "cycles": 42451478.0,
        "reg-taints": 0.0,
        "mem-taints": 0.0,
        "xmit-taints": 2254175.0,
        "stalls": 15991506996,
        "access-preds": 3802027,
        "access-misps": 123831,
        "access-misp-rate": 0.03256973188249321
    }
}