{
    "simpoint": {
        "interval": 18656,
        "weight": 0.160564,
        "waypoints": [
            292245499067,
            292248588187,
            292264169099
        ],
        "name": "3"
    },
    "stats": {
        "insts": 50052523.0,
        "ipc": 0.554702,
        "cycles": 90233172.0,
        "reg-taints": 0.0,
        "mem-taints": 0.0,
        "xmit-taints": 13971766.0,
        "loads": 12603247.0,
        "load-rate": 0.25180043371639826,
        "stalls": 283621232793,
        "access-preds": 1246305,
        "access-misps": 1246117,
        "access-misp-rate": 0.9998491540995181
    }
}