{
    "simpoint": {
        "interval": 26494,
        "weight": 0.14016,
        "waypoints": [
            411545968218,
            411548971522,
            411564076503
        ],
        "name": "5"
    },
    "stats": {
        "insts": 59231517.0,
        "ipc": 1.385474,
        "cycles": 42751803.0,
        "reg-taints": 0.0,
        "mem-taints": 0.0,
        "xmit-taints": 2254175.0,
        "stalls": 17219395090,
        "access-preds": 3802027,
        "access-misps": 370488,
        "access-misp-rate": 0.09744486296388742
    }
}