{
    "simpoint": {
        "interval": 1726,
        "weight": 0.0593762,
        "waypoints": [
            20222950431,
            20223932841,
            20237556387
        ],
        "name": "3"
    },
    "stats": {
        "insts": 51783854.0,
        "ipc": 1.629926,
        "cycles": 31770675.0,
        "reg-taints": 0.0,
        "mem-taints": 0.0,
        "xmit-taints": 498286.0,
        "loads": 10379911.0,
        "load-rate": 0.2004468612938697,
        "stalls": 18771725418,
        "access-preds": 2497005,
        "access-misps": 2178446,
        "access-misp-rate": 0.872423563428988
    }
}