{
    "simpoint": {
        "interval": 454408,
        "weight": 0.000704738,
        "waypoints": [
            7210576965887,
            7210580967750,
            7210600515645
        ],
        "name": "4"
    },
    "stats": {
        "insts": 50038188.0,
        "ipc": 0.963608,
        "cycles": 51927941.0,
        "reg-taints": 0.0,
        "mem-taints": 0.0,
        "xmit-taints": 13593316.0,
        "stalls": 72431437,
        "access-preds": 191,
        "access-misps": 66,
        "access-misp-rate": 0.34554973821989526
    }
}