{
    "simpoint": {
        "interval": 4974,
        "weight": 0.0263685,
        "waypoints": [
            7237046426,
            7237187654,
            7237682934
        ],
        "name": "1"
    },
    "stats": {
        "insts": 53464604.0,
        "ipc": 1.022123,
        "cycles": 52307426.0,
        "reg-taints": 0.0,
        "mem-taints": 0.0,
        "xmit-taints": 2106358.0,
        "stalls": 55568897907,
        "access-preds": 5245449,
        "access-misps": 4970077,
        "access-misp-rate": 0.9475026828017964
    }
}