{
    "simpoint": {
        "interval": 6816,
        "weight": 0.0972148,
        "waypoints": [
            68203212738,
            68207349952,
            68235494920
        ],
        "name": "1"
    },
    "stats": {
        "insts": 50543301.0,
        "ipc": 2.148195,
        "cycles": 23528264.0,
        "loads": 11806785.0,
        "load-rate": 0.23359742570039105,
        "stalls": 0,
        "access-preds": 0,
        "access-misps": 0,
        "access-misp-rate": 0
    }
}