{
    "simpoint": {
        "interval": 4201,
        "weight": 0.162721,
        "waypoints": [
            49341202044,
            49343552897,
            49354809082
        ],
        "name": "4"
    },
    "stats": {
        "insts": 50000100.0,
        "ipc": 2.075014,
        "cycles": 24096275.0,
        "reg-taints": 0.0,
        "mem-taints": 0.0,
        "xmit-taints": 0.0,
        "loads": 10245268.0,
        "load-rate": 0.20490495019009963,
        "stalls": 5722876927,
        "access-preds": 12295169,
        "access-misps": 556834,
        "access-misp-rate": 0.04528884474869764
    }
}