{
    "weight": 1.00000015,
    "stats": {
        "insts": 52981082.85376752,
        "ipc": 1.13213006752519,
        "cycles": 50273363.42929463,
        "reg-taints": 0.0,
        "mem-taints": 0.0,
        "xmit-taints": 9517202.736285292,
        "stalls": 31052998704.153038,
        "access-preds": 5550692.127787831,
        "access-misps": 312879.26570496015,
        "access-misp-rate": 0.05534962253696573
    }
}