{
    "simpoint": {
        "interval": 20606,
        "weight": 0.0051787,
        "waypoints": [
            279262549306,
            279266351341,
            279285361435
        ],
        "name": "1"
    },
    "stats": {
        "insts": 50000039.0,
        "ipc": 1.130249,
        "cycles": 44238076.0,
        "reg-taints": 0.0,
        "mem-taints": 0.0,
        "xmit-taints": 0.0,
        "stalls": 4299637599,
        "access-preds": 8130813,
        "access-misps": 8002131,
        "access-misp-rate": 0.9841735383657206
    }
}