{
    "simpoint": {
        "interval": 52123,
        "weight": 0.310505,
        "waypoints": [
            82623633671,
            82623983873,
            82625784597
        ],
        "name": "4"
    },
    "stats": {
        "insts": 50294336.0,
        "ipc": 0.826125,
        "cycles": 60879820.0,
        "reg-taints": 0.0,
        "mem-taints": 0.0,
        "xmit-taints": 2764551.0,
        "stalls": 3162432824,
        "access-preds": 2341236,
        "access-misps": 1031,
        "access-misp-rate": 0.0004403656871840344
    }
}