{
    "simpoint": {
        "interval": 61425,
        "weight": 0.036875,
        "waypoints": [
            132994094075,
            132995903347,
            133001066470
        ],
        "name": "2"
    },
    "stats": {
        "insts": 50000211.0,
        "ipc": 1.925769,
        "cycles": 25963769.0,
        "reg-taints": 0.0,
        "mem-taints": 0.0,
        "xmit-taints": 0.0,
        "stalls": 11530082566,
        "access-preds": 26110864,
        "access-misps": 1014582,
        "access-misp-rate": 0.03885669964808518
    }
}