{
    "simpoint": {
        "interval": 984,
        "weight": 0.0721535,
        "waypoints": [
            11505589480,
            11508198340,
            11518382393
        ],
        "name": "0"
    },
    "stats": {
        "insts": 50000782.0,
        "ipc": 0.544102,
        "cycles": 91895981.0,
        "reg-taints": 0.0,
        "mem-taints": 0.0,
        "xmit-taints": 11370770.0,
        "loads": 9909288.0,
        "load-rate": 0.198182660423191,
        "stalls": 910348696988,
        "access-preds": 760548,
        "access-misps": 753263,
        "access-misp-rate": 0.9904213803730993
    }
}