{
    "simpoint": {
        "interval": 49730,
        "weight": 0.258708,
        "waypoints": [
            860337066069,
            860340097422,
            860354801929
        ],
        "name": "4"
    },
    "stats": {
        "insts": 50000051.0,
        "ipc": 1.153012,
        "cycles": 43364746.0,
        "reg-taints": 0.0,
        "mem-taints": 0.0,
        "xmit-taints": 0.0,
        "loads": 12404832.0,
        "load-rate": 0.24809638694168532,
        "stalls": 7355589449,
        "access-preds": 14897152,
        "access-misps": 2001220,
        "access-misp-rate": 0.13433574417445698
    }
}