{
    "simpoint": {
        "interval": 5883,
        "weight": 0.068873,
        "waypoints": [
            75449192385,
            75451707895,
            75464447709
        ],
        "name": "5"
    },
    "stats": {
        "insts": 54040799.0,
        "ipc": 0.805689,
        "cycles": 67073992.0,
        "reg-taints": 0.0,
        "mem-taints": 0.0,
        "xmit-taints": 3322512.0,
        "loads": 17298607.0,
        "load-rate": 0.3201027246099748,
        "stalls": 68168590655,
        "access-preds": 15425737,
        "access-misps": 13619938,
        "access-misp-rate": 0.8829359660416873
    }
}