{
    "weight": 0.9999993,
    "stats": {
        "insts": 50030755.69846309,
        "ipc": 0.6597839373227561,
        "cycles": 77447979.4571955,
        "reg-taints": 0.0,
        "mem-taints": 0.0,
        "xmit-taints": 16871864.061275445,
        "stalls": 28395239364.414856,
        "access-preds": 656620.5084529557,
        "access-misps": 518756.3541481479,
        "access-misp-rate": 0.7889973816665432
    }
}