{
    "simpoint": {
        "interval": 1702,
        "weight": 0.11988,
        "waypoints": [
            19943467240,
            19945786097,
            19954634375
        ],
        "name": "2"
    },
    "stats": {
        "insts": 50000126.0,
        "ipc": 1.754666,
        "cycles": 28495518.0,
        "reg-taints": 0.0,
        "mem-taints": 0.0,
        "xmit-taints": 0.0,
        "stalls": 18693499058,
        "access-preds": 12976967,
        "access-misps": 246072,
        "access-misp-rate": 0.018962212048470185
    }
}