{
    "simpoint": {
        "interval": 153465,
        "weight": 0.323146,
        "waypoints": [
            804201137085,
            804201642830,
            804204751798
        ],
        "name": "5"
    },
    "stats": {
        "insts": 51557158.0,
        "ipc": 1.475464,
        "cycles": 34943022.0,
        "reg-taints": 0.0,
        "mem-taints": 0.0,
        "xmit-taints": 2440.0,
        "loads": 12511620.0,
        "load-rate": 0.24267474169154166,
        "stalls": 773080510358,
        "access-preds": 487972,
        "access-misps": 887,
        "access-misp-rate": 0.0018177272466452993
    }
}