{
    "simpoint": {
        "interval": 43791,
        "weight": 0.226075,
        "waypoints": [
            68311094028,
            68311427409,
            68313052510
        ],
        "name": "3"
    },
    "stats": {
        "insts": 50426288.0,
        "ipc": 0.305305,
        "cycles": 165166780.0,
        "reg-taints": 0.0,
        "mem-taints": 0.0,
        "xmit-taints": 2601180.0,
        "loads": 12179823.0,
        "load-rate": 0.24153717204010733,
        "stalls": 289707049455,
        "access-preds": 2354921,
        "access-misps": 2309588,
        "access-misp-rate": 0.9807496727066428
    }
}