{
    "simpoint": {
        "interval": 26494,
        "weight": 0.14016,
        "waypoints": [
            411545968218,
            411548971522,
            411564076503
        ],
        "name": "5"
    },
    "stats": {
        "insts": 50082222.0,
        "ipc": 0.533239,
        "cycles": 93920705.0,
        "reg-taints": 0.0,
        "mem-taints": 0.0,
        "xmit-taints": 17186372.0,
        "stalls": 38668619253,
        "access-preds": 1170027,
        "access-misps": 1041761,
        "access-misp-rate": 0.8903734700139398
    }
}