{
    "simpoint": {
        "interval": 88330,
        "weight": 0.0564765,
        "waypoints": [
            1473827797215,
            1473829575800,
            1473836076492
        ],
        "name": "6"
    },
    "stats": {
        "insts": 50000278.0,
        "ipc": 0.716536,
        "cycles": 69780576.0,
        "reg-taints": 0.0,
        "mem-taints": 0.0,
        "xmit-taints": 11275718.0,
        "stalls": 8435701292,
        "access-preds": 44752,
        "access-misps": 984,
        "access-misp-rate": 0.021987844118698606
    }
}