{
    "simpoint": {
        "interval": 22480,
        "weight": 0.0592294,
        "waypoints": [
            351078846394,
            351081731035,
            351096189808
        ],
        "name": "4"
    },
    "stats": {
        "insts": 59118438.0,
        "ipc": 1.338207,
        "cycles": 44177335.0,
        "reg-taints": 0.0,
        "mem-taints": 0.0,
        "xmit-taints": 2327844.0,
        "stalls": 28613816122,
        "access-preds": 3909614,
        "access-misps": 605042,
        "access-misp-rate": 0.15475747733663733
    }
}