{
    "weight": 0.99999985,
    "stats": {
        "cycles": 194404944.21937668,
        "access-misp-rate": 0.00264684168262191,
        "reg-taints": 0.0,
        "access-misps": 2360.8114621217196,
        "access-preds": 905768.4888882734,
        "insts": 50000163.909671135,
        "mem-taints": 0.0,
        "stalls": 12294672437.201366,
        "load-rate": 0.3028210096610218,
        "ipc": 0.2751151714922757,
        "xmit-taints": 463174.0290362544,
        "loads": 15141099.947857091
    }
}