{
    "simpoint": {
        "interval": 52123,
        "weight": 0.310505,
        "waypoints": [
            82623633671,
            82623983873,
            82625784597
        ],
        "name": "4"
    },
    "stats": {
        "insts": 50000087.0,
        "ipc": 1.087634,
        "cycles": 45971421.0,
        "reg-taints": 0.0,
        "mem-taints": 0.0,
        "xmit-taints": 0.0,
        "stalls": 1623757752,
        "access-preds": 14963878,
        "access-misps": 356771,
        "access-misp-rate": 0.023842148405647252
    }
}