{
    "simpoint": {
        "interval": 305904,
        "weight": 0.0723263,
        "waypoints": [
            922465006031,
            922465213070,
            922467696890
        ],
        "name": "8"
    },
    "stats": {
        "insts": 50000212.0,
        "ipc": 1.050758,
        "cycles": 47584905.0,
        "reg-taints": 0.0,
        "mem-taints": 0.0,
        "xmit-taints": 0.0,
        "loads": 19872883.0,
        "load-rate": 0.3974559747866669,
        "stalls": 229079158475,
        "access-preds": 23631600,
        "access-misps": 16078855,
        "access-misp-rate": 0.6803963760388633
    }
}