{
    "simpoint": {
        "interval": 813,
        "weight": 0.132794,
        "waypoints": [
            6816447481,
            6818057532,
            6825600019
        ],
        "name": "0"
    },
    "stats": {
        "insts": 50703050.0,
        "ipc": 1.24119,
        "cycles": 40850349.0,
        "reg-taints": 0.0,
        "mem-taints": 0.0,
        "xmit-taints": 1534231.0,
        "stalls": 4012694965,
        "access-preds": 9749328,
        "access-misps": 8891310,
        "access-misp-rate": 0.91199208807007
    }
}