{
    "simpoint": {
        "interval": 1152,
        "weight": 0.208004,
        "waypoints": [
            13476694258,
            13479353395,
            13492293407
        ],
        "name": "1"
    },
    "stats": {
        "insts": 52634410.0,
        "ipc": 2.034144,
        "cycles": 25875464.0,
        "reg-taints": 0.0,
        "mem-taints": 0.0,
        "xmit-taints": 650532.0,
        "stalls": 17784956808,
        "access-preds": 3567031,
        "access-misps": 3181741,
        "access-misp-rate": 0.8919857999552009
    }
}