{
    "simpoint": {
        "interval": 22377,
        "weight": 0.227606,
        "waypoints": [
            520541835962,
            520546619243,
            520570544851
        ],
        "name": "4"
    },
    "stats": {
        "insts": 64965268.0,
        "ipc": 0.817956,
        "cycles": 79423906.0,
        "reg-taints": 0.0,
        "mem-taints": 0.0,
        "xmit-taints": 2502751.0,
        "loads": 18715342.0,
        "load-rate": 0.28808227189950175,
        "stalls": 71617850122,
        "access-preds": 6202936,
        "access-misps": 851414,
        "access-misp-rate": 0.1372598395340529
    }
}