{
    "simpoint": {
        "interval": 1137,
        "weight": 0.0122339,
        "waypoints": [
            9788280981,
            9790463806,
            9797664056
        ],
        "name": "1"
    },
    "stats": {
        "insts": 50000038.0,
        "ipc": 1.149105,
        "cycles": 43512150.0,
        "pub-annot-reg-rate": NaN,
        "pub-annot-load-rate": NaN,
        "pub-annot-load-count": 0.0,
        "annot-load-count": 0.0,
        "prot-regs": 65915039.0,
        "unprot-regs": 37752871.0,
        "loads": 12857469.0,
        "load-rate": 0.2571491845666197,
        "stalls": 155479617000,
        "access-preds": 0,
        "access-misps": 0,
        "access-misp-rate": 0,
        "unprot-regs-inst": 0.7550568461567969,
        "unprot-regs-rate": 0.36417123678870345
    }
}