{
    "simpoint": {
        "interval": 77284,
        "weight": 0.168161,
        "waypoints": [
            126611404721,
            126611774514,
            126613691663
        ],
        "name": "6"
    },
    "stats": {
        "insts": 50113782.0,
        "ipc": 0.756073,
        "cycles": 66281701.0,
        "reg-taints": 0.0,
        "mem-taints": 0.0,
        "xmit-taints": 3085242.0,
        "stalls": 32878396287,
        "access-preds": 2172325,
        "access-misps": 53752,
        "access-misp-rate": 0.0247439954887045
    }
}