{
    "simpoint": {
        "interval": 43791,
        "weight": 0.226075,
        "waypoints": [
            68311095938,
            68311429319,
            68313054420
        ],
        "name": "3"
    },
    "stats": {
        "insts": 50000281.0,
        "ipc": 1.027753,
        "cycles": 48650111.0,
        "pub-annot-reg-rate": NaN,
        "pub-annot-load-rate": NaN,
        "pub-annot-load-count": 0.0,
        "annot-load-count": 0.0,
        "prot-regs": 87304189.0,
        "unprot-regs": 45251603.0,
        "loads": 12017173.0,
        "load-rate": 0.24034210927734587,
        "stalls": 4480286500,
        "access-preds": 0,
        "access-misps": 0,
        "access-misp-rate": 0,
        "unprot-regs-inst": 0.9050269737484076,
        "unprot-regs-rate": 0.3413777875507696
    }
}