{
    "simpoint": {
        "interval": 32437,
        "weight": 0.0757771,
        "waypoints": [
            456178692713,
            456182062923,
            456198943119
        ],
        "name": "6"
    },
    "stats": {
        "insts": 62137172.0,
        "ipc": 0.534116,
        "cycles": 116336530.0,
        "reg-taints": 0.0,
        "mem-taints": 0.0,
        "xmit-taints": 3985347.0,
        "loads": 21515098.0,
        "load-rate": 0.3462516446677039,
        "stalls": 141067558307,
        "access-preds": 7659816,
        "access-misps": 3615223,
        "access-misp-rate": 0.47197256435402624
    }
}