{
    "weight": 0.9999993,
    "stats": {
        "loads": 11255900.404488184,
        "access-misps": 0.0,
        "access-misp-rate": 0.0,
        "load-rate": 0.22511775835333558,
        "access-preds": 0.0,
        "stalls": 0.0,
        "ipc": 1.066389418813793,
        "cycles": 49180173.25140347,
        "insts": 50000062.754137024
    }
}