{
    "simpoint": {
        "interval": 14392,
        "weight": 0.134118,
        "waypoints": [
            258094604735,
            258098248885,
            258122616532
        ],
        "name": "3"
    },
    "stats": {
        "insts": 53013392.0,
        "ipc": 1.909363,
        "cycles": 27764969.0,
        "stalls": 0
    }
}