{
    "simpoint": {
        "interval": 88330,
        "weight": 0.0564765,
        "waypoints": [
            1473827797215,
            1473829575800,
            1473836076492
        ],
        "name": "6"
    },
    "stats": {
        "insts": 50000097.0,
        "ipc": 1.254642,
        "cycles": 39852079.0,
        "reg-taints": 0.0,
        "mem-taints": 0.0,
        "xmit-taints": 0.0,
        "stalls": 1503416056,
        "access-preds": 8620233,
        "access-misps": 626410,
        "access-misp-rate": 0.07266740933800746
    }
}