{
    "simpoint": {
        "interval": 4587,
        "weight": 0.207065,
        "waypoints": [
            53737046818,
            53739523267,
            53751939361
        ],
        "name": "5"
    },
    "stats": {
        "insts": 53652872.0,
        "ipc": 1.806788,
        "cycles": 29695170.0,
        "stalls": 0
    }
}