{
    "simpoint": {
        "interval": 39859,
        "weight": 0.212529,
        "waypoints": [
            391499302195,
            391501655814,
            391512639171
        ],
        "name": "6"
    },
    "stats": {
        "insts": 50000029.0,
        "ipc": 1.020762,
        "cycles": 48983022.0,
        "reg-taints": 0.0,
        "mem-taints": 0.0,
        "xmit-taints": 0.0,
        "stalls": 53126665654,
        "access-preds": 16227384,
        "access-misps": 1735446,
        "access-misp-rate": 0.10694551876014027
    }
}