{
    "simpoint": {
        "interval": 39859,
        "weight": 0.212529,
        "waypoints": [
            391505260338,
            391507611345,
            391518596023
        ],
        "name": "6"
    },
    "stats": {
        "insts": 50000025.0,
        "ipc": 0.809572,
        "cycles": 61761043.0,
        "pub-annot-reg-rate": NaN,
        "pub-annot-load-rate": NaN,
        "pub-annot-load-count": 0.0,
        "annot-load-count": 0.0,
        "prot-regs": 63270105.0,
        "unprot-regs": 53416201.0,
        "loads": 13522861.0,
        "load-rate": 0.27045708477145763,
        "stalls": 77546589500,
        "access-preds": 0,
        "access-misps": 0,
        "access-misp-rate": 0,
        "unprot-regs-inst": 1.068323485838257,
        "unprot-regs-rate": 0.4577760907093931
    }
}