{
    "simpoint": {
        "interval": 199545,
        "weight": 0.019483,
        "waypoints": [
            1060417495333,
            1060418825859,
            1060423551680
        ],
        "name": "7"
    },
    "stats": {
        "insts": 50000206.0,
        "ipc": 2.13877,
        "cycles": 23378017.0,
        "reg-taints": 0.0,
        "mem-taints": 0.0,
        "xmit-taints": 0.0,
        "loads": 34520369.0,
        "load-rate": 0.6904045355333136,
        "stalls": 7594999989,
        "access-preds": 40660001,
        "access-misps": 256839,
        "access-misp-rate": 0.006316748491963883
    }
}