{
    "weight": 0.999999552,
    "stats": {
        "mem-taints": 0.0,
        "stalls": 97918363097.0609,
        "access-preds": 6430225.357604964,
        "load-rate": 0.2858944197329733,
        "ipc": 1.476703453746359,
        "xmit-taints": 3639291.6887206077,
        "access-misps": 154017.40909780725,
        "reg-taints": 0.0,
        "access-misp-rate": 0.02123022248392318,
        "cycles": 41474054.39577735,
        "loads": 15907545.520143164,
        "insts": 55678062.355794676
    }
}