{
    "weight": 0.9999994000000001,
    "stats": {
        "mem-taints": 0.0,
        "ipc": 0.86826001678411,
        "access-preds": 1.9652195791317473,
        "access-misp-rate": 0.03070655592393355,
        "access-misps": 0.2456524473914684,
        "xmit-taints": 3155149.7379881423,
        "load-rate": 0.0660102617924244,
        "cycles": 58165839.054325625,
        "loads": 3320998.7299466385,
        "reg-taints": 0.0,
        "stalls": 9709658531.624514,
        "insts": 50246261.38598833
    }
}