{
    "simpoint": {
        "interval": 52123,
        "weight": 0.310505,
        "waypoints": [
            82623635599,
            82623985801,
            82625786525
        ],
        "name": "4"
    },
    "stats": {
        "insts": 50000086.0,
        "ipc": 1.086132,
        "cycles": 46035018.0,
        "reg-taints": 0.0,
        "mem-taints": 0.0,
        "xmit-taints": 0.0,
        "loads": 12468218.0,
        "load-rate": 0.2493639310940385,
        "stalls": 1188550762,
        "access-preds": 14963877,
        "access-misps": 333890,
        "access-misp-rate": 0.02231306766287908
    }
}