{
    "simpoint": {
        "interval": 32437,
        "weight": 0.0757771,
        "waypoints": [
            456178692713,
            456182062923,
            456198943119
        ],
        "name": "6"
    },
    "stats": {
        "insts": 50000037.0,
        "ipc": 0.547306,
        "cycles": 91356657.0,
        "reg-taints": 0.0,
        "mem-taints": 0.0,
        "xmit-taints": 0.0,
        "loads": 18473638.0,
        "load-rate": 0.3694724865903599,
        "stalls": 694070651454,
        "access-preds": 22158070,
        "access-misps": 12154832,
        "access-misp-rate": 0.5485510245251505
    }
}