{
    "weight": 0.99999985,
    "stats": {
        "access-misps": 0.0,
        "load-rate": 0.3028210101249058,
        "ipc": 0.27599300835615126,
        "access-misp-rate": 0.0,
        "stalls": 0.0,
        "insts": 50000163.90472789,
        "access-preds": 0.0,
        "loads": 15141099.956999544,
        "cycles": 195320795.66982025
    }
}