{
    "weight": 1.0000004999999998,
    "stats": {
        "insts": 51900632.71038525,
        "ipc": 1.859991990167405,
        "cycles": 28129346.774950217,
        "reg-taints": 0.0,
        "mem-taints": 0.0,
        "xmit-taints": 710836.4446274778,
        "stalls": 5028655184.647642,
        "access-preds": 3524001.7531104237,
        "access-misps": 2978434.650293975,
        "access-misp-rate": 0.8467905887839385
    }
}