{
    "simpoint": {
        "interval": 1702,
        "weight": 0.11988,
        "waypoints": [
            19943467626,
            19945786483,
            19954634761
        ],
        "name": "2"
    },
    "stats": {
        "insts": 50030696.0,
        "ipc": 0.460582,
        "cycles": 108624975.0,
        "reg-taints": 0.0,
        "mem-taints": 0.0,
        "xmit-taints": 13212556.0,
        "loads": 11041780.0,
        "load-rate": 0.22070010778982568,
        "stalls": 809092267264,
        "access-preds": 638972,
        "access-misps": 5840,
        "access-misp-rate": 0.009139680611982998
    }
}