{
    "simpoint": {
        "interval": 32052,
        "weight": 0.019445,
        "waypoints": [
            129462857046,
            129463771753,
            129468123689
        ],
        "name": "2"
    },
    "stats": {
        "insts": 50000137.0,
        "ipc": 2.099057,
        "cycles": 23820286.0,
        "reg-taints": 0.0,
        "mem-taints": 0.0,
        "xmit-taints": 396339.0,
        "loads": 30495872.0,
        "load-rate": 0.6099157688307935,
        "stalls": 35557059553,
        "access-preds": 14736318,
        "access-misps": 14624117,
        "access-misp-rate": 0.9923860899310126
    }
}