{
    "weight": 0.9999986999999999,
    "stats": {
        "access-misps": 2536331.1564708035,
        "mem-taints": 0.0,
        "loads": 12507202.120204456,
        "stalls": 32490482910.635487,
        "access-misp-rate": 0.980952458248484,
        "access-preds": 2590893.2670357474,
        "insts": 50581603.12694627,
        "xmit-taints": 2645798.0140492185,
        "ipc": 0.776621525302983,
        "cycles": 65578520.749693274,
        "load-rate": 0.24731628698608984,
        "reg-taints": 0.0
    }
}