{
    "weight": 1.0000004999999998,
    "stats": {
        "reg-taints": 0.0,
        "insts": 50000114.36603572,
        "loads": 9574986.921497941,
        "access-misp-rate": 0.03563786337151399,
        "stalls": 361717215.55578226,
        "access-misps": 405969.41480829264,
        "mem-taints": 0.0,
        "load-rate": 0.19149930004402058,
        "xmit-taints": 0.0,
        "access-preds": 11464747.242348881,
        "cycles": 26118990.367569923,
        "ipc": 1.9286887610668195
    }
}