{
    "weight": 0.9999993,
    "stats": {
        "insts": 50000061.46728243,
        "ipc": 1.3418415509892856,
        "cycles": 40241298.100364365,
        "reg-taints": 0.0,
        "mem-taints": 0.0,
        "xmit-taints": 0.0,
        "stalls": 9370870471.889036,
        "access-preds": 13546320.95947907,
        "access-misps": 12365814.523256566,
        "access-misp-rate": 0.9165108993054689
    }
}