{
    "simpoint": {
        "interval": 29069,
        "weight": 0.24349,
        "waypoints": [
            679799077298,
            679803832986,
            679827701512
        ],
        "name": "5"
    },
    "stats": {
        "insts": 50000026.0,
        "ipc": 1.104831,
        "cycles": 45255812.0,
        "reg-taints": 0.0,
        "mem-taints": 0.0,
        "xmit-taints": 0.0,
        "stalls": 2185030535,
        "access-preds": 17318461,
        "access-misps": 430385,
        "access-misp-rate": 0.02485122667655053
    }
}