{
    "simpoint": {
        "interval": 2681,
        "weight": 0.0726879,
        "waypoints": [
            34494367413,
            34496954367,
            34509934671
        ],
        "name": "3"
    },
    "stats": {
        "insts": 50000068.0,
        "ipc": 0.337564,
        "cycles": 148120147.0,
        "pub-annot-reg-rate": NaN,
        "pub-annot-load-rate": NaN,
        "pub-annot-load-count": 0.0,
        "annot-load-count": 0.0,
        "prot-regs": 60116009.0,
        "unprot-regs": 43307706.0,
        "stalls": 0,
        "unprot-regs-inst": 0.8661529420319989,
        "unprot-regs-rate": 0.41874057608547516
    }
}