{
    "weight": 1.00000036,
    "stats": {
        "access-misps": 46987.75150982945,
        "mem-taints": 0.0,
        "load-rate": 0.34508281898327237,
        "access-preds": 4615574.747712251,
        "stalls": 1254166908318.5098,
        "cycles": 86012717.59213386,
        "loads": 17263625.44491648,
        "insts": 50028152.86612353,
        "ipc": 0.5969688063540897,
        "xmit-taints": 12190880.968614371,
        "access-misp-rate": 0.017528202309494974,
        "reg-taints": 0.0
    }
}