{
    "simpoint": {
        "interval": 2591,
        "weight": 0.116781,
        "waypoints": [
            3821921351,
            3822241817,
            3823665734
        ],
        "name": "0"
    },
    "stats": {
        "insts": 50000107.0,
        "ipc": 1.167215,
        "cycles": 42837088.0,
        "reg-taints": 0.0,
        "mem-taints": 0.0,
        "xmit-taints": 0.0,
        "loads": 11988703.0,
        "load-rate": 0.23977354688460967,
        "stalls": 46958083,
        "access-preds": 14360028,
        "access-misps": 76203,
        "access-misp-rate": 0.0053066052517446345
    }
}