{
    "simpoint": {
        "interval": 11028,
        "weight": 0.0924349,
        "waypoints": [
            163696277656,
            163700546483,
            163719020850
        ],
        "name": "4"
    },
    "stats": {
        "insts": 54425643.0,
        "ipc": 1.251344,
        "cycles": 43493735.0,
        "reg-taints": 0.0,
        "mem-taints": 0.0,
        "xmit-taints": 7628873.0,
        "stalls": 24261225822,
        "access-preds": 7282793,
        "access-misps": 483572,
        "access-misp-rate": 0.06639925094671784
    }
}