{
    "simpoint": {
        "interval": 22068,
        "weight": 0.209001,
        "waypoints": [
            414029159328,
            414034740793,
            414055662685
        ],
        "name": "6"
    },
    "stats": {
        "insts": 50000164.0,
        "ipc": 0.867165,
        "cycles": 57659349.0,
        "reg-taints": 0.0,
        "mem-taints": 0.0,
        "xmit-taints": 0.0,
        "stalls": 62327898906,
        "access-preds": 18698822,
        "access-misps": 10347715,
        "access-misp-rate": 0.5533886038382525
    }
}