{
    "simpoint": {
        "interval": 9429,
        "weight": 0.225821,
        "waypoints": [
            120385726821,
            120388265858,
            120400929522
        ],
        "name": "6"
    },
    "stats": {
        "insts": 50000043.0,
        "ipc": 0.983642,
        "cycles": 50831567.0,
        "loads": 17182908.0,
        "load-rate": 0.3436578644542366,
        "stalls": 0,
        "access-preds": 0,
        "access-misps": 0,
        "access-misp-rate": 0
    }
}