{
    "weight": 1.0000000999999998,
    "stats": {
        "xmit-taints": 0.0,
        "insts": 50000041.13806769,
        "access-preds": 17148271.211294983,
        "stalls": 2348481311.126064,
        "ipc": 1.0934333277213675,
        "cycles": 45765640.236520484,
        "reg-taints": 0.0,
        "loads": 14303526.280802675,
        "load-rate": 0.28607029168464576,
        "access-misps": 323099.8282225173,
        "access-misp-rate": 0.018928876908349497,
        "mem-taints": 0.0
    }
}