{
    "weight": 0.99999944,
    "stats": {
        "load-rate": 0.38101142318647696,
        "access-misps": 220310.73218651002,
        "insts": 50572749.79661784,
        "xmit-taints": 28912.868716366476,
        "ipc": 1.4811550202663313,
        "stalls": 95433135924.79083,
        "access-preds": 3882504.8325880063,
        "access-misp-rate": 0.05569829442198746,
        "loads": 19263456.810715426,
        "reg-taints": 0.0,
        "cycles": 35715091.032646485,
        "mem-taints": 0.0
    }
}