{
    "simpoint": {
        "interval": 23485,
        "weight": 0.196342,
        "waypoints": [
            446431746896,
            446437358408,
            446460082081
        ],
        "name": "7"
    },
    "stats": {
        "insts": 51946915.0,
        "ipc": 1.178082,
        "cycles": 44094495.0,
        "reg-taints": 0.0,
        "mem-taints": 0.0,
        "xmit-taints": 9668796.0,
        "stalls": 2096397315,
        "access-preds": 9076296,
        "access-misps": 512209,
        "access-misp-rate": 0.05643370379282474
    }
}