{
    "simpoint": {
        "interval": 255304,
        "weight": 0.103988,
        "waypoints": [
            3579939050060,
            3579941974325,
            3579956592568
        ],
        "name": "6"
    },
    "stats": {
        "insts": 50000062.0,
        "ipc": 1.999064,
        "cycles": 25011736.0,
        "reg-taints": 0.0,
        "mem-taints": 0.0,
        "xmit-taints": 0.0,
        "loads": 16384717.0,
        "load-rate": 0.32769393365952226,
        "stalls": 19022467094,
        "access-preds": 19662104,
        "access-misps": 372522,
        "access-misp-rate": 0.018946192126742895
    }
}