{
    "simpoint": {
        "interval": 5199,
        "weight": 0.0561818,
        "waypoints": [
            60945199305,
            60947328407,
            60959029466
        ],
        "name": "6"
    },
    "stats": {
        "insts": 50000037.0,
        "ipc": 1.345609,
        "cycles": 37157911.0,
        "reg-taints": 0.0,
        "mem-taints": 0.0,
        "xmit-taints": 0.0,
        "loads": 10478714.0,
        "load-rate": 0.20957412491514757,
        "stalls": 39938990500,
        "access-preds": 12511412,
        "access-misps": 11362116,
        "access-misp-rate": 0.9081401843373074
    }
}