{
    "simpoint": {
        "interval": 3585,
        "weight": 0.134108,
        "waypoints": [
            33462709363,
            33464745286,
            33474919484
        ],
        "name": "2"
    },
    "stats": {
        "insts": 50000033.0,
        "ipc": 1.11842,
        "cycles": 44705943.0,
        "reg-taints": 0.0,
        "mem-taints": 0.0,
        "xmit-taints": 0.0,
        "loads": 16533099.0,
        "load-rate": 0.33066176176323725,
        "stalls": 31928680694,
        "access-preds": 19847715,
        "access-misps": 2677354,
        "access-misp-rate": 0.13489482290530674
    }
}