{
    "simpoint": {
        "interval": 1137,
        "weight": 0.0122339,
        "waypoints": [
            9780061725,
            9782244550,
            9789444800
        ],
        "name": "1"
    },
    "stats": {
        "insts": 50000038.0,
        "ipc": 1.683564,
        "cycles": 29698920.0,
        "reg-taints": 0.0,
        "mem-taints": 0.0,
        "xmit-taints": 0.0,
        "stalls": 16642575665,
        "access-preds": 15130403,
        "access-misps": 506740,
        "access-misp-rate": 0.033491507133022166
    }
}