{
    "simpoint": {
        "interval": 908,
        "weight": 0.0694995,
        "waypoints": [
            14066695134,
            14069716101,
            14084752322
        ],
        "name": "1"
    },
    "stats": {
        "insts": 59906079.0,
        "ipc": 1.352342,
        "cycles": 44298035.0,
        "reg-taints": 0.0,
        "mem-taints": 0.0,
        "xmit-taints": 2347374.0,
        "stalls": 17878464149,
        "access-preds": 3722217,
        "access-misps": 250009,
        "access-misp-rate": 0.06716669124879071
    }
}