{
    "simpoint": {
        "interval": 4587,
        "weight": 0.207065,
        "waypoints": [
            53795215388,
            53797694147,
            53810119551
        ],
        "name": "5"
    },
    "stats": {
        "insts": 50000094.0,
        "ipc": 1.775653,
        "cycles": 28158703.0,
        "reg-taints": 0.0,
        "mem-taints": 0.0,
        "xmit-taints": 0.0,
        "loads": 8851776.0,
        "load-rate": 0.1770351871738481,
        "stalls": 656794819,
        "access-preds": 10646676,
        "access-misps": 486548,
        "access-misp-rate": 0.04569952161594849
    }
}