{
    "simpoint": {
        "interval": 1726,
        "weight": 0.0593762,
        "waypoints": [
            20222950045,
            20223932455,
            20237556001
        ],
        "name": "3"
    },
    "stats": {
        "insts": 53284293.0,
        "ipc": 1.307349,
        "cycles": 40757523.0,
        "reg-taints": 0.0,
        "mem-taints": 0.0,
        "xmit-taints": 838164.0,
        "stalls": 47401787547,
        "access-preds": 1389593,
        "access-misps": 1299569,
        "access-misp-rate": 0.9352155631181216
    }
}