{
    "weight": 0.9999993,
    "stats": {
        "insts": 51721789.03058492,
        "ipc": 0.9054717669837369,
        "cycles": 68426006.60846183,
        "reg-taints": 0.0,
        "mem-taints": 0.0,
        "xmit-taints": 1298638.8169452716,
        "stalls": 118651186706.87375,
        "access-preds": 1826059.9849800896,
        "access-misps": 70780.69796138858,
        "access-misp-rate": 0.034759289119322065
    }
}