{
    "simpoint": {
        "interval": 8330,
        "weight": 0.00348875,
        "waypoints": [
            102257056404,
            102260422375,
            102278759114
        ],
        "name": "2"
    },
    "stats": {
        "insts": 53100184.0,
        "ipc": 1.616031,
        "cycles": 32858399.0,
        "reg-taints": 0.0,
        "mem-taints": 0.0,
        "xmit-taints": 8345402.0,
        "loads": 13097447.0,
        "load-rate": 0.24665539765361266,
        "stalls": 8358692159,
        "access-preds": 8208027,
        "access-misps": 543536,
        "access-misp-rate": 0.06622005507535489
    }
}