{
    "simpoint": {
        "interval": 30732,
        "weight": 0.00641799,
        "waypoints": [
            435290893537,
            435295434266,
            435318174421
        ],
        "name": "5"
    },
    "stats": {
        "insts": 50000044.0,
        "ipc": 0.113874,
        "cycles": 439082604.0,
        "pub-annot-reg-rate": NaN,
        "pub-annot-load-rate": NaN,
        "pub-annot-load-count": 0.0,
        "annot-load-count": 0.0,
        "prot-regs": 57411833.0,
        "unprot-regs": 62605560.0,
        "loads": 19862780.0,
        "load-rate": 0.3972552504153796,
        "stalls": 2890033933500,
        "access-preds": 0,
        "access-misps": 0,
        "access-misp-rate": 0,
        "unprot-regs-inst": 1.2521100981431137,
        "unprot-regs-rate": 0.521637393006862
    }
}