{
    "simpoint": {
        "interval": 185508,
        "weight": 0.286981,
        "waypoints": [
            2555555367957,
            2555557178299,
            2555566230343
        ],
        "name": "5"
    },
    "stats": {
        "insts": 50000081.0,
        "ipc": 1.253348,
        "cycles": 39893212.0,
        "reg-taints": 0.0,
        "mem-taints": 0.0,
        "xmit-taints": 0.0,
        "loads": 17074546.0,
        "load-rate": 0.3414903667856058,
        "stalls": 3753037922,
        "access-preds": 20489413,
        "access-misps": 18229947,
        "access-misp-rate": 0.8897251961293376
    }
}