{
    "simpoint": {
        "interval": 984,
        "weight": 0.0721535,
        "waypoints": [
            11505589094,
            11508197954,
            11518382007
        ],
        "name": "0"
    },
    "stats": {
        "insts": 52910175.0,
        "ipc": 1.348164,
        "cycles": 39246087.0,
        "reg-taints": 0.0,
        "mem-taints": 0.0,
        "xmit-taints": 1035988.0,
        "loads": 10459515.0,
        "load-rate": 0.19768437734329927,
        "stalls": 104745562398,
        "access-preds": 1556283,
        "access-misps": 80595,
        "access-misp-rate": 0.05178685367635578
    }
}