{
    "simpoint": {
        "interval": 813,
        "weight": 0.132794,
        "waypoints": [
            6815664798,
            6817274867,
            6824817495
        ],
        "name": "0"
    },
    "stats": {
        "insts": 54126181.0,
        "ipc": 1.448046,
        "cycles": 37378776.0,
        "reg-taints": 0.0,
        "mem-taints": 0.0,
        "xmit-taints": 4357615.0,
        "loads": 13077144.0,
        "load-rate": 0.24160477902551447,
        "stalls": 50070219496,
        "access-preds": 5345107,
        "access-misps": 4460711,
        "access-misp-rate": 0.8345410110592735
    }
}