{
    "simpoint": {
        "interval": 2591,
        "weight": 0.116781,
        "waypoints": [
            3821921351,
            3822241817,
            3823665734
        ],
        "name": "0"
    },
    "stats": {
        "insts": 51048022.0,
        "ipc": 1.133118,
        "cycles": 45050932.0,
        "reg-taints": 0.0,
        "mem-taints": 0.0,
        "xmit-taints": 2345446.0,
        "loads": 12283298.0,
        "load-rate": 0.24062240844513036,
        "stalls": 3343689177,
        "access-preds": 3039258,
        "access-misps": 21931,
        "access-misp-rate": 0.007215905987579863
    }
}