{
    "simpoint": {
        "interval": 59710,
        "weight": 0.130334,
        "waypoints": [
            1023881862660,
            1023884787955,
            1023900323014
        ],
        "name": "5"
    },
    "stats": {
        "insts": 50000266.0,
        "ipc": 0.983827,
        "cycles": 50822210.0,
        "reg-taints": 0.0,
        "mem-taints": 0.0,
        "xmit-taints": 19682558.0
    }
}