{
    "simpoint": {
        "interval": 11028,
        "weight": 0.0924349,
        "waypoints": [
            163696277656,
            163700546483,
            163719020850
        ],
        "name": "4"
    },
    "stats": {
        "insts": 49998472.0,
        "ipc": 0.42827,
        "cycles": 116745144.0,
        "reg-taints": 0.0,
        "mem-taints": 0.0,
        "xmit-taints": 26233382.0,
        "loads": 13973775.0,
        "load-rate": 0.27948404103229396,
        "stalls": 1145299013857,
        "access-preds": 1708493,
        "access-misps": 256190,
        "access-misp-rate": 0.1499508631290851
    }
}