{
    "weight": 0.999999552,
    "stats": {
        "insts": 55678062.35478047,
        "ipc": 1.432949193941343,
        "cycles": 43432140.37676997,
        "reg-taints": 0.0,
        "mem-taints": 0.0,
        "xmit-taints": 3608090.504527926,
        "stalls": 106782334707.63719,
        "access-preds": 6430225.357604964,
        "access-misps": 494340.665354526,
        "access-misp-rate": 0.07981726416991325
    }
}