{
    "simpoint": {
        "interval": 4974,
        "weight": 0.0263685,
        "waypoints": [
            7237046679,
            7237187907,
            7237683187
        ],
        "name": "1"
    },
    "stats": {
        "insts": 50173936.0,
        "ipc": 0.671798,
        "cycles": 74686087.0,
        "reg-taints": 0.0,
        "mem-taints": 0.0,
        "xmit-taints": 10152060.0,
        "loads": 12208613.0,
        "load-rate": 0.24332579768109083,
        "stalls": 147045151664,
        "access-preds": 4332243,
        "access-misps": 135338,
        "access-misp-rate": 0.03123970654462365
    }
}