{
    "simpoint": {
        "interval": 37395,
        "weight": 0.007839,
        "waypoints": [
            364121378550,
            364123554746,
            364135261781
        ],
        "name": "5"
    },
    "stats": {
        "insts": 57878202.0,
        "ipc": 1.141033,
        "cycles": 50724400.0,
        "reg-taints": 0.0,
        "mem-taints": 0.0,
        "xmit-taints": 4827627.0,
        "stalls": 115921223860,
        "access-preds": 4965376,
        "access-misps": 53425,
        "access-misp-rate": 0.010759507437100434
    }
}