{
    "simpoint": {
        "interval": 30,
        "weight": 0.00263042,
        "waypoints": [
            238766012,
            239981779,
            246048979
        ],
        "name": "0"
    },
    "stats": {
        "insts": 56877601.0,
        "ipc": 1.261505,
        "cycles": 45087097.0,
        "reg-taints": 0.0,
        "mem-taints": 0.0,
        "xmit-taints": 3249116.0,
        "stalls": 23042066347,
        "access-preds": 7861835,
        "access-misps": 333628,
        "access-misp-rate": 0.04243640320612173
    }
}