{
    "simpoint": {
        "interval": 11028,
        "weight": 0.0924349,
        "waypoints": [
            163696277656,
            163700546483,
            163719020850
        ],
        "name": "4"
    },
    "stats": {
        "insts": 50000050.0,
        "ipc": 1.203083,
        "cycles": 41559920.0,
        "reg-taints": 0.0,
        "mem-taints": 0.0,
        "xmit-taints": 0.0,
        "stalls": 20986885692,
        "access-preds": 17401309,
        "access-misps": 1227496,
        "access-misp-rate": 0.0705404403772153
    }
}