{
    "simpoint": {
        "interval": 668,
        "weight": 0.0957473,
        "waypoints": [
            15211472340,
            15216035563,
            15238938714
        ],
        "name": "0"
    },
    "stats": {
        "insts": 50000049.0,
        "ipc": 1.053382,
        "cycles": 47466229.0,
        "reg-taints": 0.0,
        "mem-taints": 0.0,
        "xmit-taints": 0.0,
        "loads": 13839264.0,
        "load-rate": 0.2767850087506914,
        "stalls": 3157466941,
        "access-preds": 16575736,
        "access-misps": 485476,
        "access-misp-rate": 0.029288352565460744
    }
}