{
    "simpoint": {
        "interval": 488,
        "weight": 0.13597,
        "waypoints": [
            7591987319,
            7595096608,
            7610804611
        ],
        "name": "0"
    },
    "stats": {
        "insts": 50060822.0,
        "ipc": 0.566232,
        "cycles": 88410481.0,
        "reg-taints": 0.0,
        "mem-taints": 0.0,
        "xmit-taints": 13330186.0,
        "loads": 12339240.0,
        "load-rate": 0.24648496582816798,
        "stalls": 272970896871,
        "access-preds": 1309247,
        "access-misps": 235,
        "access-misp-rate": 0.00017949248690277695
    }
}