{
    "simpoint": {
        "interval": 76,
        "weight": 0.00188513,
        "waypoints": [
            669958016,
            672327432,
            684169103
        ],
        "name": "1"
    },
    "stats": {
        "insts": 54934133.0,
        "ipc": 0.980776,
        "cycles": 56010871.0,
        "reg-taints": 0.0,
        "mem-taints": 0.0,
        "xmit-taints": 3347287.0,
        "stalls": 59542995770
    }
}