{
    "weight": 0.99999978,
    "stats": {
        "insts": 54719004.7661967,
        "ipc": 0.8086596897786817,
        "cycles": 67774876.15029773,
        "reg-taints": 0.0,
        "mem-taints": 0.0,
        "xmit-taints": 3450384.1873354614,
        "stalls": 94204291316.19289,
        "access-preds": 12957600.389561266,
        "access-misps": 1482808.6532393037,
        "access-misp-rate": 0.11433141760181874
    }
}