{
    "simpoint": {
        "interval": 29806,
        "weight": 0.283652,
        "waypoints": [
            541715542504,
            541718880456,
            541735271010
        ],
        "name": "2"
    },
    "stats": {
        "insts": 50000039.0,
        "ipc": 0.955062,
        "cycles": 52352665.0,
        "reg-taints": 0.0,
        "mem-taints": 0.0,
        "xmit-taints": 0.0,
        "loads": 12031800.0,
        "load-rate": 0.24063581230406642,
        "stalls": 1536611830,
        "access-preds": 14448682,
        "access-misps": 714194,
        "access-misp-rate": 0.049429698847272024
    }
}