{
    "simpoint": {
        "interval": 6816,
        "weight": 0.0972148,
        "waypoints": [
            68203214195,
            68207351409,
            68235496377
        ],
        "name": "1"
    },
    "stats": {
        "insts": 50000013.0,
        "ipc": 1.357111,
        "cycles": 36842984.0,
        "reg-taints": 0.0,
        "mem-taints": 0.0,
        "xmit-taints": 0.0,
        "loads": 11695060.0,
        "load-rate": 0.23390113918570382,
        "stalls": 112014380561,
        "access-preds": 14190218,
        "access-misps": 9176615,
        "access-misp-rate": 0.6466859776220493
    }
}