{
    "simpoint": {
        "interval": 43791,
        "weight": 0.226075,
        "waypoints": [
            68311094028,
            68311427409,
            68313052510
        ],
        "name": "3"
    },
    "stats": {
        "insts": 50000281.0,
        "ipc": 1.101136,
        "cycles": 45407887.0,
        "reg-taints": 0.0,
        "mem-taints": 0.0,
        "xmit-taints": 0.0,
        "stalls": 71604013,
        "access-preds": 14395548,
        "access-misps": 195115,
        "access-misp-rate": 0.013553843174292497
    }
}