{
    "simpoint": {
        "interval": 3354,
        "weight": 0.00322998,
        "waypoints": [
            37944203998,
            37949002768,
            37964226551
        ],
        "name": "0"
    },
    "stats": {
        "insts": 50000034.0,
        "ipc": 0.298672,
        "cycles": 167407602.0,
        "reg-taints": 0.0,
        "mem-taints": 0.0,
        "xmit-taints": 23031194.0,
        "loads": 5435186.0,
        "load-rate": 0.10870364608152067,
        "stalls": 1647163566907,
        "access-preds": 672700,
        "access-misps": 141,
        "access-misp-rate": 0.00020960309201724394
    }
}