{
    "simpoint": {
        "interval": 9883,
        "weight": 0.0988081,
        "waypoints": [
            223451837714,
            223454836081,
            223470641629
        ],
        "name": "1"
    },
    "stats": {
        "insts": 51811964.0,
        "ipc": 0.543999,
        "cycles": 95242814.0,
        "reg-taints": 0.0,
        "mem-taints": 0.0,
        "xmit-taints": 1516648.0,
        "stalls": 80533725479,
        "access-preds": 1905539,
        "access-misps": 992534,
        "access-misp-rate": 0.520867848939329
    }
}