{
    "simpoint": {
        "interval": 5883,
        "weight": 0.068873,
        "waypoints": [
            75449192385,
            75451707895,
            75464447709
        ],
        "name": "5"
    },
    "stats": {
        "insts": 54040799.0,
        "ipc": 0.721651,
        "cycles": 74884997.0,
        "reg-taints": 0.0,
        "mem-taints": 0.0,
        "xmit-taints": 3322512.0,
        "loads": 17298608.0,
        "load-rate": 0.3201027431145124,
        "stalls": 53363386541,
        "access-preds": 15425737,
        "access-misps": 13649313,
        "access-misp-rate": 0.8848402510687172
    }
}