{
    "simpoint": {
        "interval": 18656,
        "weight": 0.160564,
        "waypoints": [
            292245505205,
            292248594325,
            292264175237
        ],
        "name": "3"
    },
    "stats": {
        "insts": 59822879.0,
        "ipc": 1.58926,
        "cycles": 37641977.0,
        "reg-taints": 0.0,
        "mem-taints": 0.0,
        "xmit-taints": 2310131.0,
        "loads": 15359334.0,
        "load-rate": 0.25674682089439393,
        "stalls": 3546154405,
        "access-preds": 3726923,
        "access-misps": 152465,
        "access-misp-rate": 0.040909082371704486
    }
}