{
    "simpoint": {
        "interval": 22480,
        "weight": 0.0592294,
        "waypoints": [
            351078846394,
            351081731035,
            351096189808
        ],
        "name": "4"
    },
    "stats": {
        "insts": 50000025.0,
        "ipc": 1.552334,
        "cycles": 32209578.0,
        "reg-taints": 0.0,
        "mem-taints": 0.0,
        "xmit-taints": 0.0,
        "loads": 12988216.0,
        "load-rate": 0.2597641901179049,
        "stalls": 3663225764,
        "access-preds": 15580405,
        "access-misps": 383607,
        "access-misp-rate": 0.0246211186422946
    }
}