{
    "weight": 0.9999986999999999,
    "stats": {
        "stalls": 26931619092.161865,
        "access-preds": 2590893.3838168993,
        "access-misp-rate": 0.002685159997689281,
        "xmit-taints": 2645798.0140492185,
        "access-misps": 8803.195717254433,
        "mem-taints": 0.0,
        "ipc": 0.8222528293927782,
        "cycles": 61961209.9192768,
        "reg-taints": 0.0,
        "load-rate": 0.247316291208727,
        "insts": 50581603.41324564,
        "loads": 12507202.406503828
    }
}