{
    "simpoint": {
        "interval": 22068,
        "weight": 0.209001,
        "waypoints": [
            414029084479,
            414034665944,
            414055587832
        ],
        "name": "6"
    },
    "stats": {
        "insts": 50000168.0,
        "ipc": 1.026646,
        "cycles": 48702436.0,
        "reg-taints": 0.0,
        "mem-taints": 0.0,
        "xmit-taints": 0.0,
        "loads": 15725237.0,
        "load-rate": 0.31450368326762423,
        "stalls": 23537350389,
        "access-preds": 18698823,
        "access-misps": 722258,
        "access-misp-rate": 0.03862585361656185
    }
}