{
    "simpoint": {
        "interval": 668,
        "weight": 0.0957473,
        "waypoints": [
            15211472340,
            15216035563,
            15238938714
        ],
        "name": "0"
    },
    "stats": {
        "insts": 50000047.0,
        "ipc": 0.772913,
        "cycles": 64690394.0,
        "reg-taints": 0.0,
        "mem-taints": 0.0,
        "xmit-taints": 0.0,
        "loads": 13839263.0,
        "load-rate": 0.27678499982210014,
        "stalls": 50252350027,
        "access-preds": 16575735,
        "access-misps": 1065564,
        "access-misp-rate": 0.06428457018648041
    }
}