{
    "simpoint": {
        "interval": 32437,
        "weight": 0.0757771,
        "waypoints": [
            456178692713,
            456182062923,
            456198943119
        ],
        "name": "6"
    },
    "stats": {
        "insts": 50000036.0,
        "ipc": 0.627212,
        "cycles": 79717943.0,
        "reg-taints": 0.0,
        "mem-taints": 0.0,
        "xmit-taints": 0.0,
        "loads": 18473636.0,
        "load-rate": 0.36947245397983314,
        "stalls": 380560987470,
        "access-preds": 22158070,
        "access-misps": 1676615,
        "access-misp-rate": 0.0756661117146033
    }
}