{
    "simpoint": {
        "interval": 9883,
        "weight": 0.0988081,
        "waypoints": [
            223086439930,
            223089436129,
            223105157981
        ],
        "name": "1"
    },
    "stats": {
        "insts": 50000050.0,
        "ipc": 1.013092,
        "cycles": 49353896.0,
        "loads": 12196763.0,
        "load-rate": 0.24393501606498394,
        "stalls": 0,
        "access-preds": 0,
        "access-misps": 0,
        "access-misp-rate": 0
    }
}