{
    "simpoint": {
        "interval": 18656,
        "weight": 0.160564,
        "waypoints": [
            292245505205,
            292248594325,
            292264175237
        ],
        "name": "3"
    },
    "stats": {
        "insts": 55114006.0,
        "ipc": 1.262205,
        "cycles": 43664869.0,
        "reg-taints": 0.0,
        "mem-taints": 0.0,
        "xmit-taints": 1901653.0,
        "stalls": 21927573128,
        "access-preds": 7389735,
        "access-misps": 6413478,
        "access-misp-rate": 0.8678901205523608
    }
}