{
    "weight": 0.99999978,
    "stats": {
        "insts": 50000032.5674467,
        "ipc": 0.8778884720442939,
        "cycles": 57057817.304479,
        "reg-taints": 0.0,
        "mem-taints": 0.0,
        "xmit-taints": 0.0,
        "stalls": 31224003819.17799,
        "access-preds": 20586251.10384651,
        "access-misps": 18136451.0868868,
        "access-misp-rate": 0.8811595894742703
    }
}