{
    "simpoint": {
        "interval": 9429,
        "weight": 0.225821,
        "waypoints": [
            120385812297,
            120388351334,
            120401014998
        ],
        "name": "6"
    },
    "stats": {
        "insts": 54701577.0,
        "ipc": 0.551678,
        "cycles": 99154854.0,
        "reg-taints": 0.0,
        "mem-taints": 0.0,
        "xmit-taints": 3446933.0,
        "stalls": 386011898685,
        "access-preds": 13011047,
        "access-misps": 3772924,
        "access-misp-rate": 0.2899785082630168
    }
}