{
    "simpoint": {
        "interval": 675,
        "weight": 0.078825,
        "waypoints": [
            8395755208,
            8398351879,
            8411369247
        ],
        "name": "2"
    },
    "stats": {
        "insts": 50000017.0,
        "ipc": 0.834465,
        "cycles": 59918686.0,
        "reg-taints": 0.0,
        "mem-taints": 0.0,
        "xmit-taints": 0.0,
        "stalls": 43195962067,
        "access-preds": 20607973,
        "access-misps": 2496977,
        "access-misp-rate": 0.12116557994325788
    }
}