{
    "simpoint": {
        "interval": 20606,
        "weight": 0.0051787,
        "waypoints": [
            279262549306,
            279266351341,
            279285361435
        ],
        "name": "1"
    },
    "stats": {
        "insts": 52397585.0,
        "ipc": 1.542023,
        "cycles": 33979762.0,
        "reg-taints": 0.0,
        "mem-taints": 0.0,
        "xmit-taints": 833463.0,
        "stalls": 174191821976,
        "access-preds": 563457,
        "access-misps": 563006,
        "access-misp-rate": 0.9991995839966492
    }
}