{
    "simpoint": {
        "interval": 5528,
        "weight": 0.0686679,
        "waypoints": [
            44468713015,
            44470464992,
            44479206863
        ],
        "name": "2"
    },
    "stats": {
        "insts": 51311120.0,
        "ipc": 1.221937,
        "cycles": 41991621.0,
        "reg-taints": 0.0,
        "mem-taints": 0.0,
        "xmit-taints": 1565128.0,
        "stalls": 7899864683,
        "access-preds": 11477806,
        "access-misps": 9817515,
        "access-misp-rate": 0.8553477032108749
    }
}