{
    "simpoint": {
        "interval": 3752,
        "weight": 0.0568152,
        "waypoints": [
            30278854373,
            30280437679,
            30288383754
        ],
        "name": "1"
    },
    "stats": {
        "insts": 50000048.0,
        "ipc": 0.860501,
        "cycles": 58105741.0,
        "pub-annot-reg-rate": NaN,
        "pub-annot-load-rate": NaN,
        "pub-annot-load-count": 0.0,
        "annot-load-count": 0.0,
        "prot-regs": 64007292.0,
        "unprot-regs": 32231477.0,
        "loads": 12576093.0,
        "load-rate": 0.2515216185392462,
        "stalls": 363026166000,
        "access-preds": 0,
        "access-misps": 0,
        "access-misp-rate": 0,
        "unprot-regs-inst": 0.6446289211562357,
        "unprot-regs-rate": 0.3349115677071888
    }
}