{
    "simpoint": {
        "interval": 2159,
        "weight": 0.445803,
        "waypoints": [
            19330789608,
            19332584004,
            19341555167
        ],
        "name": "5"
    },
    "stats": {
        "insts": 50000238.0,
        "ipc": 1.266216,
        "cycles": 39487917.0,
        "reg-taints": 0.0,
        "mem-taints": 0.0,
        "xmit-taints": 17874.0,
        "loads": 21380446.0,
        "load-rate": 0.42760688459122936,
        "stalls": 7175974241,
        "access-preds": 5724004,
        "access-misps": 4760649,
        "access-misp-rate": 0.8316991043332604
    }
}