{
    "simpoint": {
        "interval": 59710,
        "weight": 0.130334,
        "waypoints": [
            1019892430492,
            1019895355539,
            1019910840141
        ],
        "name": "5"
    },
    "stats": {
        "insts": 50000047.0,
        "ipc": 1.359427,
        "cycles": 36780235.0,
        "reg-taints": 0.0,
        "mem-taints": 0.0,
        "xmit-taints": 0.0,
        "loads": 12533065.0,
        "load-rate": 0.2506610643785995,
        "stalls": 2289678225,
        "access-preds": 15126635,
        "access-misps": 932330,
        "access-misp-rate": 0.06163499020105926
    }
}