{
    "weight": 0.9999993,
    "stats": {
        "insts": 50000036.93705955,
        "ipc": 1.6011980955393668,
        "cycles": 32100363.851042494,
        "reg-taints": 0.0,
        "mem-taints": 0.0,
        "xmit-taints": 0.0,
        "stalls": 3123269031.34155,
        "access-preds": 15331774.172933321,
        "access-misps": 363070.6346227442,
        "access-misp-rate": 0.02305603934070656
    }
}