{
    "weight": 1.00000015,
    "stats": {
        "loads": 14304409.577269316,
        "insts": 50000049.60694036,
        "access-misps": 779582.2002624699,
        "mem-taints": 0.0,
        "cycles": 51405144.0178688,
        "access-misp-rate": 0.04540227176978435,
        "xmit-taints": 0.0,
        "ipc": 1.0425349965118504,
        "reg-taints": 0.0,
        "access-preds": 17204941.10152444,
        "stalls": 51376801207.671295,
        "load-rate": 0.2860878894053855
    }
}