{
    "simpoint": {
        "interval": 1127,
        "weight": 0.00189085,
        "waypoints": [
            9507494274,
            9508513777,
            9529937597
        ],
        "name": "1"
    },
    "stats": {
        "insts": 59361125.0,
        "ipc": 0.45448,
        "cycles": 130613373.0,
        "reg-taints": 0.0,
        "mem-taints": 0.0,
        "xmit-taints": 230633.0,
        "loads": 18919414.0,
        "load-rate": 0.31871724129217566,
        "stalls": 39820986959,
        "access-preds": 16648021,
        "access-misps": 327880,
        "access-misp-rate": 0.019694833397915584
    }
}