{
    "simpoint": {
        "interval": 6337,
        "weight": 0.0160066,
        "waypoints": [
            143980617389,
            143984953023,
            144006443864
        ],
        "name": "1"
    },
    "stats": {
        "insts": 63057872.0,
        "ipc": 0.921193,
        "cycles": 68452389.0,
        "reg-taints": 0.0,
        "mem-taints": 0.0,
        "xmit-taints": 2486697.0,
        "stalls": 43094133074,
        "access-preds": 5142185,
        "access-misps": 610285,
        "access-misp-rate": 0.11868203886091223
    }
}