{
    "simpoint": {
        "interval": 43679,
        "weight": 0.0669796,
        "waypoints": [
            632458534034,
            632463526372,
            632488473628
        ],
        "name": "8"
    },
    "stats": {
        "insts": 50000020.0,
        "ipc": 0.272381,
        "cycles": 183566253.0,
        "reg-taints": 0.0,
        "mem-taints": 0.0,
        "xmit-taints": 0.0,
        "stalls": 201080752686,
        "access-preds": 26305147,
        "access-misps": 167080,
        "access-misp-rate": 0.0063516086794725
    }
}