{
    "weight": 1.0000004999999998,
    "stats": {
        "insts": 53583618.55785223,
        "ipc": 1.093215084765658,
        "cycles": 49274515.53821894,
        "reg-taints": 0.0,
        "mem-taints": 0.0,
        "xmit-taints": 913887.0073446963,
        "stalls": 27768894544.341076,
        "access-preds": 2023051.9825311091,
        "access-misps": 1856804.1238034382,
        "access-misp-rate": 0.9215993466413869
    }
}