{
    "simpoint": {
        "interval": 88330,
        "weight": 0.0564765,
        "waypoints": [
            1467833091303,
            1467834869888,
            1467841370580
        ],
        "name": "6"
    },
    "stats": {
        "insts": 50000098.0,
        "ipc": 1.255931,
        "cycles": 39811180.0,
        "reg-taints": 0.0,
        "mem-taints": 0.0,
        "xmit-taints": 0.0,
        "loads": 7098709.0,
        "load-rate": 0.1419739017311526,
        "stalls": 1461975717,
        "access-preds": 8620233,
        "access-misps": 523807,
        "access-misp-rate": 0.06076483083461897
    }
}