{
    "weight": 0.9999989000000001,
    "stats": {
        "loads": 15256051.226074247,
        "mem-taints": 0.0,
        "insts": 59904131.28885521,
        "ipc": 1.0682980312770343,
        "access-preds": 3669426.590738349,
        "access-misps": 3418038.8827937706,
        "load-rate": 0.2546917579422425,
        "reg-taints": 0.0,
        "stalls": 63095936690.92667,
        "xmit-taints": 2501419.0979782073,
        "access-misp-rate": 0.9313667318629824,
        "cycles": 56123314.492212735
    }
}