{
    "simpoint": {
        "interval": 6816,
        "weight": 0.0972148,
        "waypoints": [
            68203212738,
            68207349952,
            68235494920
        ],
        "name": "1"
    },
    "stats": {
        "insts": 50000588.0,
        "ipc": 2.131086,
        "cycles": 23462489.0,
        "loads": 11695059.0,
        "load-rate": 0.2338984293544708,
        "stalls": 0,
        "access-preds": 0,
        "access-misps": 0,
        "access-misp-rate": 0
    }
}