{
    "simpoint": {
        "interval": 255304,
        "weight": 0.103988,
        "waypoints": [
            3579939050060,
            3579941974325,
            3579956592568
        ],
        "name": "6"
    },
    "stats": {
        "insts": 51332669.0,
        "ipc": 2.026948,
        "cycles": 25325100.0,
        "reg-taints": 0.0,
        "mem-taints": 0.0,
        "xmit-taints": 1775872.0,
        "loads": 16384717.0,
        "load-rate": 0.3191869294776003,
        "stalls": 2139123632,
        "access-preds": 5861873,
        "access-misps": 2727,
        "access-misp-rate": 0.00046520966933265187
    }
}