{
    "simpoint": {
        "interval": 176856,
        "weight": 0.741968,
        "waypoints": [
            372957067087,
            372957355468,
            372958798367
        ],
        "name": "8"
    },
    "stats": {
        "insts": 50000127.0,
        "ipc": 1.07244,
        "cycles": 46622754.0,
        "reg-taints": 0.0,
        "mem-taints": 0.0,
        "xmit-taints": 797520.0,
        "loads": 22440642.0,
        "load-rate": 0.44881170001828197,
        "stalls": 528052334496,
        "access-preds": 9159686,
        "access-misps": 3934993,
        "access-misp-rate": 0.4295991150788357
    }
}