{
    "weight": 0.9999993,
    "stats": {
        "reg-taints": 0.0,
        "ipc": 0.9046349427939598,
        "mem-taints": 0.0,
        "cycles": 68518755.16515242,
        "xmit-taints": 1298638.8169452716,
        "insts": 51721789.03058492
    }
}