{
    "simpoint": {
        "interval": 26494,
        "weight": 0.14016,
        "waypoints": [
            411545962080,
            411548965384,
            411564070365
        ],
        "name": "5"
    },
    "stats": {
        "insts": 50000050.0,
        "ipc": 0.540642,
        "cycles": 92482815.0,
        "pub-annot-reg-rate": NaN,
        "pub-annot-load-rate": NaN,
        "pub-annot-load-count": 0.0,
        "annot-load-count": 0.0,
        "prot-regs": 102403833.0,
        "unprot-regs": 31519740.0,
        "loads": 12694394.0,
        "load-rate": 0.25388762611237387,
        "stalls": 363610921500,
        "access-preds": 0,
        "access-misps": 0,
        "access-misp-rate": 0,
        "unprot-regs-inst": 0.6303941696058304,
        "unprot-regs-rate": 0.2353561758690533
    }
}