{
    "simpoint": {
        "interval": 3752,
        "weight": 0.0568152,
        "waypoints": [
            30283834112,
            30285417422,
            30293363516
        ],
        "name": "1"
    },
    "stats": {
        "insts": 50000035.0,
        "ipc": 1.330469,
        "cycles": 37580762.0,
        "loads": 12576084.0,
        "load-rate": 0.25152150393494727,
        "stalls": 0,
        "access-preds": 0,
        "access-misps": 0,
        "access-misp-rate": 0
    }
}