{
    "weight": 0.9999989000000001,
    "stats": {
        "load-rate": 0.24961988809822191,
        "reg-taints": 0.0,
        "access-misps": 356183.0148471163,
        "loads": 12481002.800318481,
        "cycles": 33976391.775842756,
        "mem-taints": 0.0,
        "ipc": 1.4727086982728679,
        "xmit-taints": 0.0,
        "access-preds": 14982818.48984984,
        "access-misp-rate": 0.023776303230552465,
        "stalls": 2761322361.5242944,
        "insts": 50000033.57002142
    }
}