{
    "simpoint": {
        "interval": 32433,
        "weight": 0.187435,
        "waypoints": [
            509957589309,
            509960772984,
            509976769041
        ],
        "name": "6"
    },
    "stats": {
        "insts": 60338939.0,
        "ipc": 1.599686,
        "cycles": 37719242.0,
        "stalls": 0
    }
}