{
    "simpoint": {
        "interval": 39859,
        "weight": 0.212529,
        "waypoints": [
            391499302195,
            391501655814,
            391512639171
        ],
        "name": "6"
    },
    "stats": {
        "insts": 50000026.0,
        "ipc": 0.990535,
        "cycles": 50477791.0,
        "reg-taints": 0.0,
        "mem-taints": 0.0,
        "xmit-taints": 0.0,
        "stalls": 6278802527,
        "access-preds": 16227384,
        "access-misps": 14779507,
        "access-misp-rate": 0.9107756986585145
    }
}