{
    "simpoint": {
        "interval": 32441,
        "weight": 0.00615222,
        "waypoints": [
            71868953532,
            71869666244,
            71871757542
        ],
        "name": "1"
    },
    "stats": {
        "insts": 50000162.0,
        "ipc": 0.455071,
        "cycles": 109873272.0,
        "pub-annot-reg-rate": NaN,
        "pub-annot-load-rate": NaN,
        "pub-annot-load-count": 0.0,
        "annot-load-count": 0.0,
        "prot-regs": 72544362.0,
        "unprot-regs": 19187006.0,
        "loads": 18916936.0,
        "load-rate": 0.37833749418651885,
        "stalls": 1767635919000,
        "access-preds": 0,
        "access-misps": 0,
        "access-misp-rate": 0,
        "unprot-regs-inst": 0.3837388766860395,
        "unprot-regs-rate": 0.20916515711397654
    }
}