{
    "simpoint": {
        "interval": 3354,
        "weight": 0.00322998,
        "waypoints": [
            37944203998,
            37949002768,
            37964226551
        ],
        "name": "0"
    },
    "stats": {
        "insts": 52796413.0,
        "ipc": 0.351008,
        "cycles": 150413838.0,
        "reg-taints": 0.0,
        "mem-taints": 0.0,
        "xmit-taints": 601776.0,
        "stalls": 336015073804,
        "access-preds": 2171776,
        "access-misps": 277,
        "access-misp-rate": 0.0001275453822125302
    }
}