{
    "weight": 1.00000015,
    "stats": {
        "loads": 14913157.826344227,
        "cycles": 53489059.14235134,
        "access-preds": 5550692.127787831,
        "reg-taints": 0.0,
        "access-misp-rate": 0.0837285576318074,
        "load-rate": 0.28111688511088484,
        "access-misps": 494140.69387769594,
        "stalls": 62983343162.563896,
        "xmit-taints": 9526551.994676,
        "ipc": 1.068856007515099,
        "insts": 52981082.85376752,
        "mem-taints": 0.0
    }
}