{
    "weight": 0.9999998099999998,
    "stats": {
        "mem-taints": 0.0,
        "load-rate": 0.3260150365378746,
        "ipc": 1.3044003332110434,
        "access-misp-rate": 0.8422077199031828,
        "insts": 50249041.97831808,
        "stalls": 37778494229.36257,
        "access-preds": 11000468.928614058,
        "reg-taints": 0.0,
        "cycles": 41984083.08674359,
        "access-misps": 9363726.090023538,
        "xmit-taints": 1669001.454847927,
        "loads": 16372410.76877377
    }
}