{
    "weight": 1.00000036,
    "stats": {
        "reg-taints": 0.0,
        "xmit-taints": 19040130.83557132,
        "access-misps": 940156.799846792,
        "loads": 17263625.74776797,
        "access-misp-rate": 0.16787282177633772,
        "cycles": 110348077.08330491,
        "insts": 50029464.505305566,
        "access-preds": 4567433.857456311,
        "load-rate": 0.34507428825072434,
        "mem-taints": 0.0,
        "ipc": 0.4796078067755095,
        "stalls": 2721654091921.1978
    }
}