{
    "simpoint": {
        "interval": 12960,
        "weight": 0.306268,
        "waypoints": [
            165090540848,
            165093065340,
            165105724398
        ],
        "name": "7"
    },
    "stats": {
        "insts": 50000021.0,
        "ipc": 0.831198,
        "cycles": 60154192.0,
        "reg-taints": 0.0,
        "mem-taints": 0.0,
        "xmit-taints": 0.0,
        "stalls": 41793529093,
        "access-preds": 20614472,
        "access-misps": 1523081,
        "access-misp-rate": 0.07388406552445292
    }
}