{
    "simpoint": {
        "interval": 11244,
        "weight": 0.0981097,
        "waypoints": [
            255279592077,
            255284103721,
            255306639867
        ],
        "name": "2"
    },
    "stats": {
        "insts": 54572776.0,
        "ipc": 1.046523,
        "cycles": 52146776.0,
        "reg-taints": 0.0,
        "mem-taints": 0.0,
        "xmit-taints": 1874660.0,
        "stalls": 4592836508,
        "access-preds": 9451747,
        "access-misps": 436959,
        "access-misp-rate": 0.04623050109149134
    }
}