{
    "weight": 0.999999552,
    "stats": {
        "insts": 50000039.7811447,
        "ipc": 1.6235834100177158,
        "cycles": 34161584.36294201,
        "reg-taints": 0.0,
        "mem-taints": 0.0,
        "xmit-taints": 0.0,
        "stalls": 17656225661.88846,
        "access-preds": 18763088.74392703,
        "access-misps": 850134.4251308024,
        "access-misp-rate": 0.04504310104084153
    }
}