{
    "simpoint": {
        "interval": 59710,
        "weight": 0.130334,
        "waypoints": [
            1023881862660,
            1023884787955,
            1023900323014
        ],
        "name": "5"
    },
    "stats": {
        "insts": 50000047.0,
        "ipc": 1.320878,
        "cycles": 37853633.0,
        "reg-taints": 0.0,
        "mem-taints": 0.0,
        "xmit-taints": 0.0,
        "loads": 12533065.0,
        "load-rate": 0.2506610643785995,
        "stalls": 9382475454,
        "access-preds": 15126635,
        "access-misps": 13852004,
        "access-misp-rate": 0.9157359849034501
    }
}