{
    "weight": 0.9999993,
    "stats": {
        "xmit-taints": 1564130.54251888,
        "reg-taints": 0.0,
        "mem-taints": 0.0,
        "cycles": 40067948.98325549,
        "ipc": 1.3774345078105552,
        "insts": 54007796.87224121
    }
}