{
    "weight": 0.9999986999999999,
    "stats": {
        "insts": 50000302.042599864,
        "ipc": 1.1244027994399395,
        "cycles": 44672663.735890955,
        "reg-taints": 0.0,
        "mem-taints": 0.0,
        "xmit-taints": 0.0,
        "stalls": 484305831.3829028,
        "access-preds": 14768492.158895608,
        "access-misps": 376911.0255914333,
        "access-misp-rate": 0.02522284239100607
    }
}