{
    "simpoint": {
        "interval": 108130,
        "weight": 0.0553263,
        "waypoints": [
            229268601786,
            229270494796,
            229272893867
        ],
        "name": "6"
    },
    "stats": {
        "insts": 50000356.0,
        "ipc": 1.50256,
        "cycles": 33276777.0,
        "reg-taints": 0.0,
        "mem-taints": 0.0,
        "xmit-taints": 410271.0,
        "loads": 13880526.0,
        "load-rate": 0.2776085434271708,
        "stalls": 5757927844,
        "access-preds": 3361351,
        "access-misps": 2516618,
        "access-misp-rate": 0.7486924156388309
    }
}