{
    "simpoint": {
        "interval": 29806,
        "weight": 0.283652,
        "waypoints": [
            541715542504,
            541718880456,
            541735271010
        ],
        "name": "2"
    },
    "stats": {
        "insts": 50000038.0,
        "ipc": 1.140312,
        "cycles": 43847689.0,
        "reg-taints": 0.0,
        "mem-taints": 0.0,
        "xmit-taints": 0.0,
        "loads": 12031800.0,
        "load-rate": 0.240635817116779,
        "stalls": 5755406409,
        "access-preds": 14448682,
        "access-misps": 1360201,
        "access-misp-rate": 0.0941401437169148
    }
}