{
    "simpoint": {
        "interval": 11980,
        "weight": 0.055951,
        "waypoints": [
            170259628107,
            170266642461,
            170300372194
        ],
        "name": "1"
    },
    "stats": {
        "insts": 50000045.0,
        "ipc": 0.708883,
        "cycles": 70533566.0,
        "reg-taints": 0.0,
        "mem-taints": 0.0,
        "xmit-taints": 31289690.0,
        "stalls": 405156040994,
        "access-preds": 54364,
        "access-misps": 40,
        "access-misp-rate": 0.0007357810315650063
    }
}