{
    "weight": 0.9999993,
    "stats": {
        "reg-taints": 0.0,
        "ipc": 1.6222938723701106,
        "cycles": 34249858.587901615,
        "access-preds": 5912967.989591492,
        "access-misp-rate": 0.04883786955461386,
        "insts": 54007794.86931061,
        "stalls": 9268735626.212465,
        "access-misps": 302380.94172145927,
        "mem-taints": 0.0,
        "loads": 13377345.876057414,
        "load-rate": 0.24768306242535115,
        "xmit-taints": 1589679.4332951033
    }
}