{
    "simpoint": {
        "interval": 88330,
        "weight": 0.0564765,
        "waypoints": [
            1473827797215,
            1473829575800,
            1473836076492
        ],
        "name": "6"
    },
    "stats": {
        "insts": 50000098.0,
        "ipc": 1.254546,
        "cycles": 39855119.0,
        "reg-taints": 0.0,
        "mem-taints": 0.0,
        "xmit-taints": 0.0,
        "stalls": 1483671584,
        "access-preds": 8620233,
        "access-misps": 588101,
        "access-misp-rate": 0.06822332992623285
    }
}