{
    "simpoint": {
        "interval": 31800,
        "weight": 0.243177,
        "waypoints": [
            744597648512,
            744602414654,
            744626229552
        ],
        "name": "6"
    },
    "stats": {
        "insts": 64053490.0,
        "ipc": 0.85287,
        "cycles": 75103422.0,
        "reg-taints": 0.0,
        "mem-taints": 0.0,
        "xmit-taints": 2881807.0,
        "loads": 18142865.0,
        "load-rate": 0.28324553431827054,
        "stalls": 47222078826,
        "access-preds": 6058890,
        "access-misps": 277903,
        "access-misp-rate": 0.04586698223602013
    }
}