{
    "weight": 0.9999989000000001,
    "stats": {
        "insts": 50000034.064624764,
        "access-preds": 0.0,
        "stalls": 0.0,
        "loads": 12481003.20039492,
        "cycles": 45873194.31400784,
        "load-rate": 0.24961989354188666,
        "access-misp-rate": 0.0,
        "ipc": 1.0900913711489082,
        "access-misps": 0.0
    }
}