{
    "simpoint": {
        "interval": 3001,
        "weight": 0.00983381,
        "waypoints": [
            27808943613,
            27811820590,
            27826030172
        ],
        "name": "6"
    },
    "stats": {
        "insts": 50000082.0,
        "ipc": 0.815186,
        "cycles": 61335762.0,
        "reg-taints": 0.0,
        "mem-taints": 0.0,
        "xmit-taints": 0.0,
        "loads": 11844971.0,
        "load-rate": 0.23689903148558836,
        "stalls": 2102319990,
        "access-preds": 14188318,
        "access-misps": 63115,
        "access-misp-rate": 0.004448377883833728
    }
}