{
    "simpoint": {
        "interval": 1547,
        "weight": 0.228967,
        "waypoints": [
            36659013047,
            36663513461,
            36685938705
        ],
        "name": "0"
    },
    "stats": {
        "insts": 50000206.0,
        "ipc": 0.402315,
        "cycles": 124281389.0,
        "loads": 14489064.0,
        "load-rate": 0.2897800861060452,
        "stalls": 0,
        "access-preds": 0,
        "access-misps": 0,
        "access-misp-rate": 0
    }
}