{
    "simpoint": {
        "interval": 490852,
        "weight": 0.157265,
        "waypoints": [
            841037946962,
            841038171097,
            841039344402
        ],
        "name": "6"
    },
    "stats": {
        "insts": 50012163.0,
        "ipc": 0.479769,
        "cycles": 104242119.0,
        "pub-annot-reg-rate": NaN,
        "pub-annot-load-rate": NaN,
        "pub-annot-load-count": 0.0,
        "annot-load-count": 0.0,
        "prot-regs": 83664026.0,
        "unprot-regs": 33749146.0,
        "loads": 17182617.0,
        "load-rate": 0.34356876346260007,
        "stalls": 1792302548000,
        "access-preds": 0,
        "access-misps": 0,
        "access-misp-rate": 0,
        "unprot-regs-inst": 0.6748187635875696,
        "unprot-regs-rate": 0.2874391810145458
    }
}