{
    "weight": 0.99999997,
    "stats": {
        "insts": 50132486.331020124,
        "ipc": 0.5194799146558774,
        "cycles": 98333605.48887263,
        "reg-taints": 0.0,
        "mem-taints": 0.0,
        "xmit-taints": 16743654.68286426,
        "stalls": 29375712158.624077,
        "access-preds": 8725.67831239035,
        "access-misps": 8724.4965968849,
        "access-misp-rate": 0.0042110058136397635
    }
}