{
    "weight": 0.99999978,
    "stats": {
        "xmit-taints": 18746774.793881867,
        "stalls": 674729048439.1896,
        "access-misp-rate": 0.9017235489950556,
        "mem-taints": 0.0,
        "access-preds": 3678555.8991677677,
        "ipc": 0.34091466895438716,
        "loads": 17156912.76694311,
        "insts": 50004421.5688457,
        "load-rate": 0.34310784550138673,
        "access-misps": 3316984.6149191554,
        "cycles": 147024369.0519755,
        "reg-taints": 0.0
    }
}