{
    "simpoint": {
        "interval": 9839,
        "weight": 0.105046,
        "waypoints": [
            151815996638,
            151819203984,
            151835425550
        ],
        "name": "2"
    },
    "stats": {
        "insts": 50000026.0,
        "ipc": 0.665115,
        "cycles": 75175027.0,
        "reg-taints": 0.0,
        "mem-taints": 0.0,
        "xmit-taints": 0.0,
        "stalls": 297163950483,
        "access-preds": 14561317,
        "access-misps": 2034214,
        "access-misp-rate": 0.13969986368678053
    }
}