{
    "simpoint": {
        "interval": 22377,
        "weight": 0.227606,
        "waypoints": [
            520541835962,
            520546619243,
            520570544851
        ],
        "name": "4"
    },
    "stats": {
        "insts": 55014014.0,
        "ipc": 1.204722,
        "cycles": 45665322.0,
        "reg-taints": 0.0,
        "mem-taints": 0.0,
        "xmit-taints": 1553678.0,
        "stalls": 1472290487,
        "access-preds": 10409015,
        "access-misps": 9957851,
        "access-misp-rate": 0.9566564175380667
    }
}