{
    "simpoint": {
        "interval": 3490,
        "weight": 0.142264,
        "waypoints": [
            103796818368,
            103803295809,
            103834258596
        ],
        "name": "4"
    },
    "stats": {
        "insts": 50000067.0,
        "ipc": 0.605512,
        "cycles": 82574830.0,
        "loads": 23670751.0,
        "load-rate": 0.47341438562472327,
        "stalls": 0,
        "access-preds": 0,
        "access-misps": 0,
        "access-misp-rate": 0
    }
}