{
    "simpoint": {
        "interval": 52123,
        "weight": 0.310505,
        "waypoints": [
            82623633671,
            82623983873,
            82625784597
        ],
        "name": "4"
    },
    "stats": {
        "insts": 50000086.0,
        "ipc": 1.088416,
        "cycles": 45938413.0,
        "reg-taints": 0.0,
        "mem-taints": 0.0,
        "xmit-taints": 0.0,
        "loads": 12468218.0,
        "load-rate": 0.2493639310940385,
        "stalls": 706123331,
        "access-preds": 14963877,
        "access-misps": 367176,
        "access-misp-rate": 0.024537491186274785
    }
}