{
    "simpoint": {
        "interval": 3752,
        "weight": 0.0568152,
        "waypoints": [
            30283834112,
            30285417422,
            30293363516
        ],
        "name": "1"
    },
    "stats": {
        "insts": 50597004.0,
        "ipc": 1.327531,
        "cycles": 38113618.0,
        "reg-taints": 0.0,
        "mem-taints": 0.0,
        "xmit-taints": 1470612.0,
        "loads": 12577779.0,
        "load-rate": 0.24858742624365665,
        "stalls": 2757001036,
        "access-preds": 9898640,
        "access-misps": 8972137,
        "access-misp-rate": 0.9064009803366927
    }
}