{
    "simpoint": {
        "interval": 23485,
        "weight": 0.196342,
        "waypoints": [
            446431669982,
            446437281494,
            446460005165
        ],
        "name": "7"
    },
    "stats": {
        "insts": 53143067.0,
        "ipc": 1.14691,
        "cycles": 46335846.0,
        "reg-taints": 0.0,
        "mem-taints": 0.0,
        "xmit-taints": 9715593.0,
        "loads": 15282434.0,
        "load-rate": 0.2875715471973042,
        "stalls": 23454650397,
        "access-preds": 6046616,
        "access-misps": 363126,
        "access-misp-rate": 0.06005441721452131
    }
}