{
    "simpoint": {
        "interval": 11244,
        "weight": 0.0981097,
        "waypoints": [
            255279592077,
            255284103721,
            255306639867
        ],
        "name": "2"
    },
    "stats": {
        "insts": 54572778.0,
        "ipc": 0.897201,
        "cycles": 60825600.0,
        "reg-taints": 0.0,
        "mem-taints": 0.0,
        "xmit-taints": 1874660.0,
        "stalls": 2106994355,
        "access-preds": 9451747,
        "access-misps": 473021,
        "access-misp-rate": 0.05004588040708242
    }
}