{
    "simpoint": {
        "interval": 984,
        "weight": 0.0721535,
        "waypoints": [
            11505589094,
            11508197954,
            11518382007
        ],
        "name": "0"
    },
    "stats": {
        "insts": 51523709.0,
        "ipc": 1.162939,
        "cycles": 44304746.0,
        "reg-taints": 0.0,
        "mem-taints": 0.0,
        "xmit-taints": 595315.0,
        "stalls": 916820420,
        "access-preds": 3036141,
        "access-misps": 243429,
        "access-misp-rate": 0.08017710639920873
    }
}