{
    "simpoint": {
        "interval": 88330,
        "weight": 0.0564765,
        "waypoints": [
            1473827797215,
            1473829575800,
            1473836076492
        ],
        "name": "6"
    },
    "stats": {
        "insts": 50000098.0,
        "ipc": 1.257432,
        "cycles": 39763655.0,
        "reg-taints": 0.0,
        "mem-taints": 0.0,
        "xmit-taints": 0.0,
        "stalls": 1119877415,
        "access-preds": 8620233,
        "access-misps": 466353,
        "access-misp-rate": 0.054099813775335306
    }
}