{
    "simpoint": {
        "interval": 3752,
        "weight": 0.0568152,
        "waypoints": [
            30278854373,
            30280437679,
            30288383754
        ],
        "name": "1"
    },
    "stats": {
        "insts": 50000048.0,
        "ipc": 1.926928,
        "cycles": 25948059.0,
        "reg-taints": 0.0,
        "mem-taints": 0.0,
        "xmit-taints": 0.0,
        "loads": 12576093.0,
        "load-rate": 0.2515216185392462,
        "stalls": 281483491,
        "access-preds": 15085071,
        "access-misps": 36064,
        "access-misp-rate": 0.0023907080052854904
    }
}