{
    "simpoint": {
        "interval": 32441,
        "weight": 0.00615222,
        "waypoints": [
            71868953532,
            71869666244,
            71871757542
        ],
        "name": "1"
    },
    "stats": {
        "insts": 50000161.0,
        "ipc": 1.428316,
        "cycles": 35006370.0,
        "reg-taints": 0.0,
        "mem-taints": 0.0,
        "xmit-taints": 0.0,
        "loads": 18916937.0,
        "load-rate": 0.37833752175318,
        "stalls": 478670639,
        "access-preds": 21300866,
        "access-misps": 244983,
        "access-misp-rate": 0.011501081693110506
    }
}