{
    "weight": 0.9999993,
    "stats": {
        "insts": 51721789.1477037,
        "ipc": 1.0390144237007966,
        "cycles": 59721700.19776664,
        "reg-taints": 0.0,
        "mem-taints": 0.0,
        "xmit-taints": 1298638.8169452716
    }
}