{
    "simpoint": {
        "interval": 3585,
        "weight": 0.134108,
        "waypoints": [
            33454489991,
            33456525914,
            33466700112
        ],
        "name": "2"
    },
    "stats": {
        "insts": 50000032.0,
        "ipc": 1.079845,
        "cycles": 46302955.0,
        "reg-taints": 0.0,
        "mem-taints": 0.0,
        "xmit-taints": 0.0,
        "loads": 16533097.0,
        "load-rate": 0.3306617283764938,
        "stalls": 22420577128,
        "access-preds": 19847715,
        "access-misps": 1112085,
        "access-misp-rate": 0.056030883152040425
    }
}