{
    "simpoint": {
        "interval": 20608,
        "weight": 0.173667,
        "waypoints": [
            164880175011,
            164881697469,
            164890126069
        ],
        "name": "6"
    },
    "stats": {
        "insts": 50036844.0,
        "ipc": 0.477786,
        "cycles": 104726482.0,
        "reg-taints": 0.0,
        "mem-taints": 0.0,
        "xmit-taints": 18666750.0,
        "loads": 13167942.0,
        "load-rate": 0.2631649190344619,
        "stalls": 1094564136383,
        "access-preds": 807390,
        "access-misps": 54977,
        "access-misp-rate": 0.06809224786038966
    }
}