{
    "weight": 0.999999552,
    "stats": {
        "insts": 53913157.14446325,
        "ipc": 1.64012843768632,
        "cycles": 35978365.07240826,
        "reg-taints": 0.0,
        "mem-taints": 0.0,
        "xmit-taints": 3042748.058009249,
        "stalls": 3058310044.7732005,
        "access-preds": 13710763.176572142,
        "access-misps": 604512.8838542199,
        "access-misp-rate": 0.04423112743985223
    }
}