{
    "simpoint": {
        "interval": 9883,
        "weight": 0.0988081,
        "waypoints": [
            223086439930,
            223089436129,
            223105157981
        ],
        "name": "1"
    },
    "stats": {
        "insts": 51811963.0,
        "ipc": 0.732205,
        "cycles": 70761543.0,
        "reg-taints": 0.0,
        "mem-taints": 0.0,
        "xmit-taints": 1516648.0,
        "loads": 12302580.0,
        "load-rate": 0.23744670704717363,
        "stalls": 64943836251,
        "access-preds": 1905539,
        "access-misps": 91914,
        "access-misp-rate": 0.04823517125600683
    }
}