{
    "simpoint": {
        "interval": 41440,
        "weight": 0.14246,
        "waypoints": [
            644894324154,
            644897490433,
            644913410359
        ],
        "name": "7"
    },
    "stats": {
        "insts": 59689233.0,
        "ipc": 1.157903,
        "cycles": 51549439.0,
        "reg-taints": 0.0,
        "mem-taints": 0.0,
        "xmit-taints": 2351632.0,
        "stalls": 1193170591,
        "access-preds": 3562339,
        "access-misps": 151572,
        "access-misp-rate": 0.04254844920710803
    }
}