{
    "weight": 0.9999989000000001,
    "stats": {
        "cycles": 35601882.65328382,
        "loads": 13534421.532055782,
        "load-rate": 0.24500198161678752,
        "access-misps": 0.0,
        "access-preds": 0.0,
        "stalls": 0.0,
        "access-misp-rate": 0.0,
        "ipc": 1.5526727996578795,
        "insts": 55245120.19032541
    }
}