{
    "simpoint": {
        "interval": 26494,
        "weight": 0.14016,
        "waypoints": [
            411545962080,
            411548965384,
            411564070365
        ],
        "name": "5"
    },
    "stats": {
        "insts": 50000050.0,
        "ipc": 0.567711,
        "cycles": 88073033.0,
        "pub-annot-reg-rate": NaN,
        "pub-annot-load-rate": NaN,
        "pub-annot-load-count": 0.0,
        "annot-load-count": 0.0,
        "prot-regs": 102349125.0,
        "unprot-regs": 31574448.0,
        "loads": 12694394.0,
        "load-rate": 0.25388762611237387,
        "stalls": 301161316500,
        "access-preds": 0,
        "access-misps": 0,
        "access-misp-rate": 0,
        "unprot-regs-inst": 0.6314883285116715,
        "unprot-regs-rate": 0.23576467751498834
    }
}