{
    "simpoint": {
        "interval": 2159,
        "weight": 0.445803,
        "waypoints": [
            19330789633,
            19332584029,
            19341555192
        ],
        "name": "5"
    },
    "stats": {
        "insts": 50507220.0,
        "ipc": 1.646404,
        "cycles": 30677302.0,
        "reg-taints": 0.0,
        "mem-taints": 0.0,
        "xmit-taints": 17874.0,
        "stalls": 12181025788
    }
}