{
    "simpoint": {
        "interval": 88330,
        "weight": 0.0564765,
        "waypoints": [
            1473827797215,
            1473829575800,
            1473836076492
        ],
        "name": "6"
    },
    "stats": {
        "insts": 52208503.0,
        "ipc": 0.948149,
        "cycles": 55063613.0,
        "reg-taints": 0.0,
        "mem-taints": 0.0,
        "xmit-taints": 1982396.0,
        "stalls": 21325229500,
        "access-preds": 436075,
        "access-misps": 285015,
        "access-misp-rate": 0.6535916986756866
    }
}