{
    "simpoint": {
        "interval": 32441,
        "weight": 0.00615222,
        "waypoints": [
            72167249964,
            72167962676,
            72170053974
        ],
        "name": "1"
    },
    "stats": {
        "insts": 50000173.0,
        "ipc": 1.260179,
        "cycles": 39677054.0,
        "reg-taints": 0.0,
        "mem-taints": 0.0,
        "xmit-taints": 197281.0,
        "loads": 18916939.0,
        "load-rate": 0.3783374709523505,
        "stalls": 28026365690,
        "access-preds": 5332784,
        "access-misps": 4232140,
        "access-misp-rate": 0.7936079916231372
    }
}