{
    "simpoint": {
        "interval": 3752,
        "weight": 0.0568152,
        "waypoints": [
            30278854373,
            30280437679,
            30288383754
        ],
        "name": "1"
    },
    "stats": {
        "insts": 53676323.0,
        "ipc": 1.582425,
        "cycles": 33920290.0,
        "reg-taints": 0.0,
        "mem-taints": 0.0,
        "xmit-taints": 1370395.0,
        "stalls": 70802879670,
        "access-preds": 5227981,
        "access-misps": 201894,
        "access-misp-rate": 0.03861796743331699
    }
}