{
    "simpoint": {
        "interval": 974975,
        "weight": 0.0136773,
        "waypoints": [
            17617732618670,
            17617736620531,
            17617755690918
        ],
        "name": "6"
    },
    "stats": {
        "insts": 52447061.0,
        "ipc": 1.050501,
        "cycles": 49925772.0,
        "reg-taints": 0.0,
        "mem-taints": 0.0,
        "xmit-taints": 16067.0,
        "loads": 6060799.0,
        "load-rate": 0.11556031709765395,
        "stalls": 222727440,
        "access-preds": 28090,
        "access-misps": 487,
        "access-misp-rate": 0.017337130651477396
    }
}