{
    "simpoint": {
        "interval": 37395,
        "weight": 0.007839,
        "waypoints": [
            364121378550,
            364123554746,
            364135261781
        ],
        "name": "5"
    },
    "stats": {
        "insts": 50000034.0,
        "ipc": 1.229225,
        "cycles": 40676058.0,
        "reg-taints": 0.0,
        "mem-taints": 0.0,
        "xmit-taints": 0.0,
        "loads": 15992108.0,
        "load-rate": 0.3198419425074791,
        "stalls": 69322597149,
        "access-preds": 19209738,
        "access-misps": 359761,
        "access-misp-rate": 0.01872805344872481
    }
}