{
    "weight": 0.9999993,
    "stats": {
        "access-misps": 0.0,
        "access-misp-rate": 0.0,
        "cycles": 32606110.625415936,
        "stalls": 0.0,
        "load-rate": 0.2476830591228639,
        "ipc": 1.6953000344380238,
        "access-preds": 0.0,
        "insts": 54007795.201828435,
        "loads": 13377345.781526549
    }
}