{
    "simpoint": {
        "interval": 20608,
        "weight": 0.173667,
        "waypoints": [
            164880175011,
            164881697469,
            164890126069
        ],
        "name": "6"
    },
    "stats": {
        "insts": 50000026.0,
        "ipc": 0.710347,
        "cycles": 70388152.0,
        "reg-taints": 0.0,
        "mem-taints": 0.0,
        "xmit-taints": 0.0,
        "stalls": 266139172471,
        "access-preds": 15656529,
        "access-misps": 3068104,
        "access-misp-rate": 0.1959632304197182
    }
}