{
    "simpoint": {
        "interval": 3585,
        "weight": 0.134108,
        "waypoints": [
            33462709363,
            33464745286,
            33474919484
        ],
        "name": "2"
    },
    "stats": {
        "insts": 50000033.0,
        "ipc": 0.870124,
        "cycles": 57463115.0,
        "pub-annot-reg-rate": NaN,
        "pub-annot-load-rate": NaN,
        "pub-annot-load-count": 0.0,
        "annot-load-count": 0.0,
        "prot-regs": 58095115.0,
        "unprot-regs": 57988670.0,
        "loads": 16533099.0,
        "load-rate": 0.33066176176323725,
        "stalls": 98371098500,
        "access-preds": 0,
        "access-misps": 0,
        "access-misp-rate": 0,
        "unprot-regs-inst": 1.1597726345500612,
        "unprot-regs-rate": 0.499541516500345
    }
}