{
    "simpoint": {
        "interval": 37395,
        "weight": 0.007839,
        "waypoints": [
            364121378550,
            364123554746,
            364135261781
        ],
        "name": "5"
    },
    "stats": {
        "insts": 50000034.0,
        "ipc": 1.514205,
        "cycles": 33020656.0,
        "reg-taints": 0.0,
        "mem-taints": 0.0,
        "xmit-taints": 0.0,
        "stalls": 32434226423,
        "access-preds": 19209738,
        "access-misps": 15968363,
        "access-misp-rate": 0.8312639662237975
    }
}