{
    "simpoint": {
        "interval": 37395,
        "weight": 0.007839,
        "waypoints": [
            364121378550,
            364123554746,
            364135261781
        ],
        "name": "5"
    },
    "stats": {
        "insts": 57878201.0,
        "ipc": 0.916252,
        "cycles": 63168447.0,
        "reg-taints": 0.0,
        "mem-taints": 0.0,
        "xmit-taints": 4827627.0,
        "stalls": 132324101827,
        "access-preds": 4965376,
        "access-misps": 4401994,
        "access-misp-rate": 0.8865378976335326
    }
}