{
    "simpoint": {
        "interval": 76,
        "weight": 0.00188513,
        "waypoints": [
            669872540,
            672241956,
            684083627
        ],
        "name": "1"
    },
    "stats": {
        "insts": 50000189.0,
        "ipc": 1.035767,
        "cycles": 48273573.0,
        "reg-taints": 0.0,
        "mem-taints": 0.0,
        "xmit-taints": 0.0,
        "loads": 16555524.0,
        "load-rate": 0.3311092284071166,
        "stalls": 25993403529,
        "access-preds": 19864658,
        "access-misps": 1422565,
        "access-misp-rate": 0.07161286139434164
    }
}