{
    "simpoint": {
        "interval": 1547,
        "weight": 0.228967,
        "waypoints": [
            36659013047,
            36663513461,
            36685938705
        ],
        "name": "0"
    },
    "stats": {
        "insts": 50000208.0,
        "ipc": 0.402603,
        "cycles": 124192399.0,
        "reg-taints": 0.0,
        "mem-taints": 0.0,
        "xmit-taints": 0.0,
        "loads": 14489064.0,
        "load-rate": 0.28978007451489,
        "stalls": 147871446390,
        "access-preds": 5303285,
        "access-misps": 2760177,
        "access-misp-rate": 0.5204655227844628
    }
}