{
    "weight": 0.9999993,
    "stats": {
        "access-preds": 15331773.547965685,
        "ipc": 1.600844405588684,
        "insts": 50000036.25527667,
        "load-rate": 0.2545752348167807,
        "reg-taints": 0.0,
        "access-misps": 354755.5304201713,
        "access-misp-rate": 0.02254060823320254,
        "stalls": 3327810633.8524427,
        "xmit-taints": 0.0,
        "cycles": 32099218.34128414,
        "loads": 12728770.926826848,
        "mem-taints": 0.0
    }
}