{
    "weight": 1.0,
    "stats": {
        "load-rate": 0.1439993141664841,
        "insts": 50000236.53239,
        "stalls": 0.0,
        "ipc": 1.565258693522,
        "access-misps": 0.0,
        "loads": 7199999.768825999,
        "access-preds": 0.0,
        "cycles": 31943747.551625,
        "access-misp-rate": 0.0
    }
}