{
    "simpoint": {
        "interval": 59710,
        "weight": 0.130334,
        "waypoints": [
            1019892430492,
            1019895355539,
            1019910840141
        ],
        "name": "5"
    },
    "stats": {
        "insts": 50000047.0,
        "ipc": 0.880201,
        "cycles": 56805264.0,
        "pub-annot-reg-rate": NaN,
        "pub-annot-load-rate": NaN,
        "pub-annot-load-count": 0.0,
        "annot-load-count": 0.0,
        "prot-regs": 75696500.0,
        "unprot-regs": 43495644.0,
        "loads": 12533065.0,
        "load-rate": 0.2506610643785995,
        "stalls": 94069925000,
        "access-preds": 0,
        "access-misps": 0,
        "access-misp-rate": 0,
        "unprot-regs-inst": 0.8699120622826615,
        "unprot-regs-rate": 0.3649203927399779
    }
}