{
    "simpoint": {
        "interval": 29069,
        "weight": 0.24349,
        "waypoints": [
            679799077298,
            679803832986,
            679827701512
        ],
        "name": "5"
    },
    "stats": {
        "insts": 64543776.0,
        "ipc": 0.82783,
        "cycles": 77967385.0,
        "reg-taints": 0.0,
        "mem-taints": 0.0,
        "xmit-taints": 2714337.0,
        "loads": 18420083.0,
        "load-rate": 0.2853889893271816,
        "stalls": 55205461500,
        "access-preds": 6118870,
        "access-misps": 5626931,
        "access-misp-rate": 0.9196029659071038
    }
}