{
    "simpoint": {
        "interval": 1137,
        "weight": 0.0122339,
        "waypoints": [
            9780061725,
            9782244550,
            9789444800
        ],
        "name": "1"
    },
    "stats": {
        "insts": 50004846.0,
        "ipc": 0.599631,
        "cycles": 83392749.0,
        "reg-taints": 0.0,
        "mem-taints": 0.0,
        "xmit-taints": 21520170.0,
        "stalls": 32768838557,
        "access-preds": 970332,
        "access-misps": 923216,
        "access-misp-rate": 0.9514434234880432
    }
}