{
    "simpoint": {
        "interval": 12960,
        "weight": 0.306268,
        "waypoints": [
            165090540848,
            165093065340,
            165105724398
        ],
        "name": "7"
    },
    "stats": {
        "insts": 54035949.0,
        "ipc": 0.747684,
        "cycles": 72271104.0,
        "reg-taints": 0.0,
        "mem-taints": 0.0,
        "xmit-taints": 3349176.0,
        "stalls": 50834039104,
        "access-preds": 15414831,
        "access-misps": 13639035,
        "access-misp-rate": 0.8847995154796053
    }
}