{
    "simpoint": {
        "interval": 37395,
        "weight": 0.007839,
        "waypoints": [
            364121378550,
            364123554746,
            364135261781
        ],
        "name": "5"
    },
    "stats": {
        "insts": 57878198.0,
        "ipc": 1.081805,
        "cycles": 53501526.0,
        "reg-taints": 0.0,
        "mem-taints": 0.0,
        "xmit-taints": 4827627.0,
        "loads": 16102176.0,
        "load-rate": 0.27820797046929485,
        "stalls": 117608115500,
        "access-preds": 4965376,
        "access-misps": 4402001,
        "access-misp-rate": 0.8865393073958548
    }
}