{
    "weight": 0.9999993,
    "stats": {
        "access-preds": 0.0,
        "stalls": 0.0,
        "access-misp-rate": 0.0,
        "loads": 12728771.002805702,
        "load-rate": 0.2545752354658602,
        "cycles": 42481563.734319314,
        "insts": 50000036.4358674,
        "access-misps": 0.0,
        "ipc": 1.188591325722828
    }
}