{
    "simpoint": {
        "interval": 71898,
        "weight": 0.0163127,
        "waypoints": [
            153793454870,
            153793743253,
            153804314114
        ],
        "name": "4"
    },
    "stats": {
        "insts": 50000044.0,
        "ipc": 1.149723,
        "cycles": 43488783.0,
        "reg-taints": 0.0,
        "mem-taints": 0.0,
        "xmit-taints": 28715.0,
        "loads": 10603457.0,
        "load-rate": 0.21206895337932102,
        "stalls": 72664063328,
        "access-preds": 3324395,
        "access-misps": 561148,
        "access-misp-rate": 0.16879702923389067
    }
}