{
    "simpoint": {
        "interval": 1547,
        "weight": 0.228967,
        "waypoints": [
            36659013047,
            36663513461,
            36685938705
        ],
        "name": "0"
    },
    "stats": {
        "insts": 50000205.0,
        "ipc": 0.410753,
        "cycles": 121728117.0,
        "reg-taints": 0.0,
        "mem-taints": 0.0,
        "xmit-taints": 6801922.0,
        "stalls": 43688500,
        "access-preds": 0,
        "access-misps": 0,
        "access-misp-rate": 0
    }
}