{
    "simpoint": {
        "interval": 1726,
        "weight": 0.0593762,
        "waypoints": [
            20222950045,
            20223932455,
            20237556001
        ],
        "name": "3"
    },
    "stats": {
        "insts": 53284291.0,
        "ipc": 1.475122,
        "cycles": 36121948.0,
        "reg-taints": 0.0,
        "mem-taints": 0.0,
        "xmit-taints": 838164.0,
        "stalls": 3091591665,
        "access-preds": 1389593,
        "access-misps": 952581,
        "access-misp-rate": 0.6855107934481536
    }
}