{
    "simpoint": {
        "interval": 11244,
        "weight": 0.0981097,
        "waypoints": [
            255279592077,
            255284103721,
            255306639867
        ],
        "name": "2"
    },
    "stats": {
        "insts": 50071632.0,
        "ipc": 0.407278,
        "cycles": 122942105.0,
        "reg-taints": 0.0,
        "mem-taints": 0.0,
        "xmit-taints": 19414787.0,
        "loads": 13582770.0,
        "load-rate": 0.2712667723712301,
        "stalls": 317154385331,
        "access-preds": 1864399,
        "access-misps": 8875,
        "access-misp-rate": 0.004760247135940322
    }
}