{
    "weight": 0.9999993,
    "stats": {
        "xmit-taints": 16871864.061275445,
        "access-preds": 656620.5084529557,
        "ipc": 0.5916707624803337,
        "cycles": 86230923.585417,
        "stalls": 852088686478.3156,
        "access-misp-rate": 0.038897743498047976,
        "mem-taints": 0.0,
        "loads": 12728771.830234284,
        "load-rate": 0.2544185663735037,
        "reg-taints": 0.0,
        "access-misps": 31658.539278777494,
        "insts": 50030755.86890881
    }
}