{
    "weight": 0.99999997,
    "stats": {
        "ipc": 1.1637671503080644,
        "load-rate": 0.41441517971215064,
        "insts": 50000137.060788915,
        "stalls": 0.0,
        "access-misp-rate": 0.0,
        "cycles": 45930969.07071048,
        "access-misps": 0.0,
        "loads": 20720815.074413944,
        "access-preds": 0.0
    }
}