{
    "simpoint": {
        "interval": 12227,
        "weight": 0.107771,
        "waypoints": [
            190884791740,
            190888375851,
            190913417170
        ],
        "name": "5"
    },
    "stats": {
        "insts": 51927744.0,
        "ipc": 1.380785,
        "cycles": 37607405.0,
        "reg-taints": 0.0,
        "mem-taints": 0.0,
        "xmit-taints": 13087385.0,
        "stalls": 19192610881,
        "access-preds": 4742262,
        "access-misps": 603680,
        "access-misp-rate": 0.12729790129689164
    }
}