{
    "simpoint": {
        "interval": 27452,
        "weight": 0.552881,
        "waypoints": [
            383460646705,
            383463099037,
            383474848480
        ],
        "name": "3"
    },
    "stats": {
        "insts": 53112301.0,
        "ipc": 0.858457,
        "cycles": 61869517.0,
        "reg-taints": 0.0,
        "mem-taints": 0.0,
        "xmit-taints": 2602073.0,
        "stalls": 3356474756,
        "access-preds": 16228899,
        "access-misps": 919597,
        "access-misp-rate": 0.056664164340415206
    }
}