{
    "simpoint": {
        "interval": 5528,
        "weight": 0.0686679,
        "waypoints": [
            44477294529,
            44479048563,
            44487798953
        ],
        "name": "2"
    },
    "stats": {
        "insts": 50029791.0,
        "ipc": 0.604475,
        "cycles": 82765721.0,
        "reg-taints": 0.0,
        "mem-taints": 0.0,
        "xmit-taints": 14269697.0,
        "loads": 13505918.0,
        "load-rate": 0.2699575139140597,
        "stalls": 178525751412,
        "access-preds": 1622546,
        "access-misps": 86788,
        "access-misp-rate": 0.053488776281227154
    }
}