{
    "weight": 0.9999989000000001,
    "stats": {
        "insts": 50000033.21214053,
        "ipc": 1.4857592753418027,
        "access-misp-rate": 0.009273974918713577,
        "access-misps": 138888.48713463586,
        "reg-taints": 0.0,
        "cycles": 33681047.58136614,
        "mem-taints": 0.0,
        "xmit-taints": 0.0,
        "access-preds": 14982818.48984984,
        "loads": 12481002.800318481,
        "stalls": 470100657.57110584,
        "load-rate": 0.2496198898568978
    }
}