{
    "simpoint": {
        "interval": 1033,
        "weight": 0.0814159,
        "waypoints": [
            2457093611,
            2457462439,
            2461062330
        ],
        "name": "0"
    },
    "stats": {
        "insts": 50000149.0,
        "ipc": 1.28996,
        "cycles": 38761016.0,
        "reg-taints": 0.0,
        "mem-taints": 0.0,
        "xmit-taints": 0.0,
        "loads": 17978120.0,
        "load-rate": 0.35956132850724104,
        "stalls": 584387995169,
        "access-preds": 20863587,
        "access-misps": 15262373,
        "access-misp-rate": 0.7315315913797565
    }
}