{
    "simpoint": {
        "interval": 18656,
        "weight": 0.160564,
        "waypoints": [
            292245505205,
            292248594325,
            292264175237
        ],
        "name": "3"
    },
    "stats": {
        "insts": 59822877.0,
        "ipc": 1.091601,
        "cycles": 54802861.0,
        "reg-taints": 0.0,
        "mem-taints": 0.0,
        "xmit-taints": 2310131.0,
        "stalls": 64291950825,
        "access-preds": 3726923,
        "access-misps": 3472672,
        "access-misp-rate": 0.9317799160326092
    }
}