{
    "simpoint": {
        "interval": 3585,
        "weight": 0.134108,
        "waypoints": [
            33454489991,
            33456525914,
            33466700112
        ],
        "name": "2"
    },
    "stats": {
        "insts": 50000035.0,
        "ipc": 1.056785,
        "cycles": 47313343.0,
        "reg-taints": 0.0,
        "mem-taints": 0.0,
        "xmit-taints": 0.0,
        "stalls": 15780304135,
        "access-preds": 19847717,
        "access-misps": 2728780,
        "access-misp-rate": 0.1374858377918226
    }
}