{
    "weight": 0.999999552,
    "stats": {
        "insts": 55678061.292135,
        "xmit-taints": 7194913.168277483,
        "ipc": 1.291893741477464,
        "loads": 15907544.882302325,
        "load-rate": 0.2858944133560468,
        "access-preds": 6430225.357604964,
        "access-misp-rate": 0.8620882651637852,
        "stalls": 55470334733.673454,
        "mem-taints": 0.0,
        "cycles": 46160892.93597884,
        "reg-taints": 0.0,
        "access-misps": 5540279.0629982995
    }
}