{
    "simpoint": {
        "interval": 6337,
        "weight": 0.0160066,
        "waypoints": [
            143980617389,
            143984953023,
            144006443864
        ],
        "name": "1"
    },
    "stats": {
        "insts": 50000014.0,
        "ipc": 0.603406,
        "cycles": 82862991.0,
        "pub-annot-reg-rate": NaN,
        "pub-annot-load-rate": NaN,
        "pub-annot-load-count": 0.0,
        "annot-load-count": 0.0,
        "prot-regs": 88025507.0,
        "unprot-regs": 48009156.0,
        "loads": 13528325.0,
        "load-rate": 0.2705664242414012,
        "stalls": 59660107500,
        "access-preds": 0,
        "access-misps": 0,
        "access-misp-rate": 0,
        "unprot-regs-inst": 0.9601828511488016,
        "unprot-regs-rate": 0.35291854988459814
    }
}