{
    "simpoint": {
        "interval": 18656,
        "weight": 0.160564,
        "waypoints": [
            292245505205,
            292248594325,
            292264175237
        ],
        "name": "3"
    },
    "stats": {
        "insts": 50000023.0,
        "ipc": 1.508679,
        "cycles": 33141600.0,
        "reg-taints": 0.0,
        "mem-taints": 0.0,
        "xmit-taints": 0.0,
        "stalls": 2321046415,
        "access-preds": 15131095,
        "access-misps": 350326,
        "access-misp-rate": 0.023152719614806465
    }
}