{
    "simpoint": {
        "interval": 4298,
        "weight": 0.0964486,
        "waypoints": [
            55308186049,
            55310737988,
            55323443931
        ],
        "name": "4"
    },
    "stats": {
        "insts": 54056165.0,
        "ipc": 0.732423,
        "cycles": 73804536.0,
        "reg-taints": 0.0,
        "mem-taints": 0.0,
        "xmit-taints": 3314154.0,
        "loads": 17269976.0,
        "load-rate": 0.3194820794260932,
        "stalls": 51786587991,
        "access-preds": 15439419,
        "access-misps": 13671831,
        "access-misp-rate": 0.8855146038850296
    }
}