{
    "simpoint": {
        "interval": 71898,
        "weight": 0.0163127,
        "waypoints": [
            154304820182,
            154305108565,
            154315679426
        ],
        "name": "4"
    },
    "stats": {
        "insts": 50000042.0,
        "ipc": 1.880751,
        "cycles": 26585150.0,
        "reg-taints": 0.0,
        "mem-taints": 0.0,
        "xmit-taints": 0.0,
        "stalls": 1167316389,
        "access-preds": 15092164,
        "access-misps": 132476,
        "access-misp-rate": 0.00877780018823013
    }
}