{
    "weight": 0.9999993,
    "stats": {
        "load-rate": 0.2545752348167807,
        "access-misp-rate": 0.0268806261750836,
        "reg-taints": 0.0,
        "mem-taints": 0.0,
        "xmit-taints": 0.0,
        "insts": 50000036.25527667,
        "stalls": 3757875644.150374,
        "ipc": 1.5967501345743942,
        "access-preds": 15331773.547965685,
        "access-misps": 423293.08998476295,
        "cycles": 32204856.691788383,
        "loads": 12728770.926826848
    }
}