{
    "simpoint": {
        "interval": 31800,
        "weight": 0.243177,
        "waypoints": [
            744597648512,
            744602414654,
            744626229552
        ],
        "name": "6"
    },
    "stats": {
        "insts": 50000059.0,
        "ipc": 1.092863,
        "cycles": 45751463.0,
        "reg-taints": 0.0,
        "mem-taints": 0.0,
        "xmit-taints": 0.0,
        "loads": 14313559.0,
        "load-rate": 0.2862708422004062,
        "stalls": 2625063248,
        "access-preds": 17167552,
        "access-misps": 543196,
        "access-misp-rate": 0.03164085362898566
    }
}