{
    "weight": 1.0000000999999998,
    "stats": {
        "stalls": 54321630330.969315,
        "xmit-taints": 3093317.953340705,
        "load-rate": 0.2828971341098074,
        "cycles": 76587113.40307936,
        "insts": 64194069.80193912,
        "loads": 18162355.22957708,
        "access-misps": 675696.2699434732,
        "ipc": 0.8391527514857249,
        "mem-taints": 0.0,
        "reg-taints": 0.0,
        "access-misp-rate": 0.11292088546930129,
        "access-preds": 5989364.369183363
    }
}