{
    "simpoint": {
        "interval": 8895,
        "weight": 0.0797219,
        "waypoints": [
            242518887805,
            242524672696,
            242553611266
        ],
        "name": "2"
    },
    "stats": {
        "insts": 50000170.0,
        "ipc": 0.470536,
        "cycles": 106262192.0,
        "loads": 18016071.0,
        "load-rate": 0.3603201949113373,
        "stalls": 0,
        "access-preds": 0,
        "access-misps": 0,
        "access-misp-rate": 0
    }
}