{
    "simpoint": {
        "interval": 1702,
        "weight": 0.11988,
        "waypoints": [
            19943467240,
            19945786097,
            19954634375
        ],
        "name": "2"
    },
    "stats": {
        "insts": 50033509.0,
        "ipc": 0.492414,
        "cycles": 101608615.0,
        "reg-taints": 0.0,
        "mem-taints": 0.0,
        "xmit-taints": 14305711.0,
        "stalls": 14152020796,
        "access-preds": 203509,
        "access-misps": 186998,
        "access-misp-rate": 0.918868452992251
    }
}