{
    "simpoint": {
        "interval": 9883,
        "weight": 0.0988081,
        "waypoints": [
            223451837714,
            223454836081,
            223470641629
        ],
        "name": "1"
    },
    "stats": {
        "insts": 49999965.0,
        "ipc": 0.864683,
        "cycles": 57824604.0,
        "reg-taints": 0.0,
        "mem-taints": 0.0,
        "xmit-taints": 18010327.0
    }
}