{
    "simpoint": {
        "interval": 26494,
        "weight": 0.14016,
        "waypoints": [
            411545962080,
            411548965384,
            411564070365
        ],
        "name": "5"
    },
    "stats": {
        "insts": 50000047.0,
        "ipc": 1.523416,
        "cycles": 32821009.0,
        "reg-taints": 0.0,
        "mem-taints": 0.0,
        "xmit-taints": 0.0,
        "loads": 12694390.0,
        "load-rate": 0.25388756134569235,
        "stalls": 4357559299,
        "access-preds": 15243523,
        "access-misps": 15004913,
        "access-misp-rate": 0.984346794372928
    }
}