{
    "simpoint": {
        "interval": 43679,
        "weight": 0.0669796,
        "waypoints": [
            632458534034,
            632463526372,
            632488473628
        ],
        "name": "8"
    },
    "stats": {
        "insts": 50000020.0,
        "ipc": 0.272387,
        "cycles": 183562099.0,
        "reg-taints": 0.0,
        "mem-taints": 0.0,
        "xmit-taints": 0.0,
        "stalls": 201675140766,
        "access-preds": 26305147,
        "access-misps": 3788290,
        "access-misp-rate": 0.14401326097892553
    }
}