{
    "weight": 1.0000005280000002,
    "stats": {
        "cycles": 59795509.18800648,
        "access-misps": 17157.368036761673,
        "insts": 50023157.48805636,
        "loads": 6126249.612094818,
        "mem-taints": 0.0,
        "stalls": 515558412918.20636,
        "load-rate": 0.12246810580517493,
        "reg-taints": 0.0,
        "access-misp-rate": 0.01947576625498878,
        "xmit-taints": 13770799.899617568,
        "ipc": 0.8736140070524842,
        "access-preds": 165618.8728046911
    }
}