{
    "simpoint": {
        "interval": 908,
        "weight": 0.0694995,
        "waypoints": [
            14066688996,
            14069709963,
            14084746184
        ],
        "name": "1"
    },
    "stats": {
        "insts": 55262494.0,
        "ipc": 1.567318,
        "cycles": 35259283.0,
        "loads": 13706973.0,
        "load-rate": 0.2480339197141555,
        "stalls": 0,
        "access-preds": 0,
        "access-misps": 0,
        "access-misp-rate": 0
    }
}