{
    "simpoint": {
        "interval": 40254,
        "weight": 0.0627946,
        "waypoints": [
            944599758658,
            944604507473,
            944628141398
        ],
        "name": "7"
    },
    "stats": {
        "insts": 63548035.0,
        "ipc": 0.826679,
        "cycles": 76871520.0,
        "reg-taints": 0.0,
        "mem-taints": 0.0,
        "xmit-taints": 3293273.0,
        "loads": 17791816.0,
        "load-rate": 0.27997429031440546,
        "stalls": 46457317508,
        "access-preds": 5955679,
        "access-misps": 302501,
        "access-misp-rate": 0.05079202556081347
    }
}