{
    "simpoint": {
        "interval": 9429,
        "weight": 0.225821,
        "waypoints": [
            120385812297,
            120388351334,
            120401014998
        ],
        "name": "6"
    },
    "stats": {
        "insts": 50000045.0,
        "ipc": 0.806874,
        "cycles": 61967595.0,
        "reg-taints": 0.0,
        "mem-taints": 0.0,
        "xmit-taints": 0.0,
        "stalls": 55062880376,
        "access-preds": 20627460,
        "access-misps": 3422809,
        "access-misp-rate": 0.16593458428715896
    }
}