{
    "simpoint": {
        "interval": 7,
        "weight": 0.139283,
        "waypoints": [
            116214148,
            119535768,
            136143819
        ],
        "name": "0"
    },
    "stats": {
        "insts": 50000219.0,
        "ipc": 2.43082,
        "cycles": 20569278.0,
        "loads": 4359904.0,
        "load-rate": 0.08719769807408244,
        "stalls": 0,
        "access-preds": 0,
        "access-misps": 0,
        "access-misp-rate": 0
    }
}