{
    "simpoint": {
        "interval": 12232,
        "weight": 0.18073,
        "waypoints": [
            175709486129,
            175711250457,
            175720075089
        ],
        "name": "2"
    },
    "stats": {
        "insts": 50000011.0,
        "ipc": 0.665054,
        "cycles": 75181885.0,
        "reg-taints": 0.0,
        "mem-taints": 0.0,
        "xmit-taints": 0.0,
        "loads": 17445835.0,
        "load-rate": 0.3489166232383429,
        "stalls": 28793948107,
        "access-preds": 20938281,
        "access-misps": 286900,
        "access-misp-rate": 0.013702175455568679
    }
}