{
    "simpoint": {
        "interval": 3354,
        "weight": 0.00322998,
        "waypoints": [
            37944203998,
            37949002768,
            37964226551
        ],
        "name": "0"
    },
    "stats": {
        "insts": 50521577.0,
        "ipc": 0.336447,
        "cycles": 150162155.0,
        "reg-taints": 0.0,
        "mem-taints": 0.0,
        "xmit-taints": 341009.0,
        "loads": 5435185.0,
        "load-rate": 0.1075814596998823,
        "stalls": 279941553174,
        "access-preds": 3987188,
        "access-misps": 1563967,
        "access-misp-rate": 0.3922481207307004
    }
}