{
    "simpoint": {
        "interval": 12227,
        "weight": 0.107771,
        "waypoints": [
            190884768096,
            190888352207,
            190913393526
        ],
        "name": "5"
    },
    "stats": {
        "insts": 50003559.0,
        "ipc": 0.485272,
        "cycles": 103042261.0,
        "reg-taints": 0.0,
        "mem-taints": 0.0,
        "xmit-taints": 27575362.0,
        "loads": 12944712.0,
        "load-rate": 0.258875813219615,
        "stalls": 773791901518,
        "access-preds": 1285091,
        "access-misps": 1134283,
        "access-misp-rate": 0.882647999246746
    }
}