{
    "simpoint": {
        "interval": 30,
        "weight": 0.00263042,
        "waypoints": [
            238766012,
            239981779,
            246048979
        ],
        "name": "0"
    },
    "stats": {
        "insts": 53606254.0,
        "ipc": 1.131784,
        "cycles": 47364368.0,
        "reg-taints": 0.0,
        "mem-taints": 0.0,
        "xmit-taints": 3227168.0,
        "stalls": 24410114431,
        "access-preds": 8788164,
        "access-misps": 8414395,
        "access-misp-rate": 0.9574690458666907
    }
}