{
    "simpoint": {
        "interval": 32,
        "weight": 0.0996584,
        "waypoints": [
            689975628,
            695855026,
            725251708
        ],
        "name": "0"
    },
    "stats": {
        "insts": 50157181.0,
        "ipc": 1.947012,
        "cycles": 25761111.0,
        "reg-taints": 0.0,
        "mem-taints": 0.0,
        "xmit-taints": 0.0,
        "loads": 4463922.0,
        "load-rate": 0.08899866202608157,
        "stalls": 2513894973,
        "access-preds": 94213,
        "access-misps": 21,
        "access-misp-rate": 0.00022289917527305148
    }
}