{
    "weight": 1.0000000999999998,
    "stats": {
        "insts": 64194071.32567358,
        "access-preds": 5989364.382252262,
        "access-misp-rate": 0.07992008433825336,
        "xmit-taints": 1825533.0006816003,
        "stalls": 53468631459.36384,
        "reg-taints": 0.0,
        "ipc": 0.8928767010702301,
        "cycles": 71903836.56759846,
        "access-misps": 478369.21496717853,
        "mem-taints": 0.0
    }
}