{
    "simpoint": {
        "interval": 185508,
        "weight": 0.286981,
        "waypoints": [
            2555555370017,
            2555557180359,
            2555566232403
        ],
        "name": "5"
    },
    "stats": {
        "insts": 50000080.0,
        "ipc": 2.008683,
        "cycles": 24891972.0,
        "reg-taints": 0.0,
        "mem-taints": 0.0,
        "xmit-taints": 0.0,
        "stalls": 194818700,
        "access-preds": 20489414,
        "access-misps": 107877,
        "access-misp-rate": 0.005265011483490938
    }
}