{
    "weight": 0.9999989000000001,
    "stats": {
        "stalls": 15378343014.201485,
        "xmit-taints": 2501419.0979782073,
        "access-misps": 133681.5841764426,
        "access-preds": 3669426.7331985063,
        "insts": 59904132.08532099,
        "cycles": 45122379.3667092,
        "load-rate": 0.25469175932379307,
        "reg-taints": 0.0,
        "ipc": 1.328925362877399,
        "loads": 15256051.51197436,
        "mem-taints": 0.0,
        "access-misp-rate": 0.03647082611928842
    }
}