{
    "simpoint": {
        "interval": 668,
        "weight": 0.0957473,
        "waypoints": [
            15211472340,
            15216035563,
            15238938714
        ],
        "name": "0"
    },
    "stats": {
        "insts": 63801708.0,
        "ipc": 1.252174,
        "cycles": 50952767.0,
        "loads": 17597697.0,
        "load-rate": 0.2758185878033234,
        "stalls": 0,
        "access-preds": 0,
        "access-misps": 0,
        "access-misp-rate": 0
    }
}