{
    "weight": 0.9999998099999998,
    "stats": {
        "ipc": 1.1786263675803699,
        "stalls": 0.0,
        "loads": 16372411.93940799,
        "access-preds": 0.0,
        "access-misps": 0.0,
        "access-misp-rate": 0.0,
        "load-rate": 0.32744780946478674,
        "cycles": 42634294.61734457,
        "insts": 50000064.71589702
    }
}