{
    "simpoint": {
        "interval": 59710,
        "weight": 0.130334,
        "waypoints": [
            1023881862660,
            1023884787955,
            1023900323014
        ],
        "name": "5"
    },
    "stats": {
        "insts": 50000263.0,
        "ipc": 0.491715,
        "cycles": 101685536.0,
        "reg-taints": 0.0,
        "mem-taints": 0.0,
        "xmit-taints": 19682558.0,
        "stalls": 12973777742,
        "access-preds": 38837,
        "access-misps": 2265,
        "access-misp-rate": 0.05832067358446842
    }
}