{
    "simpoint": {
        "interval": 4298,
        "weight": 0.0964486,
        "waypoints": [
            55308186049,
            55310737988,
            55323443931
        ],
        "name": "4"
    },
    "stats": {
        "insts": 50000044.0,
        "ipc": 0.69387,
        "cycles": 72059649.0,
        "reg-taints": 0.0,
        "mem-taints": 0.0,
        "xmit-taints": 0.0,
        "stalls": 37281022442,
        "access-preds": 20605221,
        "access-misps": 18197866,
        "access-misp-rate": 0.8831677175411028
    }
}