{
    "simpoint": {
        "interval": 363772,
        "weight": 0.323049,
        "waypoints": [
            623663176221,
            623663396778,
            623664491729
        ],
        "name": "2"
    },
    "stats": {
        "insts": 50000076.0,
        "ipc": 0.96775,
        "cycles": 51666312.0,
        "reg-taints": 0.0,
        "mem-taints": 0.0,
        "xmit-taints": 0.0,
        "loads": 20057974.0,
        "load-rate": 0.40115887023851726,
        "stalls": 310971852595,
        "access-preds": 24095586,
        "access-misps": 17872372,
        "access-misp-rate": 0.7417280492784031
    }
}