{
    "simpoint": {
        "interval": 14657,
        "weight": 0.0281822,
        "waypoints": [
            117358724121,
            117360455473,
            117369890398
        ],
        "name": "4"
    },
    "stats": {
        "insts": 50000024.0,
        "ipc": 1.135168,
        "cycles": 44046376.0,
        "reg-taints": 0.0,
        "mem-taints": 0.0,
        "xmit-taints": 0.0,
        "loads": 13957840.0,
        "load-rate": 0.2791566660048003,
        "stalls": 9048493025,
        "access-preds": 16642256,
        "access-misps": 15197986,
        "access-misp-rate": 0.9132166936982582
    }
}