{
    "simpoint": {
        "interval": 9839,
        "weight": 0.105046,
        "waypoints": [
            151815990500,
            151819197846,
            151835419412
        ],
        "name": "2"
    },
    "stats": {
        "insts": 60272849.0,
        "ipc": 1.278424,
        "cycles": 47146220.0,
        "reg-taints": 0.0,
        "mem-taints": 0.0,
        "xmit-taints": 2431381.0,
        "loads": 15012004.0,
        "load-rate": 0.24906743664962644,
        "stalls": 16380816067,
        "access-preds": 3547884,
        "access-misps": 381848,
        "access-misp-rate": 0.10762696863820802
    }
}