{
    "simpoint": {
        "interval": 10502,
        "weight": 0.0649377,
        "waypoints": [
            151694490622,
            151698270238,
            151719385844
        ],
        "name": "3"
    },
    "stats": {
        "insts": 50000014.0,
        "ipc": 1.401881,
        "cycles": 35666384.0,
        "reg-taints": 0.0,
        "mem-taints": 0.0,
        "xmit-taints": 0.0,
        "loads": 12492422.0,
        "load-rate": 0.24984837004245639,
        "stalls": 19013022134,
        "access-preds": 15122782,
        "access-misps": 1767704,
        "access-misp-rate": 0.11689013304562614
    }
}