{
    "simpoint": {
        "interval": 9429,
        "weight": 0.225821,
        "waypoints": [
            120385812297,
            120388351334,
            120401014998
        ],
        "name": "6"
    },
    "stats": {
        "insts": 50000045.0,
        "ipc": 0.637677,
        "cycles": 78409683.0,
        "reg-taints": 0.0,
        "mem-taints": 0.0,
        "xmit-taints": 0.0,
        "loads": 17182909.0,
        "load-rate": 0.34365787070791637,
        "stalls": 195597230877,
        "access-preds": 20627460,
        "access-misps": 2519081,
        "access-misp-rate": 0.12212269469920194
    }
}