{
    "simpoint": {
        "interval": 12227,
        "weight": 0.107771,
        "waypoints": [
            190884791740,
            190888375851,
            190913417170
        ],
        "name": "5"
    },
    "stats": {
        "insts": 51927744.0,
        "ipc": 1.386085,
        "cycles": 37463612.0,
        "reg-taints": 0.0,
        "mem-taints": 0.0,
        "xmit-taints": 13087385.0,
        "stalls": 18627117658,
        "access-preds": 4742262,
        "access-misps": 511319,
        "access-misp-rate": 0.10782175257292828
    }
}