{
    "simpoint": {
        "interval": 40254,
        "weight": 0.0627946,
        "waypoints": [
            944599758658,
            944604507473,
            944628141398
        ],
        "name": "7"
    },
    "stats": {
        "insts": 63548034.0,
        "ipc": 0.870296,
        "cycles": 73018871.0,
        "reg-taints": 0.0,
        "mem-taints": 0.0,
        "xmit-taints": 2088737.0,
        "stalls": 50244090683,
        "access-preds": 5955679,
        "access-misps": 768411,
        "access-misp-rate": 0.1290215607657834
    }
}