{
    "simpoint": {
        "interval": 40254,
        "weight": 0.0627946,
        "waypoints": [
            944599758658,
            944604507473,
            944628141398
        ],
        "name": "7"
    },
    "stats": {
        "insts": 63548035.0,
        "ipc": 0.760157,
        "cycles": 83598602.0,
        "reg-taints": 0.0,
        "mem-taints": 0.0,
        "xmit-taints": 2088737.0,
        "stalls": 78130764020,
        "access-preds": 5955679,
        "access-misps": 5499036,
        "access-misp-rate": 0.923326458662396
    }
}