{
    "simpoint": {
        "interval": 14657,
        "weight": 0.0281822,
        "waypoints": [
            117358724121,
            117360455473,
            117369890398
        ],
        "name": "4"
    },
    "stats": {
        "insts": 50036920.0,
        "ipc": 0.39004,
        "cycles": 128286569.0,
        "reg-taints": 0.0,
        "mem-taints": 0.0,
        "xmit-taints": 22268410.0,
        "loads": 13957841.0,
        "load-rate": 0.278950842697752,
        "stalls": 547151679150,
        "access-preds": 0,
        "access-misps": 0,
        "access-misp-rate": 0
    }
}