{
    "simpoint": {
        "interval": 2681,
        "weight": 0.0726879,
        "waypoints": [
            34494281937,
            34496868891,
            34509849195
        ],
        "name": "3"
    },
    "stats": {
        "insts": 50000067.0,
        "ipc": 0.705526,
        "cycles": 70869243.0,
        "reg-taints": 0.0,
        "mem-taints": 0.0,
        "xmit-taints": 0.0,
        "loads": 17164907.0,
        "load-rate": 0.3432976799811088,
        "stalls": 31889224216,
        "access-preds": 20599255,
        "access-misps": 1759473,
        "access-misp-rate": 0.08541439969552297
    }
}