{
    "simpoint": {
        "interval": 43791,
        "weight": 0.226075,
        "waypoints": [
            68311094028,
            68311427409,
            68313052510
        ],
        "name": "3"
    },
    "stats": {
        "insts": 49975677.0,
        "ipc": 0.471403,
        "cycles": 106014706.0,
        "reg-taints": 0.0,
        "mem-taints": 0.0,
        "xmit-taints": 20575028.0,
        "stalls": 10898787961,
        "access-preds": 633611,
        "access-misps": 555350,
        "access-misp-rate": 0.8764841519481196
    }
}