{
    "simpoint": {
        "interval": 32,
        "weight": 0.0996584,
        "waypoints": [
            689975628,
            695855026,
            725251708
        ],
        "name": "0"
    },
    "stats": {
        "insts": 50000154.0,
        "ipc": 2.276652,
        "cycles": 21962139.0,
        "reg-taints": 0.0,
        "mem-taints": 0.0,
        "xmit-taints": 515936.0,
        "loads": 4419058.0,
        "load-rate": 0.08838088778686562,
        "stalls": 32386451492,
        "access-preds": 13459,
        "access-misps": 13457,
        "access-misp-rate": 0.9998514005498179
    }
}