{
    "simpoint": {
        "interval": 29806,
        "weight": 0.283652,
        "waypoints": [
            543529764312,
            543533131560,
            543549661026
        ],
        "name": "2"
    },
    "stats": {
        "insts": 51978155.0,
        "ipc": 0.701869,
        "cycles": 74056784.0,
        "reg-taints": 0.0,
        "mem-taints": 0.0,
        "xmit-taints": 1848007.0,
        "stalls": 90958616012,
        "access-preds": 2124167,
        "access-misps": 176971,
        "access-misp-rate": 0.0833131293349346
    }
}