{
    "simpoint": {
        "interval": 9883,
        "weight": 0.0988081,
        "waypoints": [
            223086439930,
            223089436129,
            223105157981
        ],
        "name": "1"
    },
    "stats": {
        "insts": 50000050.0,
        "ipc": 1.118833,
        "cycles": 44689454.0,
        "reg-taints": 0.0,
        "mem-taints": 0.0,
        "xmit-taints": 0.0,
        "loads": 12196764.0,
        "load-rate": 0.24393503606496394,
        "stalls": 5898249692,
        "access-preds": 14779847,
        "access-misps": 1348293,
        "access-misp-rate": 0.09122509860893689
    }
}