{
    "simpoint": {
        "interval": 18656,
        "weight": 0.160564,
        "waypoints": [
            292245505205,
            292248594325,
            292264175237
        ],
        "name": "3"
    },
    "stats": {
        "insts": 59822878.0,
        "ipc": 1.361102,
        "cycles": 43951783.0,
        "reg-taints": 0.0,
        "mem-taints": 0.0,
        "xmit-taints": 2310131.0,
        "stalls": 17390730227,
        "access-preds": 3726923,
        "access-misps": 392335,
        "access-misp-rate": 0.10527048720888518
    }
}