{
    "simpoint": {
        "interval": 1127,
        "weight": 0.00189085,
        "waypoints": [
            9507494274,
            9508513777,
            9529937597
        ],
        "name": "1"
    },
    "stats": {
        "insts": 50000629.0,
        "ipc": 0.355035,
        "cycles": 140832914.0,
        "reg-taints": 0.0,
        "mem-taints": 0.0,
        "xmit-taints": 27537079.0,
        "stalls": 19555010655,
        "access-preds": 757330,
        "access-misps": 754941,
        "access-misp-rate": 0.9968454966791227
    }
}