{
    "simpoint": {
        "interval": 32813,
        "weight": 0.0318631,
        "waypoints": [
            319545681560,
            319548380288,
            319561805792
        ],
        "name": "4"
    },
    "stats": {
        "insts": 50000033.0,
        "ipc": 0.472993,
        "cycles": 105709945.0,
        "loads": 17989984.0,
        "load-rate": 0.35979944253236795,
        "stalls": 0,
        "access-preds": 0,
        "access-misps": 0,
        "access-misp-rate": 0
    }
}