{
    "weight": 1.00000015,
    "stats": {
        "insts": 52981083.01462884,
        "ipc": 0.8318825979789605,
        "cycles": 64559035.41121754,
        "reg-taints": 0.0,
        "mem-taints": 0.0,
        "xmit-taints": 9517202.736285292,
        "stalls": 2097222112.5368335,
        "access-preds": 5550692.127787831,
        "access-misps": 376483.2221917667,
        "access-misp-rate": 0.06623373407462342
    }
}