{
    "weight": 0.9999993,
    "stats": {
        "access-misp-rate": 0.09704148854383798,
        "ipc": 1.2269549582973707,
        "loads": 11285083.179574624,
        "access-misps": 630623.810092467,
        "load-rate": 0.22431199359220122,
        "stalls": 14357631205.102674,
        "xmit-taints": 960529.7681711377,
        "mem-taints": 0.0,
        "cycles": 44424573.60071102,
        "access-preds": 5918531.962682774,
        "reg-taints": 0.0,
        "insts": 50283838.55864288
    }
}