{
    "simpoint": {
        "interval": 176856,
        "weight": 0.741968,
        "waypoints": [
            374065025263,
            374065313644,
            374066756543
        ],
        "name": "8"
    },
    "stats": {
        "insts": 50000122.0,
        "ipc": 2.291509,
        "cycles": 21819736.0,
        "reg-taints": 0.0,
        "mem-taints": 0.0,
        "xmit-taints": 0.0,
        "loads": 22440642.0,
        "load-rate": 0.44881174489934245,
        "stalls": 2843715417,
        "access-preds": 26929346,
        "access-misps": 512986,
        "access-misp-rate": 0.01904933005057011
    }
}