{
    "simpoint": {
        "interval": 675,
        "weight": 0.078825,
        "waypoints": [
            8395669732,
            8398266403,
            8411283771
        ],
        "name": "2"
    },
    "stats": {
        "insts": 54783755.0,
        "ipc": 0.807608,
        "cycles": 67834597.0,
        "reg-taints": 0.0,
        "mem-taints": 0.0,
        "xmit-taints": 5503930.0,
        "loads": 17779704.0,
        "load-rate": 0.3245433614399013,
        "stalls": 62461800354,
        "access-preds": 12949515,
        "access-misps": 11758636,
        "access-misp-rate": 0.9080367874781411
    }
}