{
    "simpoint": {
        "interval": 32,
        "weight": 0.0996584,
        "waypoints": [
            689975628,
            695855026,
            725251708
        ],
        "name": "0"
    },
    "stats": {
        "insts": 50022586.0,
        "ipc": 2.675297,
        "cycles": 18697957.0,
        "reg-taints": 0.0,
        "mem-taints": 0.0,
        "xmit-taints": 0.0,
        "loads": 4419058.0,
        "load-rate": 0.08834125448852244,
        "stalls": 2543890473,
        "access-preds": 107672,
        "access-misps": 32,
        "access-misp-rate": 0.00029719890036406866
    }
}