{
    "simpoint": {
        "interval": 43021,
        "weight": 0.0217599,
        "waypoints": [
            622302562834,
            622307277140,
            622330873622
        ],
        "name": "7"
    },
    "stats": {
        "insts": 50000667.0,
        "ipc": 0.439452,
        "cycles": 113779593.0,
        "reg-taints": 0.0,
        "mem-taints": 0.0,
        "xmit-taints": 983810.0,
        "stalls": 203495227638,
        "access-preds": 15010721,
        "access-misps": 10616,
        "access-misp-rate": 0.0007072278540118093
    }
}