{
    "simpoint": {
        "interval": 17312,
        "weight": 0.0510752,
        "waypoints": [
            461454313850,
            461459808114,
            461487014742
        ],
        "name": "5"
    },
    "stats": {
        "insts": 50000025.0,
        "ipc": 0.600661,
        "cycles": 83241649.0,
        "loads": 13603326.0,
        "load-rate": 0.272066383966808,
        "stalls": 0,
        "access-preds": 0,
        "access-misps": 0,
        "access-misp-rate": 0
    }
}