{
    "weight": 1.00000015,
    "stats": {
        "insts": 51931537.38251789,
        "ipc": 0.8261610815945877,
        "cycles": 63544968.3207784,
        "reg-taints": 0.0,
        "mem-taints": 0.0,
        "xmit-taints": 9481584.382285044,
        "stalls": 1926549696.047175,
        "access-preds": 8319264.428919585,
        "access-misps": 418384.92491456127,
        "access-misp-rate": 0.05058310880785104
    }
}