{
    "simpoint": {
        "interval": 30,
        "weight": 0.00263042,
        "waypoints": [
            238766012,
            239981779,
            246048979
        ],
        "name": "0"
    },
    "stats": {
        "insts": 50000316.0,
        "ipc": 1.377088,
        "cycles": 36308725.0,
        "reg-taints": 0.0,
        "mem-taints": 0.0,
        "xmit-taints": 0.0,
        "stalls": 3012946955,
        "access-preds": 15164292,
        "access-misps": 791814,
        "access-misp-rate": 0.052215691969001915
    }
}