{
    "simpoint": {
        "interval": 29586,
        "weight": 0.0362736,
        "waypoints": [
            414697043933,
            414702257168,
            414727434303
        ],
        "name": "4"
    },
    "stats": {
        "insts": 50000056.0,
        "ipc": 0.360552,
        "cycles": 138676592.0,
        "reg-taints": 0.0,
        "mem-taints": 0.0,
        "xmit-taints": 0.0,
        "stalls": 839570173309,
        "access-preds": 23452888,
        "access-misps": 1821795,
        "access-misp-rate": 0.0776789195428725
    }
}