{
    "simpoint": {
        "interval": 6337,
        "weight": 0.0160066,
        "waypoints": [
            143980617389,
            143984953023,
            144006443864
        ],
        "name": "1"
    },
    "stats": {
        "insts": 50000014.0,
        "ipc": 0.378784,
        "cycles": 132001375.0,
        "pub-annot-reg-rate": NaN,
        "pub-annot-load-rate": NaN,
        "pub-annot-load-count": 0.0,
        "annot-load-count": 0.0,
        "prot-regs": 105296961.0,
        "unprot-regs": 30737700.0,
        "loads": 13528324.0,
        "load-rate": 0.2705664042414068,
        "stalls": 885578014500,
        "access-preds": 0,
        "access-misps": 0,
        "access-misp-rate": 0,
        "unprot-regs-inst": 0.6147538278689282,
        "unprot-regs-rate": 0.22595491306439908
    }
}