{
    "simpoint": {
        "interval": 984,
        "weight": 0.0721535,
        "waypoints": [
            11505589094,
            11508197954,
            11518382007
        ],
        "name": "0"
    },
    "stats": {
        "insts": 50000163.0,
        "ipc": 1.762172,
        "cycles": 28374160.0,
        "reg-taints": 0.0,
        "mem-taints": 0.0,
        "xmit-taints": 0.0,
        "stalls": 2790560052,
        "access-preds": 11866183,
        "access-misps": 900195,
        "access-misp-rate": 0.07586222123828698
    }
}