{
    "simpoint": {
        "interval": 4298,
        "weight": 0.0964486,
        "waypoints": [
            55308186049,
            55310737988,
            55323443931
        ],
        "name": "4"
    },
    "stats": {
        "insts": 54739684.0,
        "ipc": 0.776455,
        "cycles": 70499504.0,
        "reg-taints": 0.0,
        "mem-taints": 0.0,
        "xmit-taints": 3437039.0,
        "stalls": 102295707870,
        "access-preds": 13008983,
        "access-misps": 1990480,
        "access-misp-rate": 0.15300811754462282
    }
}