{
    "simpoint": {
        "interval": 1033,
        "weight": 0.0814159,
        "waypoints": [
            2457093611,
            2457462439,
            2461062330
        ],
        "name": "0"
    },
    "stats": {
        "insts": 50000149.0,
        "ipc": 0.316934,
        "cycles": 157762068.0,
        "pub-annot-reg-rate": NaN,
        "pub-annot-load-rate": NaN,
        "pub-annot-load-count": 0.0,
        "annot-load-count": 0.0,
        "prot-regs": 60384685.0,
        "unprot-regs": 13026052.0,
        "loads": 17978120.0,
        "load-rate": 0.35956132850724104,
        "stalls": 3959178890000,
        "access-preds": 0,
        "access-misps": 0,
        "access-misp-rate": 0,
        "unprot-regs-inst": 0.26052026364961434,
        "unprot-regs-rate": 0.17744069236084634
    }
}