{
    "simpoint": {
        "interval": 813,
        "weight": 0.132794,
        "waypoints": [
            6816447481,
            6818057532,
            6825600019
        ],
        "name": "0"
    },
    "stats": {
        "insts": 54126182.0,
        "ipc": 1.460127,
        "cycles": 37069505.0,
        "reg-taints": 0.0,
        "mem-taints": 0.0,
        "xmit-taints": 1565113.0,
        "stalls": 1659415025,
        "access-preds": 5345107,
        "access-misps": 2300395,
        "access-misp-rate": 0.43037398502967295
    }
}