{
    "simpoint": {
        "interval": 77284,
        "weight": 0.168161,
        "waypoints": [
            126611406986,
            126611776779,
            126613693928
        ],
        "name": "6"
    },
    "stats": {
        "insts": 50113782.0,
        "ipc": 0.756818,
        "cycles": 66216400.0,
        "reg-taints": 0.0,
        "mem-taints": 0.0,
        "xmit-taints": 3085242.0,
        "loads": 13029615.0,
        "load-rate": 0.26000063216142816,
        "stalls": 31088286977,
        "access-preds": 2172325,
        "access-misps": 42464,
        "access-misp-rate": 0.0195477196091745
    }
}