{
    "simpoint": {
        "interval": 1973,
        "weight": 0.153827,
        "waypoints": [
            417949998,
            417992228,
            418203265
        ],
        "name": "0"
    },
    "stats": {
        "insts": 50001584.0,
        "ipc": 1.569197,
        "cycles": 31864441.0,
        "reg-taints": 0.0,
        "mem-taints": 0.0,
        "xmit-taints": 0.0,
        "stalls": 28932878,
        "access-preds": 16344801,
        "access-misps": 21407,
        "access-misp-rate": 0.0013097131008202548
    }
}