{
    "weight": 1.00000017,
    "stats": {
        "insts": 64992976.75601159,
        "ipc": 0.7043051763407799,
        "cycles": 102546359.5242651,
        "reg-taints": 0.0,
        "mem-taints": 0.0,
        "xmit-taints": 2927327.746073033,
        "stalls": 119767651536.83118,
        "access-preds": 7078771.562517613,
        "access-misps": 4041664.3320306125,
        "access-misp-rate": 0.5868034455532628
    }
}