{
    "simpoint": {
        "interval": 14696,
        "weight": 0.241658,
        "waypoints": [
            117669201327,
            117670773489,
            117678497461
        ],
        "name": "5"
    },
    "stats": {
        "insts": 54010671.0,
        "ipc": 1.48496,
        "cycles": 36371801.0,
        "reg-taints": 0.0,
        "mem-taints": 0.0,
        "xmit-taints": 1536443.0,
        "stalls": 66258214506,
        "access-preds": 5354093,
        "access-misps": 171829,
        "access-misp-rate": 0.03209301743544612
    }
}