{
    "simpoint": {
        "interval": 18656,
        "weight": 0.160564,
        "waypoints": [
            292245499067,
            292248588187,
            292264169099
        ],
        "name": "3"
    },
    "stats": {
        "insts": 59822878.0,
        "ipc": 1.341414,
        "cycles": 44596863.0,
        "reg-taints": 0.0,
        "mem-taints": 0.0,
        "xmit-taints": 2502155.0,
        "loads": 15359334.0,
        "load-rate": 0.2567468251861771,
        "stalls": 16583042447,
        "access-preds": 3726923,
        "access-misps": 320321,
        "access-misp-rate": 0.08594784491120423
    }
}