{
    "simpoint": {
        "interval": 22377,
        "weight": 0.227606,
        "waypoints": [
            520541835962,
            520546619243,
            520570544851
        ],
        "name": "4"
    },
    "stats": {
        "insts": 50000021.0,
        "ipc": 1.160088,
        "cycles": 43100179.0,
        "reg-taints": 0.0,
        "mem-taints": 0.0,
        "xmit-taints": 0.0,
        "loads": 14644411.0,
        "load-rate": 0.29288809698699925,
        "stalls": 451729995,
        "access-preds": 17580594,
        "access-misps": 305731,
        "access-misp-rate": 0.017390254276960154
    }
}