{
    "simpoint": {
        "interval": 4201,
        "weight": 0.162721,
        "waypoints": [
            49341201658,
            49343552511,
            49354808696
        ],
        "name": "4"
    },
    "stats": {
        "insts": 54718477.0,
        "ipc": 1.830679,
        "cycles": 29889716.0,
        "reg-taints": 0.0,
        "mem-taints": 0.0,
        "xmit-taints": 1191074.0,
        "loads": 10827243.0,
        "load-rate": 0.1978717901815871,
        "stalls": 70057055500,
        "access-preds": 2480096,
        "access-misps": 2166360,
        "access-misp-rate": 0.8734984452214754
    }
}