{
    "weight": 1.0,
    "stats": {
        "loads": 7199999.768825999,
        "cycles": 31970832.175105,
        "reg-taints": 0.0,
        "ipc": 1.564108346761,
        "stalls": 76974688.510568,
        "load-rate": 0.1439831854631961,
        "mem-taints": 0.0,
        "insts": 50005837.457086,
        "xmit-taints": 359159.884413,
        "access-misp-rate": 0.00013979168782338628,
        "access-misps": 184.887862,
        "access-preds": 1321095.37519
    }
}