{
    "weight": 1.0000004999999998,
    "stats": {
        "insts": 50000114.36603572,
        "ipc": 1.9113703597736207,
        "cycles": 26351694.06507667,
        "reg-taints": 0.0,
        "mem-taints": 0.0,
        "xmit-taints": 0.0,
        "stalls": 3999263897.691874,
        "access-preds": 11464747.242348881,
        "access-misps": 432528.15131692437,
        "access-misp-rate": 0.03791742970106265
    }
}