{
    "simpoint": {
        "interval": 49730,
        "weight": 0.258708,
        "waypoints": [
            863602062661,
            863605102206,
            863619822249
        ],
        "name": "4"
    },
    "stats": {
        "insts": 51490982.0,
        "ipc": 0.642399,
        "cycles": 80154227.0,
        "reg-taints": 0.0,
        "mem-taints": 0.0,
        "xmit-taints": 909002.0,
        "stalls": 185804762166,
        "access-preds": 1625304,
        "access-misps": 612052,
        "access-misp-rate": 0.3765769357609407
    }
}