{
    "weight": 0.999999552,
    "stats": {
        "cycles": 36652459.716202214,
        "reg-taints": 0.0,
        "insts": 55678059.70620228,
        "stalls": 18715516235.388897,
        "load-rate": 0.28589440782434633,
        "ipc": 1.6550199551181355,
        "access-preds": 6430225.357604964,
        "mem-taints": 0.0,
        "loads": 15907544.089335972,
        "xmit-taints": 3608090.504527926,
        "access-misp-rate": 0.019841339270040517,
        "access-misps": 142728.444214019
    }
}