{
    "simpoint": {
        "interval": 58,
        "weight": 0.115587,
        "waypoints": [
            1730422075,
            1736389356,
            1766225490
        ],
        "name": "1"
    },
    "stats": {
        "insts": 50005820.0,
        "ipc": 1.565338,
        "cycles": 31945707.0,
        "reg-taints": 0.0,
        "mem-taints": 0.0,
        "xmit-taints": 359159.0,
        "loads": 7199999.0,
        "load-rate": 0.1439832203531509,
        "stalls": 78930296,
        "access-preds": 1307272,
        "access-misps": 1305575,
        "access-misp-rate": 0.9987018768856061
    }
}