{
    "simpoint": {
        "interval": 363772,
        "weight": 0.323049,
        "waypoints": [
            623733273765,
            623733494322,
            623734589273
        ],
        "name": "2"
    },
    "stats": {
        "insts": 50018874.0,
        "ipc": 0.430749,
        "cycles": 116120821.0,
        "reg-taints": 0.0,
        "mem-taints": 0.0,
        "xmit-taints": 17962345.0,
        "loads": 20057974.0,
        "load-rate": 0.40100810745959614,
        "stalls": 2294474606966,
        "access-preds": 5463140,
        "access-misps": 56915,
        "access-misp-rate": 0.010418001369175969
    }
}