{
    "simpoint": {
        "interval": 505610,
        "weight": 0.110571,
        "waypoints": [
            866374915454,
            866375079983,
            866377132915
        ],
        "name": "7"
    },
    "stats": {
        "insts": 50093134.0,
        "ipc": 1.236754,
        "cycles": 40503723.0,
        "reg-taints": 0.0,
        "mem-taints": 0.0,
        "xmit-taints": 2896234.0,
        "loads": 14917225.0,
        "load-rate": 0.29778981287136075,
        "stalls": 61194923093,
        "access-preds": 2453092,
        "access-misps": 63287,
        "access-misp-rate": 0.02579886934529973
    }
}