{
    "simpoint": {
        "interval": 390343,
        "weight": 0.0884425,
        "waypoints": [
            669216927960,
            669217774411,
            669222588646
        ],
        "name": "4"
    },
    "stats": {
        "insts": 50185735.0,
        "ipc": 1.058823,
        "cycles": 47397669.0,
        "reg-taints": 0.0,
        "mem-taints": 0.0,
        "xmit-taints": 1067643.0,
        "loads": 19389888.0,
        "load-rate": 0.386362539076094,
        "stalls": 96889594167,
        "access-preds": 3272960,
        "access-misps": 109515,
        "access-misp-rate": 0.033460537250684395
    }
}