{
    "simpoint": {
        "interval": 1499,
        "weight": 0.22881,
        "waypoints": [
            12885111241,
            12886742793,
            12895044776
        ],
        "name": "0"
    },
    "stats": {
        "insts": 52424917.0,
        "ipc": 0.706737,
        "cycles": 74178799.0,
        "reg-taints": 0.0,
        "mem-taints": 0.0,
        "xmit-taints": 7030065.0,
        "stalls": 60344893018,
        "access-preds": 4278588,
        "access-misps": 44992,
        "access-misp-rate": 0.010515618704114535
    }
}