{
    "simpoint": {
        "interval": 675,
        "weight": 0.078825,
        "waypoints": [
            8395669732,
            8398266403,
            8411283771
        ],
        "name": "2"
    },
    "stats": {
        "insts": 50000017.0,
        "ipc": 0.821221,
        "cycles": 60884944.0,
        "reg-taints": 0.0,
        "mem-taints": 0.0,
        "xmit-taints": 0.0,
        "loads": 17158951.0,
        "load-rate": 0.3431789033191729,
        "stalls": 53036254521,
        "access-preds": 20607973,
        "access-misps": 3389188,
        "access-misp-rate": 0.16446003689931077
    }
}