{
    "simpoint": {
        "interval": 36406,
        "weight": 0.0852617,
        "waypoints": [
            109749869885,
            109750028493,
            109751022015
        ],
        "name": "2"
    },
    "stats": {
        "insts": 50680684.0,
        "ipc": 1.182271,
        "cycles": 42867224.0,
        "reg-taints": 0.0,
        "mem-taints": 0.0,
        "xmit-taints": 127656.0,
        "loads": 13471075.0,
        "load-rate": 0.26580294378031677,
        "stalls": 2838134272,
        "access-preds": 12956769,
        "access-misps": 130128,
        "access-misp-rate": 0.010043244577409693
    }
}