{
    "weight": 0.9999993,
    "stats": {
        "insts": 50003881.94101556,
        "ipc": 0.5463248550601986,
        "cycles": 101490243.97890398,
        "reg-taints": 0.0,
        "mem-taints": 0.0,
        "xmit-taints": 17152436.120965485,
        "stalls": 19033275213.780903,
        "access-preds": 64112.60750332525,
        "access-misps": 57366.48606224024,
        "access-misp-rate": 0.925793192849792
    }
}