{
    "weight": 0.9999993,
    "stats": {
        "ipc": 1.3498806479834535,
        "xmit-taints": 0.0,
        "cycles": 40314427.97257167,
        "access-misps": 1665903.780333646,
        "access-preds": 13546320.95947907,
        "mem-taints": 0.0,
        "reg-taints": 0.0,
        "access-misp-rate": 0.11482809983609621,
        "insts": 50000061.72599061,
        "load-rate": 0.22511775199607473,
        "loads": 11255899.88707182,
        "stalls": 7926326602.434005
    }
}