{
    "simpoint": {
        "interval": 9883,
        "weight": 0.0988081,
        "waypoints": [
            223451837714,
            223454836081,
            223470641629
        ],
        "name": "1"
    },
    "stats": {
        "insts": 51811964.0,
        "ipc": 0.595974,
        "cycles": 86936608.0,
        "reg-taints": 0.0,
        "mem-taints": 0.0,
        "xmit-taints": 1516648.0,
        "loads": 12302580.0,
        "load-rate": 0.23744670246431887,
        "stalls": 64706762108,
        "access-preds": 1905539,
        "access-misps": 995238,
        "access-misp-rate": 0.5222868700142059
    }
}