{
    "simpoint": {
        "interval": 29586,
        "weight": 0.0362736,
        "waypoints": [
            414697043933,
            414702257168,
            414727434303
        ],
        "name": "4"
    },
    "stats": {
        "insts": 50000056.0,
        "ipc": 0.359819,
        "cycles": 138959006.0,
        "reg-taints": 0.0,
        "mem-taints": 0.0,
        "xmit-taints": 0.0,
        "loads": 19545027.0,
        "load-rate": 0.39090010219188553,
        "stalls": 837796786275,
        "access-preds": 23452888,
        "access-misps": 636319,
        "access-misp-rate": 0.027131797158627118
    }
}