{
    "simpoint": {
        "interval": 260559,
        "weight": 0.0886976,
        "waypoints": [
            784654459922,
            784654581271,
            784655742875
        ],
        "name": "7"
    },
    "stats": {
        "insts": 50001658.0,
        "ipc": 0.928065,
        "cycles": 53877342.0,
        "reg-taints": 0.0,
        "mem-taints": 0.0,
        "xmit-taints": 4922271.0,
        "loads": 12970731.0,
        "load-rate": 0.2594060180964399,
        "stalls": 371785749137,
        "access-preds": 9814866,
        "access-misps": 9747188,
        "access-misp-rate": 0.9931045416208433
    }
}