{
    "weight": 1.0000005280000002,
    "stats": {
        "access-misps": 50083.39561842511,
        "load-rate": 0.12252435849160971,
        "insts": 50000269.45339949,
        "loads": 6126249.78009333,
        "reg-taints": 0.0,
        "mem-taints": 0.0,
        "xmit-taints": 0.0,
        "access-misp-rate": 0.004369464793923949,
        "ipc": 1.9365781955741985,
        "stalls": 104114788.46080114,
        "access-preds": 7346378.989387105,
        "cycles": 25912569.652547155
    }
}