{
    "weight": 0.9999993,
    "stats": {
        "cycles": 106653042.88607383,
        "access-misps": 57365.773766541635,
        "load-rate": 0.22509766408027698,
        "access-preds": 64112.60750332525,
        "access-misp-rate": 0.9257529180500402,
        "reg-taints": 0.0,
        "mem-taints": 0.0,
        "stalls": 335405474867.50073,
        "xmit-taints": 17152436.120965485,
        "loads": 11255900.460964723,
        "insts": 50003882.19972374,
        "ipc": 0.51480670008369
    }
}