{
    "simpoint": {
        "interval": 6337,
        "weight": 0.0160066,
        "waypoints": [
            143980617389,
            143984953023,
            144006443864
        ],
        "name": "1"
    },
    "stats": {
        "insts": 63057872.0,
        "ipc": 0.93538,
        "cycles": 67414161.0,
        "reg-taints": 0.0,
        "mem-taints": 0.0,
        "xmit-taints": 2486697.0,
        "stalls": 2660766075,
        "access-preds": 5142185,
        "access-misps": 329532,
        "access-misp-rate": 0.06408404209494602
    }
}