{
    "simpoint": {
        "interval": 22721,
        "weight": 0.144018,
        "waypoints": [
            288696368461,
            288698887821,
            288711572167
        ],
        "name": "8"
    },
    "stats": {
        "insts": 50000016.0,
        "ipc": 0.645179,
        "cycles": 77497917.0,
        "reg-taints": 0.0,
        "mem-taints": 0.0,
        "xmit-taints": 0.0,
        "stalls": 208630838000,
        "access-preds": 20660873,
        "access-misps": 18239415,
        "access-misp-rate": 0.8827998216725885
    }
}