{
    "simpoint": {
        "interval": 2159,
        "weight": 0.445803,
        "waypoints": [
            19330789633,
            19332584029,
            19341555192
        ],
        "name": "5"
    },
    "stats": {
        "insts": 50000239.0,
        "ipc": 0.552579,
        "cycles": 90485205.0,
        "reg-taints": 0.0,
        "mem-taints": 0.0,
        "xmit-taints": 6875025.0,
        "stalls": 2303131087,
        "access-preds": 692835,
        "access-misps": 538533,
        "access-misp-rate": 0.7772889649050639
    }
}