{
    "weight": 0.99999997,
    "stats": {
        "insts": 50132486.331020124,
        "ipc": 0.5193411201587136,
        "cycles": 98239236.55183536,
        "reg-taints": 0.0,
        "mem-taints": 0.0,
        "xmit-taints": 16743654.68286426,
        "stalls": 33930176097.570965,
        "access-preds": 8725.67831239035,
        "access-misps": 1.472284864168546,
        "access-misp-rate": 0.8827241310419585
    }
}