{
    "weight": 1.0000008,
    "stats": {
        "load-rate": 0.4511756933068706,
        "xmit-taints": 2141414.1200800035,
        "stalls": 397671127213.647,
        "access-preds": 6837723.621311103,
        "insts": 50700493.91380437,
        "access-misp-rate": 0.0037034295215416734,
        "access-misps": 32291.577003538394,
        "mem-taints": 0.0,
        "loads": 22791846.81064195,
        "ipc": 0.9856469160741671,
        "reg-taints": 0.0,
        "cycles": 56901113.82079354
    }
}