{
    "weight": 0.999999552,
    "stats": {
        "cycles": 45965186.073040664,
        "reg-taints": 0.0,
        "stalls": 73158812237.31029,
        "loads": 15907545.504211603,
        "insts": 55678062.323424466,
        "access-preds": 0.0,
        "access-misps": 0.0,
        "mem-taints": 0.0,
        "load-rate": 0.28589441961353407,
        "xmit-taints": 3639291.688467056,
        "ipc": 1.305842689665205,
        "access-misp-rate": 0.0
    }
}