{
    "simpoint": {
        "interval": 488,
        "weight": 0.13597,
        "waypoints": [
            7591993457,
            7595102746,
            7610810749
        ],
        "name": "0"
    },
    "stats": {
        "insts": 50060826.0,
        "ipc": 0.458412,
        "cycles": 109204981.0,
        "reg-taints": 0.0,
        "mem-taints": 0.0,
        "xmit-taints": 17106788.0,
        "loads": 12339240.0,
        "load-rate": 0.24648494613332989,
        "stalls": 861275933000,
        "access-preds": 1265378,
        "access-misps": 54362,
        "access-misp-rate": 0.042961075662766385
    }
}