{
    "simpoint": {
        "interval": 1157649,
        "weight": 0.00732065,
        "waypoints": [
            21270634060931,
            21270637975187,
            21270657572159
        ],
        "name": "7"
    },
    "stats": {
        "insts": 52458295.0,
        "ipc": 1.584746,
        "cycles": 33102015.0,
        "reg-taints": 0.0,
        "mem-taints": 0.0,
        "xmit-taints": 339273.0,
        "stalls": 156889460767,
        "access-preds": 229854,
        "access-misps": 229625,
        "access-misp-rate": 0.9990037154019508
    }
}