{
    "simpoint": {
        "interval": 5955,
        "weight": 0.114242,
        "waypoints": [
            47869786773,
            47871621730,
            47879731603
        ],
        "name": "3"
    },
    "stats": {
        "insts": 50917517.0,
        "ipc": 1.431178,
        "cycles": 35577344.0,
        "reg-taints": 0.0,
        "mem-taints": 0.0,
        "xmit-taints": 1495776.0,
        "stalls": 14024906153,
        "access-preds": 10706772,
        "access-misps": 9407154,
        "access-misp-rate": 0.8786171966676791
    }
}