{
    "simpoint": {
        "interval": 11244,
        "weight": 0.0981097,
        "waypoints": [
            255279592077,
            255284103721,
            255306639867
        ],
        "name": "2"
    },
    "stats": {
        "insts": 54572776.0,
        "ipc": 1.035965,
        "cycles": 52678227.0,
        "reg-taints": 0.0,
        "mem-taints": 0.0,
        "xmit-taints": 1874660.0,
        "loads": 13722630.0,
        "load-rate": 0.25145559756754904,
        "stalls": 4787698932,
        "access-preds": 9451747,
        "access-misps": 439014,
        "access-misp-rate": 0.046447921214988086
    }
}