{
    "simpoint": {
        "interval": 22721,
        "weight": 0.144018,
        "waypoints": [
            288696368461,
            288698887821,
            288711572167
        ],
        "name": "8"
    },
    "stats": {
        "insts": 49975733.0,
        "ipc": 0.325199,
        "cycles": 153677499.0,
        "reg-taints": 0.0,
        "mem-taints": 0.0,
        "xmit-taints": 23999335.0,
        "stalls": 13564169883,
        "access-preds": 2781731,
        "access-misps": 173588,
        "access-misp-rate": 0.062402870730491194
    }
}