{
    "simpoint": {
        "interval": 22068,
        "weight": 0.209001,
        "waypoints": [
            414029084479,
            414034665944,
            414055587832
        ],
        "name": "6"
    },
    "stats": {
        "insts": 50000168.0,
        "ipc": 0.799868,
        "cycles": 62510561.0,
        "reg-taints": 0.0,
        "mem-taints": 0.0,
        "xmit-taints": 0.0,
        "loads": 15725237.0,
        "load-rate": 0.31450368326762423,
        "stalls": 21481865008,
        "access-preds": 18698823,
        "access-misps": 572649,
        "access-misp-rate": 0.03062486874173845
    }
}