{
    "weight": 0.999999552,
    "stats": {
        "xmit-taints": 3639291.6887206077,
        "ipc": 1.4586974934350772,
        "load-rate": 0.2858944169597981,
        "stalls": 94155937946.901,
        "reg-taints": 0.0,
        "insts": 55678062.14326558,
        "mem-taints": 0.0,
        "loads": 15907545.30761407,
        "access-misp-rate": 0.01644517294836921,
        "cycles": 41776148.27136614,
        "access-preds": 6430225.357604964,
        "access-misps": 115939.31731011416
    }
}