{
    "simpoint": {
        "interval": 22480,
        "weight": 0.0592294,
        "waypoints": [
            351078846394,
            351081731035,
            351096189808
        ],
        "name": "4"
    },
    "stats": {
        "insts": 59118438.0,
        "ipc": 1.645487,
        "cycles": 35927621.0,
        "reg-taints": 0.0,
        "mem-taints": 0.0,
        "xmit-taints": 2327844.0,
        "loads": 15528463.0,
        "load-rate": 0.2626670041586687,
        "stalls": 3267267696,
        "access-preds": 3909614,
        "access-misps": 134668,
        "access-misp-rate": 0.034445344220682655
    }
}