{
    "weight": 1.0000000999999998,
    "stats": {
        "insts": 64194071.32567358,
        "ipc": 0.8917159362605066,
        "cycles": 71997143.71904504,
        "reg-taints": 0.0,
        "mem-taints": 0.0,
        "xmit-taints": 1825533.0006816003,
        "stalls": 54559841825.02559,
        "access-preds": 5989364.382252262,
        "access-misps": 694102.1308428871,
        "access-misp-rate": 0.11603046182002696
    }
}