{
    "weight": 0.99999978,
    "stats": {
        "insts": 50000032.99160247,
        "ipc": 0.7957003435745156,
        "cycles": 62979155.3598059,
        "reg-taints": 0.0,
        "mem-taints": 0.0,
        "xmit-taints": 0.0,
        "stalls": 58168515759.16088,
        "access-preds": 20586251.007397894,
        "access-misps": 3760042.7157840375,
        "access-misp-rate": 0.1824075860219923
    }
}