{
    "simpoint": {
        "interval": 1970,
        "weight": 0.00259217,
        "waypoints": [
            17903898823,
            17907232163,
            17923898951
        ],
        "name": "3"
    },
    "stats": {
        "insts": 50000248.0,
        "ipc": 0.62617,
        "cycles": 79850948.0,
        "reg-taints": 0.0,
        "mem-taints": 0.0,
        "xmit-taints": 150.0,
        "loads": 26666055.0,
        "load-rate": 0.5333184547404645,
        "stalls": 2861948,
        "access-preds": 363,
        "access-misps": 68,
        "access-misp-rate": 0.18732782369146006
    }
}