{
    "weight": 1.0000000999999998,
    "stats": {
        "access-preds": 17148270.954736106,
        "stalls": 2449731687.1947827,
        "access-misp-rate": 0.019813592159273752,
        "ipc": 1.0926980690656931,
        "loads": 14303526.0242438,
        "mem-taints": 0.0,
        "reg-taints": 0.0,
        "xmit-taints": 0.0,
        "insts": 50000040.36839107,
        "load-rate": 0.28607029102849546,
        "cycles": 45796863.851437025,
        "access-misps": 338259.7492389252
    }
}