{
    "simpoint": {
        "interval": 37395,
        "weight": 0.007839,
        "waypoints": [
            364121378550,
            364123554746,
            364135261781
        ],
        "name": "5"
    },
    "stats": {
        "insts": 52370077.0,
        "ipc": 1.134501,
        "cycles": 46161344.0,
        "reg-taints": 0.0,
        "mem-taints": 0.0,
        "xmit-taints": 4449296.0,
        "stalls": 68910652423,
        "access-preds": 14281355,
        "access-misps": 7654479,
        "access-misp-rate": 0.5359770834070017
    }
}