{
    "weight": 1.0000004999999998,
    "stats": {
        "insts": 50013589.52733034,
        "ipc": 0.6639803645485178,
        "cycles": 77297624.45331098,
        "reg-taints": 0.0,
        "mem-taints": 0.0,
        "xmit-taints": 11711215.370445518,
        "stalls": 22891288510.12046,
        "access-preds": 312292.60051249986,
        "access-misps": 277858.35083542456,
        "access-misp-rate": 0.8886900796271437
    }
}