{
    "weight": 1.00000015,
    "stats": {
        "load-rate": 0.2811168835699125,
        "ipc": 1.069131840501274,
        "mem-taints": 0.0,
        "insts": 52981082.74599654,
        "cycles": 53487065.055704795,
        "access-misps": 493712.62027885707,
        "xmit-taints": 9517202.736285292,
        "stalls": 62034122173.43867,
        "access-preds": 5550692.127787831,
        "reg-taints": 0.0,
        "loads": 14913157.718573242,
        "access-misp-rate": 0.08360046181176743
    }
}