{
    "simpoint": {
        "interval": 668,
        "weight": 0.0957473,
        "waypoints": [
            15211472340,
            15216035563,
            15238938714
        ],
        "name": "0"
    },
    "stats": {
        "insts": 63801708.0,
        "ipc": 0.797845,
        "cycles": 79967554.0,
        "reg-taints": 0.0,
        "mem-taints": 0.0,
        "xmit-taints": 4207617.0,
        "loads": 17597698.0,
        "load-rate": 0.27581860347688497,
        "stalls": 48513881731,
        "access-preds": 5702946,
        "access-misps": 261891,
        "access-misp-rate": 0.045922055022088584
    }
}