{
    "simpoint": {
        "interval": 706,
        "weight": 0.000253552,
        "waypoints": [
            6625859441,
            6630464024,
            6653803257
        ],
        "name": "0"
    },
    "stats": {
        "insts": 58279515.0,
        "ipc": 1.282979,
        "cycles": 45425152.0,
        "stalls": 0
    }
}