{
    "simpoint": {
        "interval": 32441,
        "weight": 0.00615222,
        "waypoints": [
            72167249964,
            72167962676,
            72170053974
        ],
        "name": "1"
    },
    "stats": {
        "insts": 50456744.0,
        "ipc": 0.333746,
        "cycles": 151183117.0,
        "reg-taints": 0.0,
        "mem-taints": 0.0,
        "xmit-taints": 25757421.0,
        "loads": 18916936.0,
        "load-rate": 0.3749139262731658,
        "stalls": 3924770958993,
        "access-preds": 1,
        "access-misps": 1,
        "access-misp-rate": 1.0
    }
}