{
    "simpoint": {
        "interval": 22068,
        "weight": 0.209001,
        "waypoints": [
            414029159328,
            414034740793,
            414055662685
        ],
        "name": "6"
    },
    "stats": {
        "insts": 54443294.0,
        "ipc": 1.065108,
        "cycles": 51115287.0,
        "reg-taints": 0.0,
        "mem-taints": 0.0,
        "xmit-taints": 7318891.0,
        "stalls": 30044181531,
        "access-preds": 7716642,
        "access-misps": 801228,
        "access-misp-rate": 0.1038311742335591
    }
}