{
    "simpoint": {
        "interval": 40254,
        "weight": 0.0627946,
        "waypoints": [
            944599758658,
            944604507473,
            944628141398
        ],
        "name": "7"
    },
    "stats": {
        "insts": 50000032.0,
        "ipc": 1.062144,
        "cycles": 47074630.0,
        "reg-taints": 0.0,
        "mem-taints": 0.0,
        "xmit-taints": 0.0,
        "stalls": 2751438750,
        "access-preds": 16953804,
        "access-misps": 546543,
        "access-misp-rate": 0.032237189954537636
    }
}