{
    "simpoint": {
        "interval": 108130,
        "weight": 0.0553263,
        "waypoints": [
            229978831386,
            229980724396,
            229983123467
        ],
        "name": "6"
    },
    "stats": {
        "insts": 50108508.0,
        "ipc": 2.063291,
        "cycles": 24285717.0,
        "reg-taints": 0.0,
        "mem-taints": 0.0,
        "xmit-taints": 466353.0,
        "loads": 13880526.0,
        "load-rate": 0.2770093653556797,
        "stalls": 87574814681,
        "access-preds": 846712,
        "access-misps": 610897,
        "access-misp-rate": 0.7214932586286719
    }
}