{
    "simpoint": {
        "interval": 61474,
        "weight": 0.157277,
        "waypoints": [
            183924952990,
            183925440285,
            183927821194
        ],
        "name": "4"
    },
    "stats": {
        "insts": 50000091.0,
        "ipc": 0.367296,
        "cycles": 136130331.0,
        "pub-annot-reg-rate": NaN,
        "pub-annot-load-rate": NaN,
        "pub-annot-load-count": 0.0,
        "annot-load-count": 0.0,
        "prot-regs": 87910495.0,
        "unprot-regs": 10156776.0,
        "loads": 25157169.0,
        "load-rate": 0.503142464280715,
        "stalls": 5396536698000,
        "access-preds": 0,
        "access-misps": 0,
        "access-misp-rate": 0,
        "unprot-regs-inst": 0.20313515029402646,
        "unprot-regs-rate": 0.10356947732337733
    }
}