{
    "simpoint": {
        "interval": 5955,
        "weight": 0.114242,
        "waypoints": [
            47879211692,
            47881048665,
            47889161106
        ],
        "name": "3"
    },
    "stats": {
        "insts": 50030770.0,
        "ipc": 0.695287,
        "cycles": 71956973.0,
        "reg-taints": 0.0,
        "mem-taints": 0.0,
        "xmit-taints": 12568429.0,
        "loads": 12837286.0,
        "load-rate": 0.2565878158581209,
        "stalls": 267708324446,
        "access-preds": 1290043,
        "access-misps": 1200580,
        "access-misp-rate": 0.9306511488376744
    }
}