{
    "weight": 0.99999978,
    "stats": {
        "xmit-taints": 3450384.1873354614,
        "access-misp-rate": 0.037996761716005224,
        "insts": 54719004.846643716,
        "cycles": 65133576.09768761,
        "mem-taints": 0.0,
        "stalls": 76782183106.12448,
        "access-misps": 492504.11345359497,
        "access-preds": 12957600.389561266,
        "loads": 17771993.19776379,
        "reg-taints": 0.0,
        "load-rate": 0.32479769291551625,
        "ipc": 0.8413665766233167
    }
}