{
    "simpoint": {
        "interval": 5883,
        "weight": 0.068873,
        "waypoints": [
            75449192385,
            75451707895,
            75464447709
        ],
        "name": "5"
    },
    "stats": {
        "insts": 54701612.0,
        "ipc": 0.749987,
        "cycles": 72936739.0,
        "reg-taints": 0.0,
        "mem-taints": 0.0,
        "xmit-taints": 3445842.0,
        "stalls": 13119427394,
        "access-preds": 12986955,
        "access-misps": 3667672,
        "access-misp-rate": 0.28241200496960217
    }
}