{
    "simpoint": {
        "interval": 43021,
        "weight": 0.0217599,
        "waypoints": [
            622302562834,
            622307277140,
            622330873622
        ],
        "name": "7"
    },
    "stats": {
        "insts": 50000073.0,
        "ipc": 0.21462,
        "cycles": 232970386.0,
        "reg-taints": 0.0,
        "mem-taints": 0.0,
        "xmit-taints": 25035495.0,
        "loads": 19278937.0,
        "load-rate": 0.3855781770558615,
        "stalls": 1239463822924,
        "access-preds": 7298,
        "access-misps": 123,
        "access-misp-rate": 0.016853932584269662
    }
}