{
    "simpoint": {
        "interval": 16208,
        "weight": 0.00532735,
        "waypoints": [
            386596898473,
            386603781608,
            386636710532
        ],
        "name": "1"
    },
    "stats": {
        "insts": 50000203.0,
        "ipc": 1.113354,
        "cycles": 44909518.0,
        "reg-taints": 0.0,
        "mem-taints": 0.0,
        "xmit-taints": 296880.0,
        "loads": 16212936.0,
        "load-rate": 0.32425740351494176,
        "stalls": 202630168,
        "access-preds": 14088734,
        "access-misps": 60508,
        "access-misp-rate": 0.004294779076672184
    }
}