{
    "simpoint": {
        "interval": 3585,
        "weight": 0.134108,
        "waypoints": [
            33454489991,
            33456525914,
            33466700112
        ],
        "name": "2"
    },
    "stats": {
        "insts": 50000033.0,
        "ipc": 1.101957,
        "cycles": 45373837.0,
        "reg-taints": 0.0,
        "mem-taints": 0.0,
        "xmit-taints": 0.0,
        "stalls": 38855849378,
        "access-preds": 19847716,
        "access-misps": 9090591,
        "access-misp-rate": 0.45801698291128307
    }
}