{
    "simpoint": {
        "interval": 90353,
        "weight": 0.740581,
        "waypoints": [
            2156776442208,
            2156781327945,
            2156805604461
        ],
        "name": "2"
    },
    "stats": {
        "insts": 50000146.0,
        "ipc": 0.230062,
        "cycles": 217333015.0,
        "pub-annot-reg-rate": NaN,
        "pub-annot-load-rate": NaN,
        "pub-annot-load-count": 0.0,
        "annot-load-count": 0.0,
        "prot-regs": 49707224.0,
        "unprot-regs": 17224838.0,
        "loads": 15337580.0,
        "load-rate": 0.3067507042879435,
        "stalls": 0,
        "access-preds": 0,
        "access-misps": 0,
        "access-misp-rate": 0,
        "unprot-regs-inst": 0.34449575407239813,
        "unprot-regs-rate": 0.25734808528683906
    }
}