{
    "simpoint": {
        "interval": 706,
        "weight": 0.000253552,
        "waypoints": [
            6595850468,
            6600455051,
            6623794284
        ],
        "name": "0"
    },
    "stats": {
        "insts": 50000014.0,
        "ipc": 1.141967,
        "cycles": 43784110.0,
        "reg-taints": 0.0,
        "mem-taints": 0.0,
        "xmit-taints": 0.0,
        "loads": 16736839.0,
        "load-rate": 0.3347366862737278,
        "stalls": 18218021398,
        "access-preds": 20085560,
        "access-misps": 5838189,
        "access-misp-rate": 0.2906659809335662
    }
}