{
    "simpoint": {
        "interval": 488,
        "weight": 0.13597,
        "waypoints": [
            7591993457,
            7595102746,
            7610810749
        ],
        "name": "0"
    },
    "stats": {
        "insts": 60343130.0,
        "ipc": 1.242668,
        "cycles": 48559335.0,
        "reg-taints": 0.0,
        "mem-taints": 0.0,
        "xmit-taints": 2347930.0,
        "loads": 15245343.0,
        "load-rate": 0.2526442198142523,
        "stalls": 21927607000,
        "access-preds": 3599910,
        "access-misps": 3363763,
        "access-misp-rate": 0.9344019711603901
    }
}