{
    "weight": 0.999999552,
    "stats": {
        "xmit-taints": 3608090.504527926,
        "access-preds": 6430225.357604964,
        "insts": 55678059.70620228,
        "cycles": 36656790.28849515,
        "mem-taints": 0.0,
        "stalls": 18917606995.494637,
        "access-misp-rate": 0.019837002708017946,
        "ipc": 1.654807586933619,
        "loads": 15907544.089335972,
        "access-misps": 142673.67823334786,
        "reg-taints": 0.0,
        "load-rate": 0.28589440782434633
    }
}