{
    "weight": 0.9999989000000001,
    "stats": {
        "insts": 50063598.48824043,
        "ipc": 0.5094602658124924,
        "cycles": 98272493.49561043,
        "reg-taints": 0.0,
        "mem-taints": 0.0,
        "xmit-taints": 17081159.20439132,
        "stalls": 44953510855.530396,
        "access-preds": 1223735.8549966402,
        "access-misps": 1109996.7018462718,
        "access-misp-rate": 0.9066044620001051
    }
}