{
    "simpoint": {
        "interval": 6816,
        "weight": 0.0972148,
        "waypoints": [
            68203214195,
            68207351409,
            68235496377
        ],
        "name": "1"
    },
    "stats": {
        "insts": 50000012.0,
        "ipc": 1.652148,
        "cycles": 30263634.0,
        "reg-taints": 0.0,
        "mem-taints": 0.0,
        "xmit-taints": 0.0,
        "stalls": 5871295655,
        "access-preds": 14190217,
        "access-misps": 1062825,
        "access-misp-rate": 0.07489843178578594
    }
}