{
    "simpoint": {
        "interval": 32813,
        "weight": 0.0318631,
        "waypoints": [
            319545681560,
            319548380288,
            319561805792
        ],
        "name": "4"
    },
    "stats": {
        "insts": 50000018.0,
        "ipc": 0.336533,
        "cycles": 148573934.0,
        "reg-taints": 0.0,
        "mem-taints": 0.0,
        "xmit-taints": 35318013.0,
        "loads": 17989984.0,
        "load-rate": 0.35979955047216183,
        "stalls": 1168845147334,
        "access-preds": 54107,
        "access-misps": 328,
        "access-misp-rate": 0.006062062210065241
    }
}