{
    "simpoint": {
        "interval": 76,
        "weight": 0.00188513,
        "waypoints": [
            669958016,
            672327432,
            684169103
        ],
        "name": "1"
    },
    "stats": {
        "insts": 54934131.0,
        "ipc": 1.001669,
        "cycles": 54842618.0,
        "reg-taints": 0.0,
        "mem-taints": 0.0,
        "xmit-taints": 3347287.0,
        "stalls": 9409055069,
        "access-preds": 12386996,
        "access-misps": 768215,
        "access-misp-rate": 0.06201786131197588
    }
}