{
    "simpoint": {
        "interval": 12232,
        "weight": 0.18073,
        "waypoints": [
            175709486129,
            175711250457,
            175720075089
        ],
        "name": "2"
    },
    "stats": {
        "insts": 70390885.0,
        "ipc": 0.826154,
        "cycles": 85203069.0,
        "reg-taints": 0.0,
        "mem-taints": 0.0,
        "xmit-taints": 2761919.0,
        "loads": 23255381.0,
        "load-rate": 0.33037489157864686,
        "stalls": 65461158000,
        "access-preds": 0,
        "access-misps": 0,
        "access-misp-rate": 0
    }
}