{
    "weight": 1.00000036,
    "stats": {
        "mem-taints": 0.0,
        "stalls": 415909263209.08105,
        "cycles": 39870122.52812475,
        "reg-taints": 0.0,
        "ipc": 1.2668036827086941,
        "insts": 50003578.30797445,
        "access-preds": 20865112.312111244,
        "load-rate": 0.3452485900335019,
        "access-misp-rate": 0.7767756947296455,
        "loads": 17263625.64782411,
        "xmit-taints": 0.0,
        "access-misps": 16026733.390894458
    }
}