{
    "simpoint": {
        "interval": 26494,
        "weight": 0.14016,
        "waypoints": [
            411545968218,
            411548971522,
            411564076503
        ],
        "name": "5"
    },
    "stats": {
        "insts": 59231516.0,
        "ipc": 0.364399,
        "cycles": 162545672.0,
        "reg-taints": 0.0,
        "mem-taints": 0.0,
        "xmit-taints": 2254175.0,
        "loads": 15268196.0,
        "load-rate": 0.25777148773298325,
        "stalls": 704940330812,
        "access-preds": 3802027,
        "access-misps": 3565442,
        "access-misp-rate": 0.9377739821416313
    }
}