{
    "simpoint": {
        "interval": 1157649,
        "weight": 0.00732065,
        "waypoints": [
            21270634061107,
            21270637975363,
            21270657572335
        ],
        "name": "7"
    },
    "stats": {
        "insts": 50021257.0,
        "ipc": 0.935806,
        "cycles": 53452590.0,
        "reg-taints": 0.0,
        "mem-taints": 0.0,
        "xmit-taints": 12867865.0,
        "loads": 5722694.0,
        "load-rate": 0.11440524175552005,
        "stalls": 533337795910,
        "access-preds": 51434,
        "access-misps": 161,
        "access-misp-rate": 0.0031302251429015824
    }
}