{
    "simpoint": {
        "interval": 1973,
        "weight": 0.153827,
        "waypoints": [
            417949998,
            417992228,
            418203265
        ],
        "name": "0"
    },
    "stats": {
        "insts": 50001584.0,
        "ipc": 1.06675,
        "cycles": 46872805.0,
        "reg-taints": 0.0,
        "mem-taints": 0.0,
        "xmit-taints": 274153.0,
        "loads": 13620525.0,
        "load-rate": 0.27240187030874863,
        "stalls": 372170781,
        "access-preds": 16115856,
        "access-misps": 56474,
        "access-misp-rate": 0.003504250720532623
    }
}