{
    "simpoint": {
        "interval": 6337,
        "weight": 0.0160066,
        "waypoints": [
            143980617389,
            143984953023,
            144006443864
        ],
        "name": "1"
    },
    "stats": {
        "insts": 50000014.0,
        "ipc": 1.048127,
        "cycles": 47704149.0,
        "reg-taints": 0.0,
        "mem-taints": 0.0,
        "xmit-taints": 0.0,
        "stalls": 2792475790,
        "access-preds": 16212447,
        "access-misps": 509882,
        "access-misp-rate": 0.03145003342185174
    }
}