{
    "simpoint": {
        "interval": 908,
        "weight": 0.0694995,
        "waypoints": [
            14066695134,
            14069716101,
            14084752322
        ],
        "name": "1"
    },
    "stats": {
        "insts": 59906079.0,
        "ipc": 1.35796,
        "cycles": 44114765.0,
        "reg-taints": 0.0,
        "mem-taints": 0.0,
        "xmit-taints": 2347374.0,
        "stalls": 16532290165,
        "access-preds": 3722217,
        "access-misps": 117268,
        "access-misp-rate": 0.03150488002177197
    }
}