{
    "simpoint": {
        "interval": 89120,
        "weight": 0.021955,
        "waypoints": [
            189841891446,
            189842758823,
            189846973662
        ],
        "name": "5"
    },
    "stats": {
        "insts": 50000023.0,
        "ipc": 2.169273,
        "cycles": 23049205.0,
        "reg-taints": 0.0,
        "mem-taints": 0.0,
        "xmit-taints": 10323.0,
        "loads": 13783716.0,
        "load-rate": 0.27567419318987113,
        "stalls": 21988495620,
        "access-preds": 2316259,
        "access-misps": 2303029,
        "access-misp-rate": 0.9942882035212816
    }
}