{
    "weight": 0.9999996,
    "stats": {
        "cycles": 40233177.141255364,
        "insts": 50003382.86887765,
        "ipc": 1.244424527395511,
        "access-preds": 22262628.76524551,
        "stalls": 1303537345.5759423,
        "access-misps": 381455.7891730157,
        "xmit-taints": 0.0,
        "load-rate": 0.3757099639831915,
        "mem-taints": 0.0,
        "reg-taints": 0.0,
        "loads": 18787223.090702735,
        "access-misp-rate": 0.016460495345603267
    }
}