{
    "weight": 1.00000017,
    "stats": {
        "insts": 50000021.568700306,
        "ipc": 0.75584929412063,
        "cycles": 76776699.58280273,
        "reg-taints": 0.0,
        "mem-taints": 0.0,
        "xmit-taints": 0.0,
        "stalls": 128485502469.93652,
        "access-preds": 21493039.861959342,
        "access-misps": 545150.0074382487,
        "access-misp-rate": 0.02566487813293782
    }
}