{
    "simpoint": {
        "interval": 19093,
        "weight": 0.0130689,
        "waypoints": [
            442361517955,
            442366307298,
            442386152419
        ],
        "name": "3"
    },
    "stats": {
        "insts": 50000066.0,
        "ipc": 0.802554,
        "cycles": 62301177.0,
        "reg-taints": 0.0,
        "mem-taints": 0.0,
        "xmit-taints": 0.0,
        "stalls": 45817771929,
        "access-preds": 18866932,
        "access-misps": 1141100,
        "access-misp-rate": 0.0604814815678564
    }
}