{
    "simpoint": {
        "interval": 41440,
        "weight": 0.14246,
        "waypoints": [
            644894324154,
            644897490433,
            644913410359
        ],
        "name": "7"
    },
    "stats": {
        "insts": 59689231.0,
        "ipc": 0.35456,
        "cycles": 168347422.0,
        "reg-taints": 0.0,
        "mem-taints": 0.0,
        "xmit-taints": 2351632.0,
        "loads": 15041380.0,
        "load-rate": 0.2519948698953753,
        "stalls": 705379675525,
        "access-preds": 3562339,
        "access-misps": 3293183,
        "access-misp-rate": 0.9244440239965932
    }
}