{
    "simpoint": {
        "interval": 668,
        "weight": 0.0957473,
        "waypoints": [
            15211472340,
            15216035563,
            15238938714
        ],
        "name": "0"
    },
    "stats": {
        "insts": 63801708.0,
        "ipc": 0.793097,
        "cycles": 80446317.0,
        "reg-taints": 0.0,
        "mem-taints": 0.0,
        "xmit-taints": 4207617.0,
        "loads": 17597698.0,
        "load-rate": 0.27581860347688497,
        "stalls": 50730352156,
        "access-preds": 5702946,
        "access-misps": 287886,
        "access-misp-rate": 0.05048022548346065
    }
}