{
    "simpoint": {
        "interval": 1137,
        "weight": 0.0122339,
        "waypoints": [
            9780061725,
            9782244550,
            9789444800
        ],
        "name": "1"
    },
    "stats": {
        "insts": 50000038.0,
        "ipc": 1.391842,
        "cycles": 35923650.0,
        "reg-taints": 0.0,
        "mem-taints": 0.0,
        "xmit-taints": 540.0,
        "stalls": 45189421215,
        "access-preds": 15130403,
        "access-misps": 10143070,
        "access-misp-rate": 0.6703767242683489
    }
}