{
    "weight": 1.00000015,
    "stats": {
        "insts": 50000050.44396969,
        "ipc": 1.1121808622086709,
        "cycles": 47948479.90990836,
        "reg-taints": 0.0,
        "mem-taints": 0.0,
        "xmit-taints": 0.0,
        "stalls": 25585418737.620064,
        "access-preds": 17204941.209295418,
        "access-misps": 739055.4942337759,
        "access-misp-rate": 0.04505046356472765
    }
}