{
    "simpoint": {
        "interval": 19093,
        "weight": 0.0130689,
        "waypoints": [
            442361517955,
            442366307298,
            442386152419
        ],
        "name": "3"
    },
    "stats": {
        "insts": 50000066.0,
        "ipc": 0.841908,
        "cycles": 59389015.0,
        "reg-taints": 0.0,
        "mem-taints": 0.0,
        "xmit-taints": 0.0,
        "loads": 15985013.0,
        "load-rate": 0.3196998379962138,
        "stalls": 241520181104,
        "access-preds": 18866932,
        "access-misps": 14997609,
        "access-misp-rate": 0.7949150927135371
    }
}