{
    "simpoint": {
        "interval": 30732,
        "weight": 0.00641799,
        "waypoints": [
            435290893537,
            435295434266,
            435318174421
        ],
        "name": "5"
    },
    "stats": {
        "insts": 53116463.0,
        "ipc": 0.120942,
        "cycles": 439189464.0,
        "reg-taints": 0.0,
        "mem-taints": 0.0,
        "xmit-taints": 1289734.0,
        "loads": 19862780.0,
        "load-rate": 0.3739477156074944,
        "stalls": 1621177783861,
        "access-preds": 7484400,
        "access-misps": 606,
        "access-misp-rate": 8.096841430174764e-05
    }
}