{
    "simpoint": {
        "interval": 23485,
        "weight": 0.196342,
        "waypoints": [
            446431746896,
            446437358408,
            446460082081
        ],
        "name": "7"
    },
    "stats": {
        "insts": 50000012.0,
        "ipc": 1.041185,
        "cycles": 48022213.0,
        "reg-taints": 0.0,
        "mem-taints": 0.0,
        "xmit-taints": 0.0,
        "stalls": 31887211687,
        "access-preds": 17290370,
        "access-misps": 877616,
        "access-misp-rate": 0.0507575025867
    }
}