{
    "simpoint": {
        "interval": 1175237,
        "weight": 0.0119374,
        "waypoints": [
            21549260662500,
            21549263152991,
            21549275349580
        ],
        "name": "8"
    },
    "stats": {
        "insts": 50000035.0,
        "ipc": 1.079811,
        "cycles": 46304443.0,
        "reg-taints": 0.0,
        "mem-taints": 0.0,
        "xmit-taints": 0.0,
        "loads": 6914003.0,
        "load-rate": 0.13827996320402575,
        "stalls": 4561563,
        "access-preds": 8130484,
        "access-misps": 67166,
        "access-misp-rate": 0.00826100881571134
    }
}