{
    "simpoint": {
        "interval": 5224,
        "weight": 0.114619,
        "waypoints": [
            61252514864,
            61254543932,
            61265832680
        ],
        "name": "7"
    },
    "stats": {
        "insts": 52833756.0,
        "ipc": 1.485492,
        "cycles": 35566493.0,
        "reg-taints": 0.0,
        "mem-taints": 0.0,
        "xmit-taints": 908100.0,
        "stalls": 89524486574,
        "access-preds": 1939713,
        "access-misps": 155559,
        "access-misp-rate": 0.08019691572928572
    }
}