{
    "simpoint": {
        "interval": 1152,
        "weight": 0.208004,
        "waypoints": [
            13476694258,
            13479353395,
            13492293407
        ],
        "name": "1"
    },
    "stats": {
        "insts": 50000124.0,
        "ipc": 0.837335,
        "cycles": 59713378.0,
        "pub-annot-reg-rate": NaN,
        "pub-annot-load-rate": NaN,
        "pub-annot-load-count": 0.0,
        "annot-load-count": 0.0,
        "prot-regs": 92854806.0,
        "unprot-regs": 15062767.0,
        "stalls": 0,
        "access-preds": 0,
        "access-misps": 0,
        "access-misp-rate": 0,
        "unprot-regs-inst": 0.3012545928886096,
        "unprot-regs-rate": 0.1395765914787576
    }
}