{
    "weight": 1.0000004999999998,
    "stats": {
        "ipc": 1.7179960564794718,
        "load-rate": 0.19149930004402058,
        "mem-taints": 0.0,
        "access-preds": 11464747.242348881,
        "access-misp-rate": 0.8954671222439258,
        "insts": 50000114.36603572,
        "stalls": 64302156827.14652,
        "reg-taints": 0.0,
        "xmit-taints": 0.0,
        "cycles": 30643721.78640881,
        "access-misps": 10196571.610987995,
        "loads": 9574986.921497941
    }
}