{
    "simpoint": {
        "interval": 161816,
        "weight": 0.0859769,
        "waypoints": [
            850635249976,
            850637409877,
            850648171465
        ],
        "name": "6"
    },
    "stats": {
        "insts": 50000137.0,
        "ipc": 0.222392,
        "cycles": 224828887.0,
        "pub-annot-reg-rate": NaN,
        "pub-annot-load-rate": NaN,
        "pub-annot-load-count": 0.0,
        "annot-load-count": 0.0,
        "prot-regs": 87010653.0,
        "unprot-regs": 8412221.0,
        "loads": 33048440.0,
        "load-rate": 0.6609669889504503,
        "stalls": 11263450411000,
        "access-preds": 0,
        "access-misps": 0,
        "access-misp-rate": 0,
        "unprot-regs-inst": 0.1682439590115523,
        "unprot-regs-rate": 0.08815727977340108
    }
}