{
    "simpoint": {
        "interval": 43021,
        "weight": 0.0217599,
        "waypoints": [
            622302562834,
            622307277140,
            622330873622
        ],
        "name": "7"
    },
    "stats": {
        "insts": 50000071.0,
        "ipc": 0.209972,
        "cycles": 238127799.0,
        "reg-taints": 0.0,
        "mem-taints": 0.0,
        "xmit-taints": 25036238.0,
        "loads": 19278935.0,
        "load-rate": 0.3855781524790235,
        "stalls": 1481763889981,
        "access-preds": 7298,
        "access-misps": 50,
        "access-misp-rate": 0.006851192107426692
    }
}