{
    "simpoint": {
        "interval": 1033,
        "weight": 0.0814159,
        "waypoints": [
            2471298203,
            2471667031,
            2475266922
        ],
        "name": "0"
    },
    "stats": {
        "insts": 50000329.0,
        "ipc": 1.408433,
        "cycles": 35500690.0,
        "reg-taints": 0.0,
        "mem-taints": 0.0,
        "xmit-taints": 63405.0,
        "stalls": 413567426716,
        "access-preds": 5572634,
        "access-misps": 1684300,
        "access-misp-rate": 0.3022448630216878
    }
}