{
    "simpoint": {
        "interval": 76,
        "weight": 0.00188513,
        "waypoints": [
            669958016,
            672327432,
            684169103
        ],
        "name": "1"
    },
    "stats": {
        "insts": 54934133.0,
        "ipc": 0.808554,
        "cycles": 67941168.0,
        "reg-taints": 0.0,
        "mem-taints": 0.0,
        "xmit-taints": 3347287.0,
        "stalls": 153341225000,
        "access-preds": 12386996,
        "access-misps": 11468861,
        "access-misp-rate": 0.9258791235582865
    }
}