{
    "simpoint": {
        "interval": 23638,
        "weight": 0.106128,
        "waypoints": [
            36605019184,
            36605340413,
            36606980302
        ],
        "name": "2"
    },
    "stats": {
        "insts": 50000231.0,
        "ipc": 1.113524,
        "cycles": 44902683.0,
        "loads": 12027024.0,
        "load-rate": 0.24053936870811657,
        "stalls": 0,
        "access-preds": 0,
        "access-misps": 0,
        "access-misp-rate": 0
    }
}