{
    "simpoint": {
        "interval": 2146,
        "weight": 0.120682,
        "waypoints": [
            19264912175,
            19266184296,
            19272552591
        ],
        "name": "4"
    },
    "stats": {
        "insts": 51934974.0,
        "ipc": 1.446779,
        "cycles": 35896958.0,
        "reg-taints": 0.0,
        "mem-taints": 0.0,
        "xmit-taints": 37578.0,
        "stalls": 7435620568
    }
}