{
    "simpoint": {
        "interval": 32,
        "weight": 0.0996584,
        "waypoints": [
            689975628,
            695855026,
            725251708
        ],
        "name": "0"
    },
    "stats": {
        "insts": 50157178.0,
        "ipc": 2.676021,
        "cycles": 18743191.0,
        "reg-taints": 0.0,
        "mem-taints": 0.0,
        "xmit-taints": 0.0,
        "stalls": 1507614965,
        "access-preds": 94213,
        "access-misps": 94199,
        "access-misp-rate": 0.9998514005498179
    }
}