{
    "simpoint": {
        "interval": 2591,
        "weight": 0.116781,
        "waypoints": [
            3821921351,
            3822241817,
            3823665734
        ],
        "name": "0"
    },
    "stats": {
        "insts": 50000110.0,
        "ipc": 1.028958,
        "cycles": 48592938.0,
        "reg-taints": 0.0,
        "mem-taints": 0.0,
        "xmit-taints": 0.0,
        "stalls": 4547478,
        "access-preds": 14360026,
        "access-misps": 52714,
        "access-misp-rate": 0.0036708847184538525
    }
}