{
    "simpoint": {
        "interval": 9883,
        "weight": 0.0988081,
        "waypoints": [
            223451837714,
            223454836081,
            223470641629
        ],
        "name": "1"
    },
    "stats": {
        "insts": 50000050.0,
        "ipc": 1.141196,
        "cycles": 43813712.0,
        "reg-taints": 0.0,
        "mem-taints": 0.0,
        "xmit-taints": 0.0,
        "stalls": 3448166501,
        "access-preds": 14779847,
        "access-misps": 1046206,
        "access-misp-rate": 0.07078598310253144
    }
}