{
    "simpoint": {
        "interval": 9429,
        "weight": 0.225821,
        "waypoints": [
            120385812297,
            120388351334,
            120401014998
        ],
        "name": "6"
    },
    "stats": {
        "insts": 54701577.0,
        "ipc": 0.800947,
        "cycles": 68296152.0,
        "reg-taints": 0.0,
        "mem-taints": 0.0,
        "xmit-taints": 3446933.0,
        "stalls": 99815465521,
        "access-preds": 13011047,
        "access-misps": 2038111,
        "access-misp-rate": 0.1566446574207287
    }
}