{
    "simpoint": {
        "interval": 675,
        "weight": 0.078825,
        "waypoints": [
            8395755208,
            8398351879,
            8411369247
        ],
        "name": "2"
    },
    "stats": {
        "insts": 54783755.0,
        "ipc": 0.808327,
        "cycles": 67774257.0,
        "reg-taints": 0.0,
        "mem-taints": 0.0,
        "xmit-taints": 3424479.0,
        "stalls": 96844285181,
        "access-preds": 12949515,
        "access-misps": 2119787,
        "access-misp-rate": 0.16369624653896303
    }
}