{
    "simpoint": {
        "interval": 9839,
        "weight": 0.105046,
        "waypoints": [
            151815990500,
            151819197846,
            151835419412
        ],
        "name": "2"
    },
    "stats": {
        "insts": 50000026.0,
        "ipc": 1.083016,
        "cycles": 46167414.0,
        "reg-taints": 0.0,
        "mem-taints": 0.0,
        "xmit-taints": 0.0,
        "loads": 12116700.0,
        "load-rate": 0.24233387398638553,
        "stalls": 393827380,
        "access-preds": 14561317,
        "access-misps": 174042,
        "access-misp-rate": 0.011952352936207625
    }
}