{
    "simpoint": {
        "interval": 26923,
        "weight": 0.601173,
        "waypoints": [
            256501771573,
            256503653190,
            256513099889
        ],
        "name": "3"
    },
    "stats": {
        "insts": 54523981.0,
        "ipc": 1.184209,
        "cycles": 46042534.0,
        "reg-taints": 0.0,
        "mem-taints": 0.0,
        "xmit-taints": 3078245.0,
        "loads": 16103955.0,
        "load-rate": 0.2953554510262191,
        "stalls": 24619994803,
        "access-preds": 13823599,
        "access-misps": 7456980,
        "access-misp-rate": 0.5394383908271645
    }
}