{
    "simpoint": {
        "interval": 23485,
        "weight": 0.196342,
        "waypoints": [
            446431746896,
            446437358408,
            446460082081
        ],
        "name": "7"
    },
    "stats": {
        "insts": 53143067.0,
        "ipc": 1.07586,
        "cycles": 49395877.0,
        "reg-taints": 0.0,
        "mem-taints": 0.0,
        "xmit-taints": 9711505.0,
        "stalls": 35515246070,
        "access-preds": 6046616,
        "access-misps": 565559,
        "access-misp-rate": 0.0935331431663595
    }
}