{
    "simpoint": {
        "interval": 52123,
        "weight": 0.310505,
        "waypoints": [
            82623635599,
            82623985801,
            82625786525
        ],
        "name": "4"
    },
    "stats": {
        "insts": 50000088.0,
        "ipc": 0.505012,
        "cycles": 99007813.0,
        "reg-taints": 0.0,
        "mem-taints": 0.0,
        "xmit-taints": 16180316.0,
        "loads": 12468218.0,
        "load-rate": 0.24936392111949882,
        "stalls": 115202485556,
        "access-preds": 652050,
        "access-misps": 28025,
        "access-misp-rate": 0.0429798328349053
    }
}