{
    "simpoint": {
        "interval": 32052,
        "weight": 0.019445,
        "waypoints": [
            129468818660,
            129469733367,
            129474085303
        ],
        "name": "2"
    },
    "stats": {
        "insts": 50000140.0,
        "ipc": 1.363527,
        "cycles": 36669713.0,
        "reg-taints": 0.0,
        "mem-taints": 0.0,
        "xmit-taints": 396339.0,
        "stalls": 13295922056,
        "access-preds": 14736318,
        "access-misps": 14659988,
        "access-misp-rate": 0.9948202800726749
    }
}