{
    "simpoint": {
        "interval": 66874,
        "weight": 0.00421115,
        "waypoints": [
            143913074110,
            143914730259,
            143922718087
        ],
        "name": "3"
    },
    "stats": {
        "insts": 50000056.0,
        "ipc": 1.45047,
        "cycles": 34471625.0,
        "reg-taints": 0.0,
        "mem-taints": 0.0,
        "xmit-taints": 0.0,
        "loads": 5487841.0,
        "load-rate": 0.10975669707249928,
        "stalls": 38064789022,
        "access-preds": 6433670,
        "access-misps": 6098603,
        "access-misp-rate": 0.9479197720741039
    }
}