{
    "weight": 0.9999993,
    "stats": {
        "insts": 51721789.03058492,
        "ipc": 0.9053822461065721,
        "cycles": 68436674.76313473,
        "reg-taints": 0.0,
        "mem-taints": 0.0,
        "xmit-taints": 1298638.8169452716,
        "stalls": 118498880147.1241,
        "access-preds": 1826059.9849800896,
        "access-misps": 69991.89769252838,
        "access-misp-rate": 0.034317851065260384
    }
}