{
    "simpoint": {
        "interval": 39859,
        "weight": 0.212529,
        "waypoints": [
            391499302195,
            391501655814,
            391512639171
        ],
        "name": "6"
    },
    "stats": {
        "insts": 50000029.0,
        "ipc": 1.02083,
        "cycles": 48979800.0,
        "reg-taints": 0.0,
        "mem-taints": 0.0,
        "xmit-taints": 0.0,
        "loads": 13522861.0,
        "load-rate": 0.27045706313490336,
        "stalls": 51312708282,
        "access-preds": 16227384,
        "access-misps": 1729224,
        "access-misp-rate": 0.10656209281791816
    }
}