{
    "simpoint": {
        "interval": 4974,
        "weight": 0.0263685,
        "waypoints": [
            7237046426,
            7237187654,
            7237682934
        ],
        "name": "1"
    },
    "stats": {
        "insts": 50182102.0,
        "ipc": 0.588634,
        "cycles": 85251792.0,
        "reg-taints": 0.0,
        "mem-taints": 0.0,
        "xmit-taints": 12771687.0,
        "loads": 12208616.0,
        "load-rate": 0.24328626170342565,
        "stalls": 330075866450,
        "access-preds": 4218517,
        "access-misps": 145689,
        "access-misp-rate": 0.03453559627708031
    }
}