{
    "weight": 1.00000017,
    "stats": {
        "access-preds": 1929245.3918515232,
        "access-misp-rate": 0.9354503669446488,
        "xmit-taints": 19196419.794156212,
        "cycles": 148327354.09680343,
        "load-rate": 0.3581645912095439,
        "loads": 17908237.28419746,
        "access-misps": 1911878.40888414,
        "mem-taints": 0.0,
        "insts": 50000021.591822095,
        "reg-taints": 0.0,
        "ipc": 0.37876548900630685,
        "stalls": 729079593858.3586
    }
}