{
    "simpoint": {
        "interval": 4298,
        "weight": 0.0964486,
        "waypoints": [
            55308186049,
            55310737988,
            55323443931
        ],
        "name": "4"
    },
    "stats": {
        "insts": 54056166.0,
        "ipc": 0.852471,
        "cycles": 63411131.0,
        "reg-taints": 0.0,
        "mem-taints": 0.0,
        "xmit-taints": 3314154.0,
        "stalls": 15947631089,
        "access-preds": 15439420,
        "access-misps": 1144325,
        "access-misp-rate": 0.07411709766299511
    }
}