{
    "weight": 0.9999993,
    "stats": {
        "access-misps": 839923.1499706048,
        "mem-taints": 0.0,
        "stalls": 1129007107.2746348,
        "insts": 50000062.26708149,
        "cycles": 38198838.12865279,
        "access-misp-rate": 0.05771604105633115,
        "access-preds": 13546320.95947907,
        "loads": 11255900.460964723,
        "ipc": 1.4101696632484642,
        "load-rate": 0.225117761388412,
        "reg-taints": 0.0,
        "xmit-taints": 0.0
    }
}