{
    "simpoint": {
        "interval": 4298,
        "weight": 0.0964486,
        "waypoints": [
            55308186049,
            55310737988,
            55323443931
        ],
        "name": "4"
    },
    "stats": {
        "insts": 54739684.0,
        "ipc": 0.656943,
        "cycles": 83324821.0,
        "reg-taints": 0.0,
        "mem-taints": 0.0,
        "xmit-taints": 3437039.0,
        "stalls": 240506199000,
        "access-preds": 13008983,
        "access-misps": 11858109,
        "access-misp-rate": 0.9115323619071529
    }
}