{
    "simpoint": {
        "interval": 23485,
        "weight": 0.196342,
        "waypoints": [
            446431669982,
            446437281494,
            446460005165
        ],
        "name": "7"
    },
    "stats": {
        "insts": 50000017.0,
        "ipc": 0.430283,
        "cycles": 116202574.0,
        "pub-annot-reg-rate": NaN,
        "pub-annot-load-rate": NaN,
        "pub-annot-load-count": 0.0,
        "annot-load-count": 0.0,
        "prot-regs": 87164123.0,
        "unprot-regs": 46022446.0,
        "loads": 14583621.0,
        "load-rate": 0.2916723208314109,
        "stalls": 725376694000,
        "access-preds": 0,
        "access-misps": 0,
        "access-misp-rate": 0,
        "unprot-regs-inst": 0.9204486070474736,
        "unprot-regs-rate": 0.3455487016862789
    }
}