{
    "simpoint": {
        "interval": 10502,
        "weight": 0.0649377,
        "waypoints": [
            151694490622,
            151698270238,
            151719385844
        ],
        "name": "3"
    },
    "stats": {
        "insts": 50000012.0,
        "ipc": 1.351556,
        "cycles": 36994415.0,
        "reg-taints": 0.0,
        "mem-taints": 0.0,
        "xmit-taints": 0.0,
        "loads": 12492422.0,
        "load-rate": 0.2498483800363888,
        "stalls": 18208910000,
        "access-preds": 15122782,
        "access-misps": 7179122,
        "access-misp-rate": 0.4747223096914311
    }
}