{
    "weight": 1.00000015,
    "stats": {
        "reg-taints": 0.0,
        "ipc": 1.5402978243817764,
        "access-misp-rate": 0.032988150476900194,
        "access-misps": 194563.20720096893,
        "insts": 52981083.03863729,
        "load-rate": 0.28111688417646263,
        "stalls": 11899885780.018398,
        "access-preds": 5550692.127787831,
        "loads": 14913157.826344227,
        "mem-taints": 0.0,
        "xmit-taints": 9526552.087110886,
        "cycles": 37667246.32499175
    }
}