{
    "simpoint": {
        "interval": 1547,
        "weight": 0.228967,
        "waypoints": [
            36659013047,
            36663513461,
            36685938705
        ],
        "name": "0"
    },
    "stats": {
        "insts": 50000204.0,
        "ipc": 0.402673,
        "cycles": 124170813.0,
        "reg-taints": 0.0,
        "mem-taints": 0.0,
        "xmit-taints": 0.0,
        "loads": 14489062.0,
        "load-rate": 0.2897800576973646,
        "stalls": 11094268049,
        "access-preds": 5303285,
        "access-misps": 1350,
        "access-misp-rate": 0.00025455920245659057
    }
}