{
    "simpoint": {
        "interval": 199545,
        "weight": 0.019483,
        "waypoints": [
            1060367728919,
            1060369059445,
            1060373785266
        ],
        "name": "7"
    },
    "stats": {
        "insts": 50000205.0,
        "ipc": 1.993578,
        "cycles": 25080638.0,
        "reg-taints": 0.0,
        "mem-taints": 0.0,
        "xmit-taints": 835435.0,
        "loads": 34520368.0,
        "load-rate": 0.6904045293414297,
        "stalls": 54538536044,
        "access-preds": 16648371,
        "access-misps": 16543041,
        "access-misp-rate": 0.9936732548788106
    }
}