{
    "simpoint": {
        "interval": 32433,
        "weight": 0.18707,
        "waypoints": [
            504049481937,
            504052624647,
            504068434214
        ],
        "name": "6"
    },
    "stats": {
        "insts": 50053985.0,
        "ipc": 0.531998,
        "cycles": 94086795.0,
        "reg-taints": 0.0,
        "mem-taints": 0.0,
        "xmit-taints": 16999403.0,
        "stalls": 39062450415,
        "access-preds": 1264120,
        "access-misps": 1159119,
        "access-misp-rate": 0.9169374742904155
    }
}