{
    "simpoint": {
        "interval": 30,
        "weight": 0.00263042,
        "waypoints": [
            238680536,
            239896303,
            245963503
        ],
        "name": "0"
    },
    "stats": {
        "insts": 50000316.0,
        "ipc": 1.375448,
        "cycles": 36352028.0,
        "reg-taints": 0.0,
        "mem-taints": 0.0,
        "xmit-taints": 0.0,
        "loads": 12641641.0,
        "load-rate": 0.2528312221066763,
        "stalls": 3138820992,
        "access-preds": 15164292,
        "access-misps": 817767,
        "access-misp-rate": 0.05392714674710827
    }
}