{
    "simpoint": {
        "interval": 706,
        "weight": 0.000253552,
        "waypoints": [
            6595850468,
            6600455051,
            6623794284
        ],
        "name": "0"
    },
    "stats": {
        "insts": 50000015.0,
        "ipc": 1.266742,
        "cycles": 39471357.0,
        "reg-taints": 0.0,
        "mem-taints": 0.0,
        "xmit-taints": 0.0,
        "loads": 16736840.0,
        "load-rate": 0.3347366995789901,
        "stalls": 11541607015,
        "access-preds": 20085561,
        "access-misps": 5669001,
        "access-misp-rate": 0.28224260203635837
    }
}