{
    "weight": 0.999999552,
    "stats": {
        "insts": 55753425.19786336,
        "ipc": 1.7299371474046499,
        "cycles": 34395838.80231189,
        "stalls": 0.0
    }
}