{
    "simpoint": {
        "interval": 813,
        "weight": 0.132794,
        "waypoints": [
            6816447481,
            6818057532,
            6825600019
        ],
        "name": "0"
    },
    "stats": {
        "insts": 50000038.0,
        "ipc": 0.981157,
        "cycles": 50960274.0,
        "reg-taints": 0.0,
        "mem-taints": 0.0,
        "xmit-taints": 0.0,
        "stalls": 316079220871,
        "access-preds": 14877198,
        "access-misps": 4200695,
        "access-misp-rate": 0.28235794132739245
    }
}