{
    "simpoint": {
        "interval": 488,
        "weight": 0.13597,
        "waypoints": [
            7591993457,
            7595102746,
            7610810749
        ],
        "name": "0"
    },
    "stats": {
        "insts": 60343131.0,
        "ipc": 1.306072,
        "cycles": 46202002.0,
        "reg-taints": 0.0,
        "mem-taints": 0.0,
        "xmit-taints": 2347930.0,
        "loads": 15245344.0,
        "load-rate": 0.2526442321993534,
        "stalls": 13793567927,
        "access-preds": 3599910,
        "access-misps": 122519,
        "access-misp-rate": 0.03403390640321564
    }
}