{
    "weight": 0.9999989000000001,
    "stats": {
        "access-preds": 14982818.48984984,
        "load-rate": 0.2496198895055359,
        "ipc": 1.467285495485645,
        "stalls": 2698843236.391295,
        "access-misp-rate": 0.027484196588435032,
        "loads": 12481002.800318481,
        "reg-taints": 0.0,
        "insts": 50000033.28510111,
        "xmit-taints": 0.0,
        "cycles": 34103827.721581,
        "access-misps": 411616.3125414437,
        "mem-taints": 0.0
    }
}