{
    "simpoint": {
        "interval": 11980,
        "weight": 0.055951,
        "waypoints": [
            170259628107,
            170266642461,
            170300372194
        ],
        "name": "1"
    },
    "stats": {
        "insts": 50000045.0,
        "ipc": 0.841662,
        "cycles": 59406311.0,
        "reg-taints": 0.0,
        "mem-taints": 0.0,
        "xmit-taints": 9.0,
        "stalls": 29405065415,
        "access-preds": 16314056,
        "access-misps": 12442031,
        "access-misp-rate": 0.762657122177342
    }
}