{
    "simpoint": {
        "interval": 813,
        "weight": 0.132794,
        "waypoints": [
            6816447481,
            6818057532,
            6825600019
        ],
        "name": "0"
    },
    "stats": {
        "insts": 50000040.0,
        "ipc": 1.764883,
        "cycles": 28330507.0,
        "reg-taints": 0.0,
        "mem-taints": 0.0,
        "xmit-taints": 0.0,
        "stalls": 898273528,
        "access-preds": 14877199,
        "access-misps": 52786,
        "access-misp-rate": 0.0035481141308925154
    }
}