{
    "simpoint": {
        "interval": 22746,
        "weight": 0.00254273,
        "waypoints": [
            289013098400,
            289015758930,
            289029029641
        ],
        "name": "9"
    },
    "stats": {
        "insts": 50000045.0,
        "ipc": 1.518451,
        "cycles": 32928332.0,
        "reg-taints": 0.0,
        "mem-taints": 0.0,
        "xmit-taints": 0.0,
        "loads": 11050882.0,
        "load-rate": 0.22101744108430302,
        "stalls": 1269714448,
        "access-preds": 13259543,
        "access-misps": 143767,
        "access-misp-rate": 0.010842530545736003
    }
}