{
    "weight": 1.00000017,
    "stats": {
        "cycles": 82536290.46236424,
        "loads": 17908237.815466866,
        "access-preds": 21493040.223419283,
        "access-misps": 888191.9924948713,
        "access-misp-rate": 0.0415169002936151,
        "reg-taints": 0.0,
        "ipc": 0.6861059683389353,
        "xmit-taints": 0.0,
        "insts": 50000020.83508944,
        "stalls": 149950990955.0401,
        "load-rate": 0.3581646073215202,
        "mem-taints": 0.0
    }
}