{
    "simpoint": {
        "interval": 1499,
        "weight": 0.22881,
        "waypoints": [
            12885111241,
            12886742793,
            12895044776
        ],
        "name": "0"
    },
    "stats": {
        "insts": 50000018.0,
        "ipc": 0.670599,
        "cycles": 74560245.0,
        "reg-taints": 0.0,
        "mem-taints": 0.0,
        "xmit-taints": 0.0,
        "loads": 15186309.0,
        "load-rate": 0.30372607065861457,
        "stalls": 121914592000,
        "access-preds": 18224886,
        "access-misps": 12640229,
        "access-misp-rate": 0.6935697156075489
    }
}