{
    "simpoint": {
        "interval": 49513,
        "weight": 0.00390034,
        "waypoints": [
            682877252850,
            682878883697,
            682888353662
        ],
        "name": "1"
    },
    "stats": {
        "insts": 50000095.0,
        "ipc": 0.415783,
        "cycles": 120255332.0,
        "reg-taints": 0.0,
        "mem-taints": 0.0,
        "xmit-taints": 20468742.0,
        "loads": 13991216.0,
        "load-rate": 0.27982378833480215,
        "stalls": 1605276459487,
        "access-preds": 35,
        "access-misps": 24,
        "access-misp-rate": 0.6857142857142857
    }
}