{
    "simpoint": {
        "interval": 865179,
        "weight": 0.753912,
        "waypoints": [
            15422691687262,
            15422695689118,
            15422715698412
        ],
        "name": "5"
    },
    "stats": {
        "insts": 50000062.0,
        "ipc": 1.125943,
        "cycles": 44407282.0,
        "reg-taints": 0.0,
        "mem-taints": 0.0,
        "xmit-taints": 2466819.0,
        "stalls": 567931,
        "access-preds": 5972935,
        "access-misps": 63,
        "access-misp-rate": 1.054757836808872e-05
    }
}