{
    "simpoint": {
        "interval": 9883,
        "weight": 0.0988081,
        "waypoints": [
            223451837714,
            223454836081,
            223470641629
        ],
        "name": "1"
    },
    "stats": {
        "insts": 50000050.0,
        "ipc": 1.108466,
        "cycles": 45107415.0,
        "reg-taints": 0.0,
        "mem-taints": 0.0,
        "xmit-taints": 0.0,
        "stalls": 6761978497,
        "access-preds": 14779847,
        "access-misps": 1760504,
        "access-misp-rate": 0.11911517081333792
    }
}