{
    "simpoint": {
        "interval": 11028,
        "weight": 0.0924349,
        "waypoints": [
            163696277656,
            163700546483,
            163719020850
        ],
        "name": "4"
    },
    "stats": {
        "insts": 50000052.0,
        "ipc": 1.204463,
        "cycles": 41512310.0,
        "reg-taints": 0.0,
        "mem-taints": 0.0,
        "xmit-taints": 0.0,
        "stalls": 21002064330,
        "access-preds": 17401309,
        "access-misps": 1252212,
        "access-misp-rate": 0.07196079329434354
    }
}