{
    "weight": 0.99999985,
    "stats": {
        "insts": 50000162.84000908,
        "ipc": 0.27338294099559113,
        "cycles": 195538163.1201536,
        "reg-taints": 0.0,
        "mem-taints": 0.0,
        "xmit-taints": 0.0,
        "stalls": 124711833217.13113,
        "access-preds": 18176546.594982337,
        "access-misps": 13127463.546709383,
        "access-misp-rate": 0.7237850225043825
    }
}