{
    "simpoint": {
        "interval": 96851,
        "weight": 0.0251245,
        "waypoints": [
            2311906789131,
            2311911317248,
            2311934916998
        ],
        "name": "3"
    },
    "stats": {
        "insts": 50000245.0,
        "ipc": 0.264377,
        "cycles": 189124442.0,
        "loads": 15064465.0,
        "load-rate": 0.30128782368966395,
        "stalls": 0,
        "access-preds": 0,
        "access-misps": 0,
        "access-misp-rate": 0
    }
}