{
    "simpoint": {
        "interval": 1152,
        "weight": 0.208004,
        "waypoints": [
            13476694258,
            13479353395,
            13492293407
        ],
        "name": "1"
    },
    "stats": {
        "insts": 54178873.0,
        "ipc": 2.042529,
        "cycles": 26525393.0,
        "reg-taints": 0.0,
        "mem-taints": 0.0,
        "xmit-taints": 675630.0,
        "loads": 9121266.0,
        "load-rate": 0.1683546647417343,
        "stalls": 20044503283,
        "access-preds": 2394228,
        "access-misps": 164733,
        "access-misp-rate": 0.06880422415910264
    }
}