{
    "simpoint": {
        "interval": 43021,
        "weight": 0.0217599,
        "waypoints": [
            622302562834,
            622307277140,
            622330873622
        ],
        "name": "7"
    },
    "stats": {
        "insts": 50000076.0,
        "ipc": 0.399127,
        "cycles": 125273590.0,
        "reg-taints": 0.0,
        "mem-taints": 0.0,
        "xmit-taints": 0.0,
        "stalls": 152722215519,
        "access-preds": 23124029,
        "access-misps": 5977759,
        "access-misp-rate": 0.2585085410505237
    }
}