{
    "weight": 1.00000017,
    "stats": {
        "reg-taints": 0.0,
        "insts": 52554225.50628302,
        "loads": 17924963.668822873,
        "ipc": 0.7246863227054251,
        "load-rate": 0.3414243163964842,
        "stalls": 102836073915.02583,
        "access-preds": 15238380.673599022,
        "access-misps": 677643.6369795317,
        "access-misp-rate": 0.04689481790872737,
        "mem-taints": 0.0,
        "cycles": 82003143.60750985,
        "xmit-taints": 2590995.6289509227
    }
}