{
    "simpoint": {
        "interval": 9883,
        "weight": 0.0988081,
        "waypoints": [
            223086439930,
            223089436129,
            223105157981
        ],
        "name": "1"
    },
    "stats": {
        "insts": 50000050.0,
        "ipc": 0.636969,
        "cycles": 78496773.0,
        "pub-annot-reg-rate": NaN,
        "pub-annot-load-rate": NaN,
        "pub-annot-load-count": 0.0,
        "annot-load-count": 0.0,
        "prot-regs": 87931204.0,
        "unprot-regs": 29202839.0,
        "loads": 12196764.0,
        "load-rate": 0.24393503606496394,
        "stalls": 96577912000,
        "access-preds": 0,
        "access-misps": 0,
        "access-misp-rate": 0,
        "unprot-regs-inst": 0.5840561959438041,
        "unprot-regs-rate": 0.2493112868988907
    }
}