{
    "simpoint": {
        "interval": 9429,
        "weight": 0.225821,
        "waypoints": [
            120385726821,
            120388265858,
            120400929522
        ],
        "name": "6"
    },
    "stats": {
        "insts": 50000043.0,
        "ipc": 0.816316,
        "cycles": 61250869.0,
        "reg-taints": 0.0,
        "mem-taints": 0.0,
        "xmit-taints": 0.0,
        "loads": 17182908.0,
        "load-rate": 0.3436578644542366,
        "stalls": 48567319656,
        "access-preds": 20627460,
        "access-misps": 2485511,
        "access-misp-rate": 0.12049525244504171
    }
}