{
    "simpoint": {
        "interval": 12227,
        "weight": 0.107771,
        "waypoints": [
            190884768096,
            190888352207,
            190913393526
        ],
        "name": "5"
    },
    "stats": {
        "insts": 51927744.0,
        "ipc": 0.867136,
        "cycles": 59884213.0,
        "reg-taints": 0.0,
        "mem-taints": 0.0,
        "xmit-taints": 14478535.0,
        "loads": 13371751.0,
        "load-rate": 0.25750687339700334,
        "stalls": 11316613559,
        "access-preds": 4742262,
        "access-misps": 2721040,
        "access-misp-rate": 0.573785252691648
    }
}