{
    "simpoint": {
        "interval": 29599,
        "weight": 0.107961,
        "waypoints": [
            907844058143,
            907850111336,
            907879229894
        ],
        "name": "1"
    },
    "stats": {
        "insts": 50000150.0,
        "ipc": 2.709388,
        "cycles": 18454409.0,
        "loads": 14916675.0,
        "load-rate": 0.298332605002185,
        "stalls": 0,
        "access-preds": 0,
        "access-misps": 0,
        "access-misp-rate": 0
    }
}