{
    "simpoint": {
        "interval": 43021,
        "weight": 0.0217599,
        "waypoints": [
            622302562834,
            622307277140,
            622330873622
        ],
        "name": "7"
    },
    "stats": {
        "insts": 50000071.0,
        "ipc": 0.418528,
        "cycles": 119466468.0,
        "reg-taints": 0.0,
        "mem-taints": 0.0,
        "xmit-taints": 0.0,
        "loads": 19278936.0,
        "load-rate": 0.38557817247899506,
        "stalls": 87198289718,
        "access-preds": 23124026,
        "access-misps": 1219194,
        "access-misp-rate": 0.05272412338578066
    }
}