{
    "simpoint": {
        "interval": 4974,
        "weight": 0.0263685,
        "waypoints": [
            7237046426,
            7237187654,
            7237682934
        ],
        "name": "1"
    },
    "stats": {
        "insts": 53464604.0,
        "ipc": 1.01364,
        "cycles": 52745149.0,
        "reg-taints": 0.0,
        "mem-taints": 0.0,
        "xmit-taints": 2106358.0,
        "loads": 12909301.0,
        "load-rate": 0.24145509429004655,
        "stalls": 60091665640,
        "access-preds": 5245449,
        "access-misps": 4970136,
        "access-misp-rate": 0.9475139306473097
    }
}