{
    "simpoint": {
        "interval": 5224,
        "weight": 0.114619,
        "waypoints": [
            61252515250,
            61254544318,
            61265833066
        ],
        "name": "7"
    },
    "stats": {
        "insts": 50000100.0,
        "ipc": 1.783162,
        "cycles": 28040140.0,
        "reg-taints": 0.0,
        "mem-taints": 0.0,
        "xmit-taints": 0.0,
        "loads": 9619298.0,
        "load-rate": 0.19238557522884955,
        "stalls": 7611604938,
        "access-preds": 11484553,
        "access-misps": 833377,
        "access-misp-rate": 0.0725650358355262
    }
}