{
    "simpoint": {
        "interval": 27452,
        "weight": 0.552881,
        "waypoints": [
            383460646705,
            383463099037,
            383474848480
        ],
        "name": "3"
    },
    "stats": {
        "insts": 50000014.0,
        "ipc": 0.863822,
        "cycles": 57882312.0,
        "reg-taints": 0.0,
        "mem-taints": 0.0,
        "xmit-taints": 0.0,
        "loads": 17802891.0,
        "load-rate": 0.3560577203038383,
        "stalls": 126599344813,
        "access-preds": 21378430,
        "access-misps": 17618910,
        "access-misp-rate": 0.8241442425846986
    }
}