{
    "simpoint": {
        "interval": 29067,
        "weight": 0.179936,
        "waypoints": [
            409104208058,
            409106641879,
            409118808364
        ],
        "name": "2"
    },
    "stats": {
        "insts": 50000016.0,
        "ipc": 0.552206,
        "cycles": 90545997.0,
        "pub-annot-reg-rate": NaN,
        "pub-annot-load-rate": NaN,
        "pub-annot-load-count": 0.0,
        "annot-load-count": 0.0,
        "prot-regs": 83248275.0,
        "unprot-regs": 34650879.0,
        "stalls": 0,
        "access-preds": 0,
        "access-misps": 0,
        "access-misp-rate": 0,
        "unprot-regs-inst": 0.6930173582344453,
        "unprot-regs-rate": 0.2939026941618258
    }
}