{
    "simpoint": {
        "interval": 454408,
        "weight": 0.000704738,
        "waypoints": [
            7210576965887,
            7210580967750,
            7210600515645
        ],
        "name": "4"
    },
    "stats": {
        "insts": 52499385.0,
        "ipc": 1.601485,
        "cycles": 32781689.0,
        "reg-taints": 0.0,
        "mem-taints": 0.0,
        "xmit-taints": 9589.0,
        "stalls": 164907892481,
        "access-preds": 14854,
        "access-misps": 183,
        "access-misp-rate": 0.012319913827925138
    }
}