{
    "weight": 0.999999552,
    "stats": {
        "access-misps": 1075247.022622686,
        "insts": 55678062.35478047,
        "ipc": 1.3984408807721347,
        "access-misp-rate": 0.16220300861360587,
        "access-preds": 6430225.357604964,
        "xmit-taints": 3639291.688467056,
        "stalls": 118544353650.41344,
        "reg-taints": 0.0,
        "cycles": 43186857.1760726,
        "load-rate": 0.2858944197336918,
        "mem-taints": 0.0,
        "loads": 15907545.51988961
    }
}