{
    "weight": 1.00000015,
    "stats": {
        "access-misps": 3283596.9376263595,
        "xmit-taints": 11868331.481428478,
        "load-rate": 0.28111688357497644,
        "reg-taints": 0.0,
        "cycles": 65936124.877981015,
        "access-preds": 5550691.918786862,
        "stalls": 19835146348.771214,
        "insts": 52981083.34402965,
        "loads": 14913157.87862292,
        "access-misp-rate": 0.5938013676970736,
        "mem-taints": 0.0,
        "ipc": 0.8136489028238146
    }
}