{
    "weight": 0.99999978,
    "stats": {
        "access-misps": 197451.58029838768,
        "mem-taints": 0.0,
        "reg-taints": 0.0,
        "ipc": 0.34365563379921943,
        "access-misp-rate": 0.05370478854995335,
        "insts": 50004421.57073083,
        "xmit-taints": 18726812.14601058,
        "load-rate": 0.3431078454889041,
        "loads": 17156912.76694311,
        "access-preds": 3678555.8991677677,
        "stalls": 673417236903.5032,
        "cycles": 145864370.2059656
    }
}