{
    "simpoint": {
        "interval": 22721,
        "weight": 0.144018,
        "waypoints": [
            288696368461,
            288698887821,
            288711572167
        ],
        "name": "8"
    },
    "stats": {
        "insts": 54667197.0,
        "ipc": 0.800469,
        "cycles": 68293941.0,
        "reg-taints": 0.0,
        "mem-taints": 0.0,
        "xmit-taints": 3493006.0,
        "stalls": 102517442521,
        "access-preds": 12999404,
        "access-misps": 2076645,
        "access-misp-rate": 0.15974924696547627
    }
}