{
    "simpoint": {
        "interval": 30732,
        "weight": 0.00641799,
        "waypoints": [
            435290893537,
            435295434266,
            435318174421
        ],
        "name": "5"
    },
    "stats": {
        "insts": 50000044.0,
        "ipc": 0.114103,
        "cycles": 438202596.0,
        "reg-taints": 0.0,
        "mem-taints": 0.0,
        "xmit-taints": 0.0,
        "stalls": 1617995648914,
        "access-preds": 23843994,
        "access-misps": 11521928,
        "access-misp-rate": 0.4832213931944455
    }
}