{
    "simpoint": {
        "interval": 3585,
        "weight": 0.134108,
        "waypoints": [
            33454489991,
            33456525914,
            33466700112
        ],
        "name": "2"
    },
    "stats": {
        "insts": 56505330.0,
        "ipc": 0.96028,
        "cycles": 58842555.0,
        "reg-taints": 0.0,
        "mem-taints": 0.0,
        "xmit-taints": 4902323.0,
        "loads": 16542557.0,
        "load-rate": 0.29276100148428474,
        "stalls": 95750648792,
        "access-preds": 5115457,
        "access-misps": 1457406,
        "access-misp-rate": 0.2849024046140941
    }
}