{
    "weight": 1.00000015,
    "stats": {
        "loads": 14913157.813685229,
        "access-misps": 3272584.809064079,
        "cycles": 51006298.27718356,
        "xmit-taints": 11868331.481428478,
        "reg-taints": 0.0,
        "access-preds": 5550691.918786862,
        "stalls": 23795051906.54169,
        "insts": 52981083.27909196,
        "ipc": 1.112584887269267,
        "mem-taints": 0.0,
        "access-misp-rate": 0.5918489631581793,
        "load-rate": 0.281116882653663
    }
}