{
    "simpoint": {
        "interval": 88330,
        "weight": 0.0564765,
        "waypoints": [
            1473827797215,
            1473829575800,
            1473836076492
        ],
        "name": "6"
    },
    "stats": {
        "insts": 50000098.0,
        "ipc": 1.114059,
        "cycles": 44881023.0,
        "reg-taints": 0.0,
        "mem-taints": 0.0,
        "xmit-taints": 0.0,
        "loads": 7098708.0,
        "load-rate": 0.1419738817311918,
        "stalls": 494841728,
        "access-preds": 8620233,
        "access-misps": 345903,
        "access-misp-rate": 0.04012687360074838
    }
}