{
    "simpoint": {
        "interval": 9883,
        "weight": 0.0988081,
        "waypoints": [
            223451837714,
            223454836081,
            223470641629
        ],
        "name": "1"
    },
    "stats": {
        "insts": 50266785.0,
        "ipc": 0.898803,
        "cycles": 55926346.0,
        "reg-taints": 0.0,
        "mem-taints": 0.0,
        "xmit-taints": 1233475.0,
        "loads": 12226070.0,
        "load-rate": 0.24322363166850636,
        "stalls": 10049092504,
        "access-preds": 6493412,
        "access-misps": 754345,
        "access-misp-rate": 0.11617082051778017
    }
}