{
    "simpoint": {
        "interval": 9883,
        "weight": 0.0988081,
        "waypoints": [
            223451837714,
            223454836081,
            223470641629
        ],
        "name": "1"
    },
    "stats": {
        "insts": 50000051.0,
        "ipc": 1.16263,
        "cycles": 43005989.0,
        "reg-taints": 0.0,
        "mem-taints": 0.0,
        "xmit-taints": 0.0,
        "stalls": 1614660707,
        "access-preds": 14779847,
        "access-misps": 408169,
        "access-misp-rate": 0.027616591700847782
    }
}