{
    "simpoint": {
        "interval": 1090,
        "weight": 0.12072,
        "waypoints": [
            9241524267,
            9242987113,
            9250300694
        ],
        "name": "0"
    },
    "stats": {
        "insts": 50001148.0,
        "ipc": 1.023684,
        "cycles": 48844332.0,
        "reg-taints": 0.0,
        "mem-taints": 0.0,
        "xmit-taints": 0.0,
        "stalls": 158194273883,
        "access-preds": 28128326,
        "access-misps": 9149694,
        "access-misp-rate": 0.3252839859720056
    }
}