{
    "weight": 1.00000015,
    "stats": {
        "insts": 52981082.74599654,
        "ipc": 1.1275278787048182,
        "cycles": 50544299.65167815,
        "reg-taints": 0.0,
        "mem-taints": 0.0,
        "xmit-taints": 9517202.736285292,
        "stalls": 29999283421.53335,
        "access-preds": 5550692.127787831,
        "access-misps": 811719.3675828949,
        "access-misp-rate": 0.15765282730945257
    }
}