{
    "simpoint": {
        "interval": 32813,
        "weight": 0.0318631,
        "waypoints": [
            319545681560,
            319548380288,
            319561805792
        ],
        "name": "4"
    },
    "stats": {
        "insts": 50000033.0,
        "ipc": 0.473083,
        "cycles": 105689728.0,
        "reg-taints": 0.0,
        "mem-taints": 0.0,
        "xmit-taints": 0.0,
        "loads": 17989984.0,
        "load-rate": 0.35979944253236795,
        "stalls": 104794131000,
        "access-preds": 21601619,
        "access-misps": 5769036,
        "access-misp-rate": 0.26706498249043276
    }
}