{
    "weight": 0.99999978,
    "stats": {
        "insts": 54719004.04971427,
        "ipc": 0.795810113876475,
        "cycles": 68874687.54784797,
        "reg-taints": 0.0,
        "mem-taints": 0.0,
        "xmit-taints": 3450384.1873354614,
        "stalls": 99665961849.40028,
        "access-preds": 12957600.083293198,
        "access-misps": 1922885.8998871178,
        "access-misp-rate": 0.14824831694467938
    }
}