{
    "weight": 1.0000000999999998,
    "stats": {
        "insts": 64194070.415740065,
        "ipc": 0.8346363095645692,
        "cycles": 76927600.25999498,
        "reg-taints": 0.0,
        "mem-taints": 0.0,
        "xmit-taints": 1825533.0006816003,
        "stalls": 45253929177.3345,
        "access-preds": 5989364.382252262,
        "access-misps": 5511861.626030038,
        "access-misp-rate": 0.9202268446821967
    }
}