{
    "simpoint": {
        "interval": 1127,
        "weight": 0.00189085,
        "waypoints": [
            9507494249,
            9508513752,
            9529937572
        ],
        "name": "1"
    },
    "stats": {
        "insts": 50000114.0,
        "ipc": 0.388994,
        "cycles": 128536935.0,
        "loads": 17526455.0,
        "load-rate": 0.3505283007954742,
        "stalls": 0,
        "access-preds": 0,
        "access-misps": 0,
        "access-misp-rate": 0
    }
}