{
    "weight": 0.9999986999999999,
    "stats": {
        "load-rate": 0.24635185789084021,
        "insts": 50000302.307125,
        "access-misps": 374557.71065422386,
        "cycles": 44621848.60741379,
        "reg-taints": 0.0,
        "xmit-taints": 0.0,
        "access-preds": 14768492.469401011,
        "ipc": 1.1256621618007105,
        "access-misp-rate": 0.025067255227178512,
        "stalls": 384724119.00554806,
        "loads": 12317666.27592026,
        "mem-taints": 0.0
    }
}