{
    "simpoint": {
        "interval": 29586,
        "weight": 0.0362736,
        "waypoints": [
            414697043933,
            414702257168,
            414727434303
        ],
        "name": "4"
    },
    "stats": {
        "insts": 50000056.0,
        "ipc": 0.346716,
        "cycles": 144210378.0,
        "reg-taints": 0.0,
        "mem-taints": 0.0,
        "xmit-taints": 0.0,
        "stalls": 790042578,
        "access-preds": 23452888,
        "access-misps": 595916,
        "access-misp-rate": 0.025409066891889816
    }
}