{
    "weight": 0.9999989000000001,
    "stats": {
        "stalls": 2917925193.568503,
        "xmit-taints": 2501419.0979782073,
        "ipc": 1.572613607418268,
        "mem-taints": 0.0,
        "insts": 59904131.6421365,
        "reg-taints": 0.0,
        "access-misps": 143763.59233205157,
        "access-misp-rate": 0.03921360864933003,
        "load-rate": 0.2546917612243026,
        "cycles": 38110924.64737471,
        "access-preds": 3669426.7331985063,
        "loads": 15256051.51197436
    }
}