{
    "weight": 0.9999986999999999,
    "stats": {
        "insts": 50581603.41324564,
        "ipc": 0.8206772769739601,
        "cycles": 62059674.57337775,
        "reg-taints": 0.0,
        "mem-taints": 0.0,
        "xmit-taints": 2645798.0140492185,
        "stalls": 28745448202.288025,
        "access-preds": 2590893.3838168993,
        "access-misps": 108580.90946998233,
        "access-misp-rate": 0.037803253272353114
    }
}