{
    "simpoint": {
        "interval": 813,
        "weight": 0.132794,
        "waypoints": [
            6816447481,
            6818057532,
            6825600019
        ],
        "name": "0"
    },
    "stats": {
        "insts": 50027971.0,
        "ipc": 0.646976,
        "cycles": 77325878.0,
        "reg-taints": 0.0,
        "mem-taints": 0.0,
        "xmit-taints": 15653856.0,
        "loads": 12365462.0,
        "load-rate": 0.24717096761729554,
        "stalls": 868158899476,
        "access-preds": 477728,
        "access-misps": 2570,
        "access-misp-rate": 0.005379630249849287
    }
}