{
    "simpoint": {
        "interval": 984,
        "weight": 0.0721535,
        "waypoints": [
            11505589094,
            11508197954,
            11518382007
        ],
        "name": "0"
    },
    "stats": {
        "insts": 50000164.0,
        "ipc": 1.123223,
        "cycles": 44514912.0,
        "reg-taints": 0.0,
        "mem-taints": 0.0,
        "xmit-taints": 0.0,
        "stalls": 22644399505,
        "access-preds": 11866183,
        "access-misps": 11107360,
        "access-misp-rate": 0.9360516351382748
    }
}