{
    "simpoint": {
        "interval": 12227,
        "weight": 0.107771,
        "waypoints": [
            190884791740,
            190888375851,
            190913417170
        ],
        "name": "5"
    },
    "stats": {
        "insts": 51197450.0,
        "ipc": 1.246428,
        "cycles": 41075322.0,
        "reg-taints": 0.0,
        "mem-taints": 0.0,
        "xmit-taints": 13062123.0,
        "loads": 13067771.0,
        "load-rate": 0.25524261462240794,
        "stalls": 19300390969,
        "access-preds": 6892966,
        "access-misps": 3178898,
        "access-misp-rate": 0.4611799913128833
    }
}