{
    "weight": 1.0000000999999998,
    "stats": {
        "insts": 64194071.32567358,
        "access-misp-rate": 0.061454689335354064,
        "xmit-taints": 3093317.953340705,
        "reg-taints": 0.0,
        "access-misps": 367417.96651440347,
        "load-rate": 0.2828971321340318,
        "ipc": 0.8456311847467817,
        "mem-taints": 0.0,
        "loads": 18162355.535861652,
        "stalls": 50275702835.81288,
        "cycles": 76000664.44532767,
        "access-preds": 5989364.369183363
    }
}