{
    "weight": 0.9999989000000001,
    "stats": {
        "insts": 59904131.325381055,
        "ipc": 1.5494629096374006,
        "cycles": 38679950.15406307,
        "reg-taints": 0.0,
        "mem-taints": 0.0,
        "xmit-taints": 2312791.94547974,
        "stalls": 11652825801.255554,
        "access-preds": 3669426.7331985063,
        "access-misps": 3424122.322042154,
        "access-misp-rate": 0.9330249813104067
    }
}