{
    "simpoint": {
        "interval": 41440,
        "weight": 0.14246,
        "waypoints": [
            644894324154,
            644897490433,
            644913410359
        ],
        "name": "7"
    },
    "stats": {
        "insts": 59689233.0,
        "ipc": 1.257308,
        "cycles": 47473825.0,
        "reg-taints": 0.0,
        "mem-taints": 0.0,
        "xmit-taints": 2351632.0,
        "loads": 15041380.0,
        "load-rate": 0.25199486145181327,
        "stalls": 25896620500,
        "access-preds": 3562339,
        "access-misps": 3304952,
        "access-misp-rate": 0.9277477522492946
    }
}