{
    "simpoint": {
        "interval": 49513,
        "weight": 0.00390034,
        "waypoints": [
            682877250790,
            682878881637,
            682888351602
        ],
        "name": "1"
    },
    "stats": {
        "insts": 50000095.0,
        "ipc": 1.062247,
        "cycles": 47070103.0,
        "pub-annot-reg-rate": NaN,
        "pub-annot-load-rate": NaN,
        "pub-annot-load-count": 0.0,
        "annot-load-count": 0.0,
        "prot-regs": 78167003.0,
        "unprot-regs": 9785754.0,
        "loads": 13991216.0,
        "load-rate": 0.27982378833480215,
        "stalls": 110985738500,
        "access-preds": 0,
        "access-misps": 0,
        "access-misp-rate": 0,
        "unprot-regs-inst": 0.19571470814205452,
        "unprot-regs-rate": 0.11126148097893054
    }
}