{
    "simpoint": {
        "interval": 1660,
        "weight": 0.140207,
        "waypoints": [
            30417519220,
            30421400811,
            30440813657
        ],
        "name": "2"
    },
    "stats": {
        "insts": 50652384.0,
        "ipc": 2.138119,
        "cycles": 23690160.0,
        "reg-taints": 0.0,
        "mem-taints": 0.0,
        "xmit-taints": 259284.0,
        "loads": 10003344.0,
        "load-rate": 0.1974900924702774,
        "stalls": 10486255024,
        "access-preds": 1816741,
        "access-misps": 1575867,
        "access-misp-rate": 0.867414232408472
    }
}