{
    "simpoint": {
        "interval": 22746,
        "weight": 0.00254273,
        "waypoints": [
            289013185169,
            289015845950,
            289029117941
        ],
        "name": "9"
    },
    "stats": {
        "insts": 55370748.0,
        "ipc": 1.389867,
        "cycles": 39838883.0,
        "reg-taints": 0.0,
        "mem-taints": 0.0,
        "xmit-taints": 1715827.0,
        "stalls": 22418656866,
        "access-preds": 5668030,
        "access-misps": 465342,
        "access-misp-rate": 0.08209942431497363
    }
}