{
    "simpoint": {
        "interval": 32813,
        "weight": 0.0318631,
        "waypoints": [
            319537462116,
            319540160844,
            319553586348
        ],
        "name": "4"
    },
    "stats": {
        "insts": 50000033.0,
        "ipc": 0.474862,
        "cycles": 105293742.0,
        "reg-taints": 0.0,
        "mem-taints": 0.0,
        "xmit-taints": 0.0,
        "stalls": 99953762628,
        "access-preds": 21601619,
        "access-misps": 103419,
        "access-misp-rate": 0.004787557821476251
    }
}