{
    "simpoint": {
        "interval": 23638,
        "weight": 0.106128,
        "waypoints": [
            36605019184,
            36605340413,
            36606980302
        ],
        "name": "2"
    },
    "stats": {
        "insts": 50000235.0,
        "ipc": 0.473232,
        "cycles": 105656947.0,
        "reg-taints": 0.0,
        "mem-taints": 0.0,
        "xmit-taints": 15086859.0,
        "loads": 12027024.0,
        "load-rate": 0.2405393494650575,
        "stalls": 119184547804,
        "access-preds": 1227123,
        "access-misps": 49944,
        "access-misp-rate": 0.040700076520446604
    }
}