{
    "weight": 0.999999552,
    "stats": {
        "xmit-taints": 3639291.6887206077,
        "mem-taints": 0.0,
        "cycles": 41451154.34835224,
        "access-misps": 141580.67595972284,
        "access-preds": 6430225.357604964,
        "access-misp-rate": 0.01969081693098937,
        "load-rate": 0.2858944169597981,
        "loads": 15907545.30761407,
        "ipc": 1.4777156528973965,
        "stalls": 97949336586.95238,
        "reg-taints": 0.0,
        "insts": 55678062.14326558
    }
}