{
    "simpoint": {
        "interval": 2681,
        "weight": 0.0726879,
        "waypoints": [
            34494367413,
            34496954367,
            34509934671
        ],
        "name": "3"
    },
    "stats": {
        "insts": 54751472.0,
        "ipc": 0.704139,
        "cycles": 77756574.0,
        "reg-taints": 0.0,
        "mem-taints": 0.0,
        "xmit-taints": 3418252.0,
        "loads": 17778411.0,
        "load-rate": 0.32471110548406806,
        "stalls": 74473522806,
        "access-preds": 12970503,
        "access-misps": 11798006,
        "access-misp-rate": 0.9096028118570266
    }
}