{
    "weight": 1.00000036,
    "stats": {
        "load-rate": 0.34524858591201046,
        "cycles": 48338851.71956058,
        "insts": 50003577.75030551,
        "mem-taints": 0.0,
        "stalls": 3006677622.117284,
        "access-preds": 20865111.848226212,
        "ipc": 1.0423686509835655,
        "xmit-taints": 0.0,
        "access-misps": 579454.8093521085,
        "reg-taints": 0.0,
        "access-misp-rate": 0.02646018818621357,
        "loads": 17263625.271802843
    }
}