{
    "weight": 0.99999978,
    "stats": {
        "load-rate": 0.34313804485848903,
        "xmit-taints": 0.0,
        "access-misps": 1810195.5838324786,
        "reg-taints": 0.0,
        "mem-taints": 0.0,
        "cycles": 60660935.13662499,
        "loads": 17156913.544800878,
        "insts": 50000033.16446464,
        "access-misp-rate": 0.0878410642284507,
        "ipc": 0.8259342005033541,
        "access-preds": 20586251.24786454,
        "stalls": 45469157796.87411
    }
}