{
    "simpoint": {
        "interval": 4201,
        "weight": 0.162721,
        "waypoints": [
            49341201658,
            49343552511,
            49354808696
        ],
        "name": "4"
    },
    "stats": {
        "insts": 54718477.0,
        "ipc": 1.887665,
        "cycles": 28987392.0,
        "reg-taints": 0.0,
        "mem-taints": 0.0,
        "xmit-taints": 1191074.0,
        "stalls": 54110769818,
        "access-preds": 2480096,
        "access-misps": 162184,
        "access-misp-rate": 0.06539424280350438
    }
}