{
    "weight": 0.9999986999999999,
    "stats": {
        "access-misp-rate": 0.020283123721138167,
        "reg-taints": 0.0,
        "insts": 50000301.80903756,
        "ipc": 1.1239883748900874,
        "xmit-taints": 0.0,
        "cycles": 44692060.1447374,
        "stalls": 1125194662.779771,
        "loads": 12317666.011395114,
        "access-misps": 302996.83257128234,
        "mem-taints": 0.0,
        "load-rate": 0.2463518550485433,
        "access-preds": 14768492.158895608
    }
}