{
    "weight": 0.99999997,
    "stats": {
        "insts": 50000134.97281104,
        "ipc": 0.4989326309724889,
        "cycles": 108171708.84410487,
        "pub-annot-reg-rate": 0,
        "pub-annot-load-rate": 0,
        "pub-annot-load-count": 0.0,
        "annot-load-count": 0.0,
        "prot-regs": 68400361.12054075,
        "unprot-regs": 15363178.33132035,
        "stalls": 0.0,
        "access-preds": 0.0,
        "access-misps": 0.0,
        "access-misp-rate": 0.0,
        "unprot-regs-inst": 0.3072627931128968,
        "unprot-regs-rate": 0.18070501418126514
    }
}