{
    "simpoint": {
        "interval": 32433,
        "weight": 0.18707,
        "waypoints": [
            504049481937,
            504052624647,
            504068434214
        ],
        "name": "6"
    },
    "stats": {
        "insts": 55656258.0,
        "ipc": 1.119182,
        "cycles": 49729416.0,
        "reg-taints": 0.0,
        "mem-taints": 0.0,
        "xmit-taints": 1856112.0,
        "stalls": 1104522371,
        "access-preds": 7286917,
        "access-misps": 497887,
        "access-misp-rate": 0.06832615219852237
    }
}