{
    "simpoint": {
        "interval": 199545,
        "weight": 0.019483,
        "waypoints": [
            1060367728919,
            1060369059445,
            1060373785266
        ],
        "name": "7"
    },
    "stats": {
        "insts": 50000205.0,
        "ipc": 0.514434,
        "cycles": 97194689.0,
        "pub-annot-reg-rate": NaN,
        "pub-annot-load-rate": NaN,
        "pub-annot-load-count": 0.0,
        "annot-load-count": 0.0,
        "prot-regs": 59854585.0,
        "unprot-regs": 17320809.0,
        "loads": 34520368.0,
        "load-rate": 0.6904045293414297,
        "stalls": 4340884028000,
        "access-preds": 0,
        "access-misps": 0,
        "access-misp-rate": 0,
        "unprot-regs-inst": 0.3464147596994852,
        "unprot-regs-rate": 0.22443434496751646
    }
}