{
    "simpoint": {
        "interval": 4587,
        "weight": 0.207065,
        "waypoints": [
            53795215388,
            53797694147,
            53810119551
        ],
        "name": "5"
    },
    "stats": {
        "insts": 50000094.0,
        "ipc": 1.667287,
        "cycles": 29988902.0,
        "reg-taints": 0.0,
        "mem-taints": 0.0,
        "xmit-taints": 0.0,
        "loads": 8851776.0,
        "load-rate": 0.1770351871738481,
        "stalls": 14544871799,
        "access-preds": 10646676,
        "access-misps": 10063071,
        "access-misp-rate": 0.9451842997758173
    }
}