{
    "simpoint": {
        "interval": 706,
        "weight": 0.000253552,
        "waypoints": [
            6587638952,
            6592243535,
            6615582768
        ],
        "name": "0"
    },
    "stats": {
        "insts": 50000015.0,
        "ipc": 0.37675,
        "cycles": 132713989.0,
        "reg-taints": 0.0,
        "mem-taints": 0.0,
        "xmit-taints": 31782793.0,
        "stalls": 13552939597,
        "access-preds": 300616,
        "access-misps": 291158,
        "access-misp-rate": 0.9685379354392314
    }
}