{
    "simpoint": {
        "interval": 26923,
        "weight": 0.601173,
        "waypoints": [
            256501771573,
            256503653190,
            256513099889
        ],
        "name": "3"
    },
    "stats": {
        "insts": 50000047.0,
        "ipc": 1.927629,
        "cycles": 25938624.0,
        "reg-taints": 0.0,
        "mem-taints": 0.0,
        "xmit-taints": 0.0,
        "stalls": 11111143107,
        "access-preds": 19334662,
        "access-misps": 536463,
        "access-misp-rate": 0.02774617937463815
    }
}