{
    "weight": 1.0000004999999998,
    "stats": {
        "loads": 9575510.24541298,
        "mem-taints": 0.0,
        "cycles": 86805107.54567903,
        "access-preds": 312292.60051249986,
        "access-misps": 277857.5297201352,
        "load-rate": 0.1914569202266088,
        "ipc": 0.5915687450495276,
        "xmit-taints": 11767392.670074066,
        "insts": 50013589.52733034,
        "stalls": 805991738958.3652,
        "reg-taints": 0.0,
        "access-misp-rate": 0.888686025224103
    }
}