{
    "simpoint": {
        "interval": 14696,
        "weight": 0.241658,
        "waypoints": [
            117695835509,
            117697407701,
            117705131894
        ],
        "name": "5"
    },
    "stats": {
        "insts": 50000034.0,
        "ipc": 1.755148,
        "cycles": 28487652.0,
        "reg-taints": 0.0,
        "mem-taints": 0.0,
        "xmit-taints": 0.0,
        "loads": 12452716.0,
        "load-rate": 0.24905415064317757,
        "stalls": 1624190434,
        "access-preds": 14960719,
        "access-misps": 94709,
        "access-misp-rate": 0.006330511254171675
    }
}