{
    "simpoint": {
        "interval": 18656,
        "weight": 0.160564,
        "waypoints": [
            292245505205,
            292248594325,
            292264175237
        ],
        "name": "3"
    },
    "stats": {
        "insts": 59822877.0,
        "ipc": 1.080951,
        "cycles": 55342828.0,
        "reg-taints": 0.0,
        "mem-taints": 0.0,
        "xmit-taints": 2310131.0,
        "loads": 15359334.0,
        "load-rate": 0.2567468294779604,
        "stalls": 37202390013,
        "access-preds": 3726923,
        "access-misps": 3471259,
        "access-misp-rate": 0.931400782897849
    }
}