{
    "simpoint": {
        "interval": 813,
        "weight": 0.132794,
        "waypoints": [
            6815664798,
            6817274867,
            6824817495
        ],
        "name": "0"
    },
    "stats": {
        "insts": 54126177.0,
        "ipc": 1.846619,
        "cycles": 29310963.0,
        "loads": 13077142.0,
        "load-rate": 0.24160475992974711,
        "stalls": 0,
        "access-preds": 0,
        "access-misps": 0,
        "access-misp-rate": 0
    }
}