{
    "simpoint": {
        "interval": 3752,
        "weight": 0.0568152,
        "waypoints": [
            30283834112,
            30285417422,
            30293363516
        ],
        "name": "1"
    },
    "stats": {
        "insts": 50000037.0,
        "ipc": 0.860523,
        "cycles": 58104258.0,
        "pub-annot-reg-rate": NaN,
        "pub-annot-load-rate": NaN,
        "pub-annot-load-count": 0.0,
        "annot-load-count": 0.0,
        "prot-regs": 64005376.0,
        "unprot-regs": 32233269.0,
        "loads": 12576085.0,
        "load-rate": 0.2515215138740797,
        "stalls": 358204566000,
        "access-preds": 0,
        "access-misps": 0,
        "access-misp-rate": 0,
        "unprot-regs-inst": 0.6446649029479719,
        "unprot-regs-rate": 0.3349306196071235
    }
}