{
    "simpoint": {
        "interval": 305904,
        "weight": 0.0723263,
        "waypoints": [
            922465006031,
            922465213070,
            922467696890
        ],
        "name": "8"
    },
    "stats": {
        "insts": 50000457.0,
        "ipc": 1.106813,
        "cycles": 45175145.0,
        "reg-taints": 0.0,
        "mem-taints": 0.0,
        "xmit-taints": 1472063.0,
        "loads": 19872976.0,
        "load-rate": 0.39745588725319053,
        "stalls": 132649979733,
        "access-preds": 13450221,
        "access-misps": 44218,
        "access-misp-rate": 0.0032875296249779092
    }
}