{
    "simpoint": {
        "interval": 813,
        "weight": 0.132794,
        "waypoints": [
            6816447481,
            6818057532,
            6825600019
        ],
        "name": "0"
    },
    "stats": {
        "insts": 50000040.0,
        "ipc": 1.573223,
        "cycles": 31781923.0,
        "reg-taints": 0.0,
        "mem-taints": 0.0,
        "xmit-taints": 0.0,
        "loads": 12365461.0,
        "load-rate": 0.24730902215278228,
        "stalls": 38881963708,
        "access-preds": 14877199,
        "access-misps": 1852147,
        "access-misp-rate": 0.12449567959667676
    }
}