{
    "weight": 0.9999993,
    "stats": {
        "access-preds": 0.0,
        "access-misp-rate": 0.0,
        "access-misps": 0.0,
        "ipc": 1.3648580830002581,
        "cycles": 37794604.054877944,
        "stalls": 0.0,
        "load-rate": 0.2545752373622988,
        "insts": 50000036.59243312,
        "loads": 12728771.138209596
    }
}