{
    "weight": 0.99999997,
    "stats": {
        "insts": 52240211.676930785,
        "ipc": 1.2706903575577708,
        "cycles": 42226326.081946865,
        "reg-taints": 0.0,
        "mem-taints": 0.0,
        "xmit-taints": 265989.7630083729,
        "stalls": 275972567580.349,
        "access-preds": 5847452.102980353,
        "access-misps": 2663480.4442675733,
        "access-misp-rate": 0.40710512235766344
    }
}