{
    "weight": 0.9999993,
    "stats": {
        "insts": 50000063.17578412,
        "reg-taints": 0.0,
        "mem-taints": 0.0,
        "load-rate": 0.2251177565693206,
        "access-preds": 13546320.95947907,
        "stalls": 3772704562.6037903,
        "access-misp-rate": 0.07441266034482942,
        "ipc": 1.3728677210376048,
        "access-misps": 1077229.9200499442,
        "xmit-taints": 0.0,
        "cycles": 39475054.22779616,
        "loads": 11255900.460964723
    }
}