{
    "weight": 1.0000000999999998,
    "stats": {
        "mem-taints": 0.0,
        "insts": 50000041.13806769,
        "loads": 14303526.267733775,
        "access-misp-rate": 0.019060942211524216,
        "ipc": 1.0933857989395204,
        "access-misps": 325387.14996668504,
        "access-preds": 17148271.198226083,
        "stalls": 2362844277.8851933,
        "cycles": 45768578.13134629,
        "xmit-taints": 0.0,
        "load-rate": 0.2860702914232682,
        "reg-taints": 0.0
    }
}