{
    "weight": 0.99999978,
    "stats": {
        "load-rate": 0.32479770080741355,
        "stalls": 100817908882.12642,
        "access-misp-rate": 0.1507882219635393,
        "access-misps": 1955941.2259388098,
        "ipc": 0.7961981065236033,
        "cycles": 68840612.53993165,
        "xmit-taints": 3450384.1873354614,
        "loads": 17771993.34546182,
        "reg-taints": 0.0,
        "access-preds": 12957600.389561266,
        "mem-taints": 0.0,
        "insts": 54719003.97303751
    }
}