{
    "weight": 1.00000036,
    "stats": {
        "reg-taints": 0.0,
        "cycles": 39495691.88169225,
        "loads": 17300152.18620107,
        "access-preds": 5294406.618218777,
        "insts": 50858824.26579084,
        "mem-taints": 0.0,
        "stalls": 211996897477.79886,
        "access-misp-rate": 0.11426630285015436,
        "xmit-taints": 1336157.5092419565,
        "access-misps": 730197.1139825789,
        "load-rate": 0.3402568447069846,
        "ipc": 1.302201854749332
    }
}