{
    "weight": 0.9999989000000001,
    "stats": {
        "ipc": 1.484614980259478,
        "mem-taints": 0.0,
        "insts": 50000033.21214053,
        "cycles": 33706480.52011307,
        "stalls": 604862224.7525051,
        "access-preds": 14982818.48984984,
        "access-misp-rate": 0.010736985762751838,
        "access-misps": 160795.97227566948,
        "xmit-taints": 0.0,
        "reg-taints": 0.0,
        "loads": 12481002.800318481,
        "load-rate": 0.2496198898568978
    }
}