{
    "simpoint": {
        "interval": 813,
        "weight": 0.132794,
        "waypoints": [
            6816447481,
            6818057532,
            6825600019
        ],
        "name": "0"
    },
    "stats": {
        "insts": 50703054.0,
        "ipc": 1.757589,
        "cycles": 28848074.0,
        "reg-taints": 0.0,
        "mem-taints": 0.0,
        "xmit-taints": 1534231.0,
        "loads": 12370151.0,
        "load-rate": 0.24397250311588725,
        "stalls": 8149902256,
        "access-preds": 9749328,
        "access-misps": 8789981,
        "access-misp-rate": 0.9015986537738806
    }
}