{
    "simpoint": {
        "interval": 43679,
        "weight": 0.0669796,
        "waypoints": [
            632458534034,
            632463526372,
            632488473628
        ],
        "name": "8"
    },
    "stats": {
        "insts": 50000020.0,
        "ipc": 0.145669,
        "cycles": 343243065.0,
        "reg-taints": 0.0,
        "mem-taints": 0.0,
        "xmit-taints": 31188538.0,
        "loads": 21916786.0,
        "load-rate": 0.4383355446657821,
        "stalls": 2634654838473,
        "access-preds": 9225,
        "access-misps": 61,
        "access-misp-rate": 0.006612466124661247
    }
}