{
    "weight": 0.9999989000000001,
    "stats": {
        "reg-taints": 0.0,
        "xmit-taints": 0.0,
        "access-misps": 382711.2560715817,
        "ipc": 1.468666730958204,
        "insts": 50000033.21214053,
        "cycles": 34069938.43118447,
        "loads": 12481002.800318481,
        "access-misp-rate": 0.025549131743083056,
        "stalls": 3203178104.330904,
        "access-preds": 14982818.48984984,
        "load-rate": 0.2496198898568978,
        "mem-taints": 0.0
    }
}