{
    "simpoint": {
        "interval": 37395,
        "weight": 0.007839,
        "waypoints": [
            364129597994,
            364131774190,
            364143481225
        ],
        "name": "5"
    },
    "stats": {
        "insts": 52370077.0,
        "ipc": 1.136177,
        "cycles": 46093242.0,
        "reg-taints": 0.0,
        "mem-taints": 0.0,
        "xmit-taints": 4449296.0,
        "loads": 15993821.0,
        "load-rate": 0.3053999901508642,
        "stalls": 69322996817,
        "access-preds": 14281355,
        "access-misps": 7652004,
        "access-misp-rate": 0.5358037805236268
    }
}