{
    "simpoint": {
        "interval": 4974,
        "weight": 0.0263685,
        "waypoints": [
            7237046426,
            7237187654,
            7237682934
        ],
        "name": "1"
    },
    "stats": {
        "insts": 53464602.0,
        "ipc": 1.226371,
        "cycles": 43595787.0,
        "reg-taints": 0.0,
        "mem-taints": 0.0,
        "xmit-taints": 2106358.0,
        "stalls": 39284894247,
        "access-preds": 5245449,
        "access-misps": 76119,
        "access-misp-rate": 0.01451143648522748
    }
}