{
    "weight": 0.9999986999999999,
    "stats": {
        "insts": 50581603.360508576,
        "ipc": 0.8224646920194997,
        "cycles": 61938819.42663016,
        "reg-taints": 0.0,
        "mem-taints": 0.0,
        "xmit-taints": 2645798.0140492185,
        "stalls": 28327022674.944916,
        "access-preds": 2590893.3838168993,
        "access-misps": 9131.345249748825,
        "access-misp-rate": 0.0027779679028897574
    }
}