{
    "weight": 0.9999993,
    "stats": {
        "insts": 51721789.37431676,
        "loads": 11373950.944684962,
        "xmit-taints": 1298638.8169452716,
        "mem-taints": 0.0,
        "cycles": 77593153.36253864,
        "ipc": 0.752955274393292,
        "load-rate": 0.219481315401255,
        "access-misp-rate": 0.5864014471233855,
        "reg-taints": 0.0,
        "stalls": 61092211967.26287,
        "access-misps": 1043097.139744398,
        "access-preds": 1826059.9849800896
    }
}