{
    "weight": 0.99999944,
    "stats": {
        "load-rate": 0.3826029644075157,
        "cycles": 40384001.18000045,
        "loads": 19131302.42372134,
        "stalls": 0.0,
        "access-misp-rate": 0.0,
        "access-preds": 0.0,
        "ipc": 1.2680476155738147,
        "access-misps": 0.0,
        "insts": 50013364.14253492
    }
}