{
    "simpoint": {
        "interval": 22721,
        "weight": 0.144018,
        "waypoints": [
            288696368461,
            288698887821,
            288711572167
        ],
        "name": "8"
    },
    "stats": {
        "insts": 50000016.0,
        "ipc": 0.883793,
        "cycles": 56574324.0,
        "reg-taints": 0.0,
        "mem-taints": 0.0,
        "xmit-taints": 0.0,
        "stalls": 32507378073,
        "access-preds": 20660873,
        "access-misps": 19507454,
        "access-misp-rate": 0.9441737529677473
    }
}