{
    "simpoint": {
        "interval": 11028,
        "weight": 0.0924349,
        "waypoints": [
            163696265851,
            163700534678,
            163719009045
        ],
        "name": "4"
    },
    "stats": {
        "insts": 50000051.0,
        "ipc": 0.811344,
        "cycles": 61626230.0,
        "pub-annot-reg-rate": NaN,
        "pub-annot-load-rate": NaN,
        "pub-annot-load-count": 0.0,
        "annot-load-count": 0.0,
        "prot-regs": 61841420.0,
        "unprot-regs": 64411735.0,
        "loads": 13973775.0,
        "load-rate": 0.27947521493528077,
        "stalls": 27774156000,
        "access-preds": 0,
        "access-misps": 0,
        "access-misp-rate": 0,
        "unprot-regs-inst": 1.2882333860019464,
        "unprot-regs-rate": 0.5101792109670448
    }
}