{
    "weight": 0.9999993,
    "stats": {
        "load-rate": 0.21948131540201513,
        "reg-taints": 0.0,
        "access-preds": 1826059.9849800896,
        "access-misp-rate": 0.03284557927378232,
        "xmit-taints": 1298638.8169452716,
        "access-misps": 67616.2627164839,
        "cycles": 68415507.47938304,
        "stalls": 115046689041.53624,
        "loads": 11373950.944684962,
        "mem-taints": 0.0,
        "ipc": 0.9056487731598413,
        "insts": 51721789.31296762
    }
}