{
    "simpoint": {
        "interval": 2681,
        "weight": 0.0726879,
        "waypoints": [
            34494367413,
            34496954367,
            34509934671
        ],
        "name": "3"
    },
    "stats": {
        "insts": 54021581.0,
        "ipc": 0.858365,
        "cycles": 62935462.0,
        "reg-taints": 0.0,
        "mem-taints": 0.0,
        "xmit-taints": 3264870.0,
        "loads": 17270852.0,
        "load-rate": 0.3197028239510428,
        "stalls": 66487827341,
        "access-preds": 15518970,
        "access-misps": 1171639,
        "access-misp-rate": 0.07549721405479874
    }
}