{
    "simpoint": {
        "interval": 49513,
        "weight": 0.00390034,
        "waypoints": [
            682877252850,
            682878883697,
            682888353662
        ],
        "name": "1"
    },
    "stats": {
        "insts": 50000094.0,
        "ipc": 1.924363,
        "cycles": 25982669.0,
        "reg-taints": 0.0,
        "mem-taints": 0.0,
        "xmit-taints": 0.0,
        "stalls": 4369348372,
        "access-preds": 16694788,
        "access-misps": 506771,
        "access-misp-rate": 0.030355042543816668
    }
}