{
    "simpoint": {
        "interval": 813,
        "weight": 0.132794,
        "waypoints": [
            6816447481,
            6818057532,
            6825600019
        ],
        "name": "0"
    },
    "stats": {
        "insts": 54126180.0,
        "ipc": 1.267163,
        "cycles": 42714449.0,
        "reg-taints": 0.0,
        "mem-taints": 0.0,
        "xmit-taints": 1565113.0,
        "stalls": 460361191,
        "access-preds": 5345107,
        "access-misps": 135604,
        "access-misp-rate": 0.025369744702959173
    }
}