{
    "simpoint": {
        "interval": 865179,
        "weight": 0.753912,
        "waypoints": [
            15422691687262,
            15422695689118,
            15422715698412
        ],
        "name": "5"
    },
    "stats": {
        "insts": 50000062.0,
        "ipc": 1.418283,
        "cycles": 35253942.0,
        "reg-taints": 0.0,
        "mem-taints": 0.0,
        "xmit-taints": 2466819.0,
        "loads": 5003434.0,
        "load-rate": 0.10006855591499067,
        "stalls": 191014714396,
        "access-preds": 5972935,
        "access-misps": 226,
        "access-misp-rate": 3.7837344622032555e-05
    }
}