{
    "weight": 1.00000017,
    "stats": {
        "cycles": 76740579.61471537,
        "insts": 50000020.84578043,
        "reg-taints": 0.0,
        "access-misps": 440985.05509194057,
        "stalls": 124546032397.50117,
        "xmit-taints": 0.0,
        "ipc": 0.7561797183097276,
        "access-misp-rate": 0.021084367060673043,
        "loads": 17908237.45400693,
        "mem-taints": 0.0,
        "access-preds": 21493039.861959342,
        "load-rate": 0.35816459993875477
    }
}