{
    "simpoint": {
        "interval": 32052,
        "weight": 0.019445,
        "waypoints": [
            129462857046,
            129463771753,
            129468123689
        ],
        "name": "2"
    },
    "stats": {
        "insts": 50000115.0,
        "ipc": 1.390204,
        "cycles": 35966026.0,
        "reg-taints": 0.0,
        "mem-taints": 0.0,
        "xmit-taints": 0.0,
        "loads": 30495867.0,
        "load-rate": 0.6099159371933445,
        "stalls": 6532493387,
        "access-preds": 36825887,
        "access-misps": 294737,
        "access-misp-rate": 0.008003527518563232
    }
}