{
    "simpoint": {
        "interval": 26494,
        "weight": 0.14016,
        "waypoints": [
            411545962080,
            411548965384,
            411564070365
        ],
        "name": "5"
    },
    "stats": {
        "insts": 59231514.0,
        "ipc": 1.367015,
        "cycles": 43329076.0,
        "reg-taints": 0.0,
        "mem-taints": 0.0,
        "xmit-taints": 2432080.0,
        "loads": 15268193.0,
        "load-rate": 0.2577714457881323,
        "stalls": 17191048997,
        "access-preds": 3802027,
        "access-misps": 284105,
        "access-misp-rate": 0.07472461400195211
    }
}