{
    "simpoint": {
        "interval": 14696,
        "weight": 0.241658,
        "waypoints": [
            117695835509,
            117697407701,
            117705131894
        ],
        "name": "5"
    },
    "stats": {
        "insts": 54010672.0,
        "ipc": 1.42485,
        "cycles": 37906213.0,
        "reg-taints": 0.0,
        "mem-taints": 0.0,
        "xmit-taints": 1557317.0,
        "loads": 13116980.0,
        "load-rate": 0.2428590408947328,
        "stalls": 80494494594,
        "access-preds": 5354093,
        "access-misps": 970274,
        "access-misp-rate": 0.18122098364746372
    }
}