{
    "simpoint": {
        "interval": 488,
        "weight": 0.13597,
        "waypoints": [
            7591993457,
            7595102746,
            7610810749
        ],
        "name": "0"
    },
    "stats": {
        "insts": 55638221.0,
        "ipc": 1.090815,
        "cycles": 51006123.0,
        "reg-taints": 0.0,
        "mem-taints": 0.0,
        "xmit-taints": 1836882.0,
        "loads": 13494435.0,
        "load-rate": 0.24253893739700988,
        "stalls": 10358616311,
        "access-preds": 7283776,
        "access-misps": 6413753,
        "access-misp-rate": 0.8805533009252344
    }
}