{
    "simpoint": {
        "interval": 5224,
        "weight": 0.114619,
        "waypoints": [
            61186686997,
            61188716007,
            61200002224
        ],
        "name": "7"
    },
    "stats": {
        "insts": 52781973.0,
        "ipc": 1.829825,
        "cycles": 28845373.0,
        "stalls": 0
    }
}