{
    "simpoint": {
        "interval": 1127,
        "weight": 0.00189085,
        "waypoints": [
            9507494249,
            9508513752,
            9529937572
        ],
        "name": "1"
    },
    "stats": {
        "insts": 50000633.0,
        "ipc": 0.353147,
        "cycles": 141586055.0,
        "reg-taints": 0.0,
        "mem-taints": 0.0,
        "xmit-taints": 26729022.0,
        "loads": 17526456.0,
        "load-rate": 0.3505246823575214,
        "stalls": 154307500471,
        "access-preds": 757419,
        "access-misps": 756024,
        "access-misp-rate": 0.9981582188986545
    }
}