{
    "weight": 0.99999978,
    "stats": {
        "xmit-taints": 3450384.1873354614,
        "cycles": 59663189.3191256,
        "reg-taints": 0.0,
        "ipc": 0.9185613864512351,
        "stalls": 59276542522.85164,
        "insts": 54719004.503154434,
        "access-preds": 12957600.32068825,
        "access-misps": 749717.0567435025,
        "access-misp-rate": 0.05781243816566181,
        "load-rate": 0.3247976923110541,
        "mem-taints": 0.0,
        "loads": 17771993.053745754
    }
}