{
    "simpoint": {
        "interval": 5528,
        "weight": 0.0686679,
        "waypoints": [
            44468713015,
            44470464992,
            44479206863
        ],
        "name": "2"
    },
    "stats": {
        "insts": 50000037.0,
        "ipc": 1.1831,
        "cycles": 42261886.0,
        "reg-taints": 0.0,
        "mem-taints": 0.0,
        "xmit-taints": 0.0,
        "stalls": 8434935150,
        "access-preds": 16231260,
        "access-misps": 1419176,
        "access-misp-rate": 0.08743474012491945
    }
}