{
    "simpoint": {
        "interval": 22721,
        "weight": 0.144018,
        "waypoints": [
            288696368461,
            288698887821,
            288711572167
        ],
        "name": "8"
    },
    "stats": {
        "insts": 54667197.0,
        "ipc": 0.815285,
        "cycles": 67052842.0,
        "reg-taints": 0.0,
        "mem-taints": 0.0,
        "xmit-taints": 3493006.0,
        "stalls": 91032821175,
        "access-preds": 12999404,
        "access-misps": 995427,
        "access-misp-rate": 0.07657481835321066
    }
}