{
    "weight": 0.9999990000000001,
    "stats": {
        "load-rate": 0.3360338364361324,
        "mem-taints": 0.0,
        "loads": 16801744.73241773,
        "access-misp-rate": 0.9536401434962868,
        "reg-taints": 0.0,
        "xmit-taints": 0.0,
        "stalls": 27962324010.31471,
        "ipc": 2.538310210937211,
        "cycles": 19725861.878024876,
        "insts": 50000159.96541697,
        "access-preds": 20246441.75539376,
        "access-misps": 19293308.985041983
    }
}