{
    "simpoint": {
        "interval": 77284,
        "weight": 0.168161,
        "waypoints": [
            126611404721,
            126611774514,
            126613691663
        ],
        "name": "6"
    },
    "stats": {
        "insts": 50000091.0,
        "ipc": 1.106229,
        "cycles": 45198661.0,
        "reg-taints": 0.0,
        "mem-taints": 0.0,
        "xmit-taints": 0.0,
        "stalls": 3883806,
        "access-preds": 15521934,
        "access-misps": 1183,
        "access-misp-rate": 7.621472942740254e-05
    }
}