{
    "simpoint": {
        "interval": 3585,
        "weight": 0.134108,
        "waypoints": [
            33462709363,
            33464745286,
            33474919484
        ],
        "name": "2"
    },
    "stats": {
        "insts": 50000033.0,
        "ipc": 0.947355,
        "cycles": 52778537.0,
        "loads": 16533098.0,
        "load-rate": 0.3306617417632504,
        "stalls": 0,
        "access-preds": 0,
        "access-misps": 0,
        "access-misp-rate": 0
    }
}