{
    "simpoint": {
        "interval": 4201,
        "weight": 0.162721,
        "waypoints": [
            49341202044,
            49343552897,
            49354809082
        ],
        "name": "4"
    },
    "stats": {
        "insts": 54718477.0,
        "ipc": 1.882985,
        "cycles": 29059440.0,
        "reg-taints": 0.0,
        "mem-taints": 0.0,
        "xmit-taints": 1191102.0,
        "loads": 10827243.0,
        "load-rate": 0.1978717901815871,
        "stalls": 54961467294,
        "access-preds": 2480096,
        "access-misps": 336301,
        "access-misp-rate": 0.1355999929035005
    }
}