{
    "simpoint": {
        "interval": 363772,
        "weight": 0.323049,
        "waypoints": [
            623733273765,
            623733494322,
            623734589273
        ],
        "name": "2"
    },
    "stats": {
        "insts": 50742625.0,
        "ipc": 1.149918,
        "cycles": 44127178.0,
        "reg-taints": 0.0,
        "mem-taints": 0.0,
        "xmit-taints": 1018261.0,
        "loads": 20092568.0,
        "load-rate": 0.3959702124200315,
        "stalls": 237805840119,
        "access-preds": 6627897,
        "access-misps": 6141108,
        "access-misp-rate": 0.9265545315505054
    }
}