{
    "weight": 1.00000015,
    "stats": {
        "loads": 14304409.713644395,
        "stalls": 16611261440.293428,
        "cycles": 44600620.92657641,
        "ipc": 1.1857138578464714,
        "access-misp-rate": 0.05661596204767641,
        "xmit-taints": 0.0,
        "insts": 50000050.02843105,
        "access-misps": 955942.8686371198,
        "access-preds": 17204941.10152444,
        "load-rate": 0.28608788948572345,
        "mem-taints": 0.0,
        "reg-taints": 0.0
    }
}