{
    "simpoint": {
        "interval": 37395,
        "weight": 0.007839,
        "waypoints": [
            364129597994,
            364131774190,
            364143481225
        ],
        "name": "5"
    },
    "stats": {
        "insts": 50000034.0,
        "ipc": 1.123474,
        "cycles": 44504835.0,
        "reg-taints": 0.0,
        "mem-taints": 0.0,
        "xmit-taints": 0.0,
        "loads": 15992108.0,
        "load-rate": 0.3198419425074791,
        "stalls": 79098672168,
        "access-preds": 19209738,
        "access-misps": 6765331,
        "access-misp-rate": 0.3521823670890254
    }
}