{
    "simpoint": {
        "interval": 2681,
        "weight": 0.0726879,
        "waypoints": [
            34494367413,
            34496954367,
            34509934671
        ],
        "name": "3"
    },
    "stats": {
        "insts": 54751471.0,
        "ipc": 0.771254,
        "cycles": 70990200.0,
        "reg-taints": 0.0,
        "mem-taints": 0.0,
        "xmit-taints": 3418252.0,
        "stalls": 12772704133,
        "access-preds": 12970503,
        "access-misps": 3673574,
        "access-misp-rate": 0.28322525348477234
    }
}