{
    "simpoint": {
        "interval": 31800,
        "weight": 0.243177,
        "waypoints": [
            744597648512,
            744602414654,
            744626229552
        ],
        "name": "6"
    },
    "stats": {
        "insts": 54866560.0,
        "ipc": 1.00262,
        "cycles": 54723181.0,
        "reg-taints": 0.0,
        "mem-taints": 0.0,
        "xmit-taints": 1764800.0,
        "loads": 14423665.0,
        "load-rate": 0.26288626442044116,
        "stalls": 16415809081,
        "access-preds": 10193725,
        "access-misps": 9741883,
        "access-misp-rate": 0.9556744958295422
    }
}