{
    "weight": 1.00000015,
    "stats": {
        "access-misps": 426411.89008491655,
        "access-misp-rate": 0.051623922138269836,
        "mem-taints": 0.0,
        "stalls": 22695349679.583237,
        "xmit-taints": 9484363.965748105,
        "loads": 14471194.537318869,
        "access-preds": 8319264.428919585,
        "ipc": 1.1448895638103156,
        "load-rate": 0.2784197671460879,
        "insts": 51931537.453955285,
        "reg-taints": 0.0,
        "cycles": 48237485.45007834
    }
}