{
    "simpoint": {
        "interval": 4201,
        "weight": 0.162721,
        "waypoints": [
            49341201658,
            49343552511,
            49354808696
        ],
        "name": "4"
    },
    "stats": {
        "insts": 54718477.0,
        "ipc": 1.208819,
        "cycles": 45266063.0,
        "reg-taints": 0.0,
        "mem-taints": 0.0,
        "xmit-taints": 1191074.0,
        "loads": 10827243.0,
        "load-rate": 0.1978717901815871,
        "stalls": 24296416818,
        "access-preds": 2480096,
        "access-misps": 178447,
        "access-misp-rate": 0.07195165025869966
    }
}