{
    "weight": 0.9999998099999998,
    "stats": {
        "load-rate": 0.32744542776760976,
        "insts": 50000483.744812906,
        "access-misp-rate": 0.014056721409358033,
        "access-preds": 2924144.087282227,
        "loads": 16372410.844080783,
        "xmit-taints": 10551722.054974353,
        "stalls": 216692987029.394,
        "reg-taints": 0.0,
        "ipc": 0.7754753005604571,
        "mem-taints": 0.0,
        "cycles": 67730633.14799303,
        "access-misps": 69919.82486562674
    }
}