{
    "simpoint": {
        "interval": 66874,
        "weight": 0.00421115,
        "waypoints": [
            144410234830,
            144411890979,
            144419878807
        ],
        "name": "3"
    },
    "stats": {
        "insts": 50000056.0,
        "ipc": 1.064326,
        "cycles": 46978130.0,
        "reg-taints": 0.0,
        "mem-taints": 0.0,
        "xmit-taints": 0.0,
        "loads": 5487841.0,
        "load-rate": 0.10975669707249928,
        "stalls": 15195752778,
        "access-preds": 6433670,
        "access-misps": 6123277,
        "access-misp-rate": 0.951754908162837
    }
}