{
    "simpoint": {
        "interval": 31800,
        "weight": 0.243177,
        "waypoints": [
            744597648512,
            744602414654,
            744626229552
        ],
        "name": "6"
    },
    "stats": {
        "insts": 54866558.0,
        "ipc": 1.026103,
        "cycles": 53470822.0,
        "reg-taints": 0.0,
        "mem-taints": 0.0,
        "xmit-taints": 2354521.0,
        "loads": 14423665.0,
        "load-rate": 0.26288627400319153,
        "stalls": 9052171690,
        "access-preds": 10193725,
        "access-misps": 401175,
        "access-misp-rate": 0.039355093452099206
    }
}