{
    "simpoint": {
        "interval": 908,
        "weight": 0.0694995,
        "waypoints": [
            14066695134,
            14069716101,
            14084752322
        ],
        "name": "1"
    },
    "stats": {
        "insts": 55262494.0,
        "ipc": 1.229941,
        "cycles": 44931024.0,
        "reg-taints": 0.0,
        "mem-taints": 0.0,
        "xmit-taints": 1880757.0,
        "loads": 13706973.0,
        "load-rate": 0.2480339197141555,
        "stalls": 22083260399,
        "access-preds": 7471942,
        "access-misps": 6516919,
        "access-misp-rate": 0.8721854371995929
    }
}