{
    "simpoint": {
        "interval": 2146,
        "weight": 0.120682,
        "waypoints": [
            19264912150,
            19266184271,
            19272552566
        ],
        "name": "4"
    },
    "stats": {
        "insts": 50000167.0,
        "ipc": 1.17507,
        "cycles": 42550795.0,
        "loads": 17439266.0,
        "load-rate": 0.3487841550609221,
        "stalls": 0,
        "access-preds": 0,
        "access-misps": 0,
        "access-misp-rate": 0
    }
}