{
    "simpoint": {
        "interval": 32433,
        "weight": 0.18707,
        "waypoints": [
            504049481937,
            504052624647,
            504068434214
        ],
        "name": "6"
    },
    "stats": {
        "insts": 50000029.0,
        "ipc": 1.074036,
        "cycles": 46553380.0,
        "reg-taints": 0.0,
        "mem-taints": 0.0,
        "xmit-taints": 0.0,
        "stalls": 406347521,
        "access-preds": 14876157,
        "access-misps": 182883,
        "access-misp-rate": 0.012293699239662502
    }
}