{
    "simpoint": {
        "interval": 32052,
        "weight": 0.019445,
        "waypoints": [
            129468818660,
            129469733367,
            129474085303
        ],
        "name": "2"
    },
    "stats": {
        "insts": 50434971.0,
        "ipc": 2.120813,
        "cycles": 23780964.0,
        "reg-taints": 0.0,
        "mem-taints": 0.0,
        "xmit-taints": 398341.0,
        "loads": 30499892.0,
        "load-rate": 0.6047369790298878,
        "stalls": 47779847107,
        "access-preds": 14220615,
        "access-misps": 14119348,
        "access-misp-rate": 0.992878859317969
    }
}