{
    "simpoint": {
        "interval": 2159,
        "weight": 0.445803,
        "waypoints": [
            19330789608,
            19332584004,
            19341555167
        ],
        "name": "5"
    },
    "stats": {
        "insts": 50000239.0,
        "ipc": 0.924707,
        "cycles": 54071434.0,
        "pub-annot-reg-rate": NaN,
        "pub-annot-load-rate": NaN,
        "pub-annot-load-count": 0.0,
        "annot-load-count": 0.0,
        "prot-regs": 56778202.0,
        "unprot-regs": 14310148.0,
        "loads": 21380447.0,
        "load-rate": 0.42760689603903695,
        "stalls": 753345488000,
        "access-preds": 0,
        "access-misps": 0,
        "access-misp-rate": 0,
        "unprot-regs-inst": 0.28620159195639044,
        "unprot-regs-rate": 0.2013008882608754
    }
}