{
    "simpoint": {
        "interval": 39859,
        "weight": 0.212529,
        "waypoints": [
            391505260338,
            391507611345,
            391518596023
        ],
        "name": "6"
    },
    "stats": {
        "insts": 56763498.0,
        "ipc": 1.100754,
        "cycles": 51567832.0,
        "reg-taints": 0.0,
        "mem-taints": 0.0,
        "xmit-taints": 1620394.0,
        "loads": 14720159.0,
        "load-rate": 0.2593243813127937,
        "stalls": 50564388264,
        "access-preds": 8064441,
        "access-misps": 1623248,
        "access-misp-rate": 0.2012846271675867
    }
}