{
    "weight": 1.0000000999999998,
    "stats": {
        "mem-taints": 0.0,
        "insts": 50039019.44886678,
        "access-preds": 1978548.634370537,
        "access-misp-rate": 0.9933921069820149,
        "cycles": 119439275.68233067,
        "access-misps": 1965444.50496725,
        "xmit-taints": 17906989.483269457,
        "stalls": 278931747927.16064,
        "ipc": 0.4191981277274873,
        "reg-taints": 0.0,
        "loads": 14304057.814851023,
        "load-rate": 0.28585999264430173
    }
}