{
    "simpoint": {
        "interval": 4587,
        "weight": 0.207065,
        "waypoints": [
            53795215388,
            53797694147,
            53810119551
        ],
        "name": "5"
    },
    "stats": {
        "insts": 53778533.0,
        "ipc": 1.423795,
        "cycles": 37771274.0,
        "reg-taints": 0.0,
        "mem-taints": 0.0,
        "xmit-taints": 927639.0,
        "stalls": 65756959647,
        "access-preds": 1879056,
        "access-misps": 147315,
        "access-misp-rate": 0.07839840856259739
    }
}