{
    "simpoint": {
        "interval": 10502,
        "weight": 0.0649377,
        "waypoints": [
            151694479111,
            151698258727,
            151719374333
        ],
        "name": "3"
    },
    "stats": {
        "insts": 52969832.0,
        "ipc": 0.923674,
        "cycles": 57346899.0,
        "reg-taints": 0.0,
        "mem-taints": 0.0,
        "xmit-taints": 12240253.0,
        "loads": 13162074.0,
        "load-rate": 0.2484824569577642,
        "stalls": 10257057775,
        "access-preds": 4768825,
        "access-misps": 3119268,
        "access-misp-rate": 0.6540957154015926
    }
}