{
    "simpoint": {
        "interval": 29586,
        "weight": 0.0362736,
        "waypoints": [
            414697043933,
            414702257168,
            414727434303
        ],
        "name": "4"
    },
    "stats": {
        "insts": 50000058.0,
        "ipc": 0.310122,
        "cycles": 161226851.0,
        "reg-taints": 0.0,
        "mem-taints": 0.0,
        "xmit-taints": 0.0,
        "stalls": 2112966671890,
        "access-preds": 23452888,
        "access-misps": 1423671,
        "access-misp-rate": 0.06070344087261236
    }
}