{
    "simpoint": {
        "interval": 43021,
        "weight": 0.0217599,
        "waypoints": [
            622302562834,
            622307277140,
            622330873622
        ],
        "name": "7"
    },
    "stats": {
        "insts": 50000071.0,
        "ipc": 0.214623,
        "cycles": 232967043.0,
        "reg-taints": 0.0,
        "mem-taints": 0.0,
        "xmit-taints": 25035495.0,
        "loads": 19278936.0,
        "load-rate": 0.38557817247899506,
        "stalls": 1241579610793,
        "access-preds": 7298,
        "access-misps": 2661,
        "access-misp-rate": 0.3646204439572486
    }
}