{
    "simpoint": {
        "interval": 1136,
        "weight": 0.00144009,
        "waypoints": [
            9667903877,
            9671237251,
            9687904103
        ],
        "name": "2"
    },
    "stats": {
        "insts": 50000031.0,
        "ipc": 0.343243,
        "cycles": 145669435.0,
        "pub-annot-reg-rate": NaN,
        "pub-annot-load-rate": NaN,
        "pub-annot-load-count": 0.0,
        "annot-load-count": 0.0,
        "prot-regs": 66667789.0,
        "unprot-regs": 33334768.0,
        "loads": 22221376.0,
        "load-rate": 0.44442724445510845,
        "stalls": 11756500,
        "access-preds": 0,
        "access-misps": 0,
        "access-misp-rate": 0,
        "unprot-regs-inst": 0.6666949466491331,
        "unprot-regs-rate": 0.33333915651776785
    }
}