{
    "simpoint": {
        "interval": 22721,
        "weight": 0.144018,
        "waypoints": [
            288696368461,
            288698887821,
            288711572167
        ],
        "name": "8"
    },
    "stats": {
        "insts": 50000016.0,
        "ipc": 0.33968,
        "cycles": 147197514.0,
        "pub-annot-reg-rate": NaN,
        "pub-annot-load-rate": NaN,
        "pub-annot-load-count": 0.0,
        "annot-load-count": 0.0,
        "prot-regs": 60013932.0,
        "unprot-regs": 43764861.0,
        "stalls": 0,
        "unprot-regs-inst": 0.8752969399049793,
        "unprot-regs-rate": 0.4217129505447226
    }
}