{
    "simpoint": {
        "interval": 39859,
        "weight": 0.212529,
        "waypoints": [
            391499302195,
            391501655814,
            391512639171
        ],
        "name": "6"
    },
    "stats": {
        "insts": 50000025.0,
        "ipc": 1.292278,
        "cycles": 38691385.0,
        "reg-taints": 0.0,
        "mem-taints": 0.0,
        "xmit-taints": 0.0,
        "stalls": 9022608134,
        "access-preds": 16227384,
        "access-misps": 1081692,
        "access-misp-rate": 0.06665843366990021
    }
}