{
    "simpoint": {
        "interval": 3585,
        "weight": 0.134108,
        "waypoints": [
            33454489991,
            33456525914,
            33466700112
        ],
        "name": "2"
    },
    "stats": {
        "insts": 50000033.0,
        "ipc": 0.782406,
        "cycles": 63905452.0,
        "reg-taints": 0.0,
        "mem-taints": 0.0,
        "xmit-taints": 0.0,
        "stalls": 135431445560,
        "access-preds": 19847715,
        "access-misps": 9013856,
        "access-misp-rate": 0.454150817864928
    }
}