{
    "simpoint": {
        "interval": 96851,
        "weight": 0.0251245,
        "waypoints": [
            2311906789131,
            2311911317248,
            2311934916998
        ],
        "name": "3"
    },
    "stats": {
        "insts": 50000240.0,
        "ipc": 0.264647,
        "cycles": 188931862.0,
        "reg-taints": 0.0,
        "mem-taints": 0.0,
        "xmit-taints": 0.0,
        "loads": 15064462.0,
        "load-rate": 0.30128779381858967,
        "stalls": 101109037626,
        "access-preds": 17996398,
        "access-misps": 13942887,
        "access-misp-rate": 0.7747598713920419
    }
}