{
    "simpoint": {
        "interval": 2146,
        "weight": 0.120682,
        "waypoints": [
            19264912175,
            19266184296,
            19272552591
        ],
        "name": "4"
    },
    "stats": {
        "insts": 50000166.0,
        "ipc": 0.931729,
        "cycles": 53663830.0,
        "reg-taints": 0.0,
        "mem-taints": 0.0,
        "xmit-taints": 0.0,
        "loads": 17439265.0,
        "load-rate": 0.3487841420366484,
        "stalls": 353395407819,
        "access-preds": 20927741,
        "access-misps": 13302878,
        "access-misp-rate": 0.635657618278055
    }
}