{
    "simpoint": {
        "interval": 3585,
        "weight": 0.134108,
        "waypoints": [
            33454489991,
            33456525914,
            33466700112
        ],
        "name": "2"
    },
    "stats": {
        "insts": 50000033.0,
        "ipc": 0.879655,
        "cycles": 56840477.0,
        "reg-taints": 0.0,
        "mem-taints": 0.0,
        "xmit-taints": 0.0,
        "stalls": 73518296219,
        "access-preds": 19847716,
        "access-misps": 10898093,
        "access-misp-rate": 0.5490854967896558
    }
}