{
    "simpoint": {
        "interval": 11244,
        "weight": 0.0981097,
        "waypoints": [
            255279592077,
            255284103721,
            255306639867
        ],
        "name": "2"
    },
    "stats": {
        "insts": 50000069.0,
        "ipc": 0.789473,
        "cycles": 63333503.0,
        "reg-taints": 0.0,
        "mem-taints": 0.0,
        "xmit-taints": 0.0,
        "stalls": 43269067975,
        "access-preds": 16282103,
        "access-misps": 975525,
        "access-misp-rate": 0.059913943548938364
    }
}