{
    "simpoint": {
        "interval": 52123,
        "weight": 0.310505,
        "waypoints": [
            82623633671,
            82623983873,
            82625784597
        ],
        "name": "4"
    },
    "stats": {
        "insts": 50000086.0,
        "ipc": 1.084019,
        "cycles": 46124712.0,
        "reg-taints": 0.0,
        "mem-taints": 0.0,
        "xmit-taints": 0.0,
        "stalls": 117303265,
        "access-preds": 14963877,
        "access-misps": 322735,
        "access-misp-rate": 0.021567605774893767
    }
}