{
    "simpoint": {
        "interval": 1702,
        "weight": 0.11988,
        "waypoints": [
            19943467240,
            19945786097,
            19954634375
        ],
        "name": "2"
    },
    "stats": {
        "insts": 50989933.0,
        "ipc": 1.758099,
        "cycles": 29002880.0,
        "reg-taints": 0.0,
        "mem-taints": 0.0,
        "xmit-taints": 364377.0,
        "loads": 11252716.0,
        "load-rate": 0.22068505169441976,
        "stalls": 18774053246,
        "access-preds": 2189797,
        "access-misps": 148201,
        "access-misp-rate": 0.06767796284313111
    }
}