{
    "simpoint": {
        "interval": 1726,
        "weight": 0.0593762,
        "waypoints": [
            20222950045,
            20223932455,
            20237556001
        ],
        "name": "3"
    },
    "stats": {
        "insts": 53284291.0,
        "ipc": 1.449045,
        "cycles": 36772007.0,
        "reg-taints": 0.0,
        "mem-taints": 0.0,
        "xmit-taints": 838164.0,
        "stalls": 127581949348,
        "access-preds": 1389593,
        "access-misps": 60355,
        "access-misp-rate": 0.043433580911820945
    }
}