{
    "simpoint": {
        "interval": 32052,
        "weight": 0.019445,
        "waypoints": [
            129462857046,
            129463771753,
            129468123689
        ],
        "name": "2"
    },
    "stats": {
        "insts": 50000116.0,
        "ipc": 2.299031,
        "cycles": 21748343.0,
        "reg-taints": 0.0,
        "mem-taints": 0.0,
        "xmit-taints": 0.0,
        "loads": 30495868.0,
        "load-rate": 0.6099159449950076,
        "stalls": 12470660563,
        "access-preds": 36825888,
        "access-misps": 348099,
        "access-misp-rate": 0.009452562284445116
    }
}