{
    "simpoint": {
        "interval": 32,
        "weight": 0.0996584,
        "waypoints": [
            689975628,
            695855026,
            725251708
        ],
        "name": "0"
    },
    "stats": {
        "insts": 50000157.0,
        "ipc": 1.844794,
        "cycles": 27103379.0,
        "pub-annot-reg-rate": NaN,
        "pub-annot-load-rate": NaN,
        "pub-annot-load-count": 0.0,
        "annot-load-count": 0.0,
        "prot-regs": 134264476.0,
        "unprot-regs": 5708913.0,
        "loads": 4419058.0,
        "load-rate": 0.088380882484029,
        "stalls": 5088568000,
        "access-preds": 0,
        "access-misps": 0,
        "access-misp-rate": 0,
        "unprot-regs-inst": 0.11417790148138934,
        "unprot-regs-rate": 0.040785702488063645
    }
}