{
    "simpoint": {
        "interval": 1152,
        "weight": 0.208004,
        "waypoints": [
            13476694258,
            13479353395,
            13492293407
        ],
        "name": "1"
    },
    "stats": {
        "insts": 52634408.0,
        "ipc": 2.096055,
        "cycles": 25111173.0,
        "reg-taints": 0.0,
        "mem-taints": 0.0,
        "xmit-taints": 650532.0,
        "stalls": 1670067956,
        "access-preds": 3567031,
        "access-misps": 3180079,
        "access-misp-rate": 0.8915198662417008
    }
}