{
    "simpoint": {
        "interval": 39859,
        "weight": 0.212529,
        "waypoints": [
            391499302195,
            391501655814,
            391512639171
        ],
        "name": "6"
    },
    "stats": {
        "insts": 56763496.0,
        "ipc": 0.679977,
        "cycles": 83478516.0,
        "reg-taints": 0.0,
        "mem-taints": 0.0,
        "xmit-taints": 1473585.0,
        "stalls": 222187600356,
        "access-preds": 8064441,
        "access-misps": 2292382,
        "access-misp-rate": 0.2842580161476784
    }
}