{
    "simpoint": {
        "interval": 5224,
        "weight": 0.114619,
        "waypoints": [
            61252515250,
            61254544318,
            61265833066
        ],
        "name": "7"
    },
    "stats": {
        "insts": 50000102.0,
        "ipc": 1.802902,
        "cycles": 27733121.0,
        "reg-taints": 0.0,
        "mem-taints": 0.0,
        "xmit-taints": 0.0,
        "loads": 9619299.0,
        "load-rate": 0.19238558753340143,
        "stalls": 4761865810,
        "access-preds": 11484554,
        "access-misps": 519885,
        "access-misp-rate": 0.04526819239127614
    }
}