{
    "simpoint": {
        "interval": 668,
        "weight": 0.0957473,
        "waypoints": [
            15211472340,
            15216035563,
            15238938714
        ],
        "name": "0"
    },
    "stats": {
        "insts": 63801708.0,
        "ipc": 0.898672,
        "cycles": 70995553.0,
        "reg-taints": 0.0,
        "mem-taints": 0.0,
        "xmit-taints": 1856976.0,
        "stalls": 45152604237,
        "access-preds": 5702946,
        "access-misps": 367873,
        "access-misp-rate": 0.06450578350207069
    }
}