{
    "weight": 0.99999978,
    "stats": {
        "insts": 54719004.984260984,
        "ipc": 0.7552193882300153,
        "cycles": 72540903.64359754,
        "reg-taints": 0.0,
        "mem-taints": 0.0,
        "xmit-taints": 5475420.107210584,
        "stalls": 107994375405.34254,
        "access-preds": 12957600.468386283,
        "access-misps": 11776798.909677392,
        "access-misp-rate": 0.9089614481914642
    }
}