{
    "weight": 0.9999993,
    "stats": {
        "access-misps": 4639398.319835225,
        "loads": 11285083.463226821,
        "cycles": 52638235.97069217,
        "mem-taints": 0.0,
        "insts": 50283839.42492269,
        "xmit-taints": 960529.7681711377,
        "load-rate": 0.2243119959959116,
        "reg-taints": 0.0,
        "ipc": 1.0073738609529026,
        "stalls": 18687138913.482975,
        "access-misp-rate": 0.8005934762286812,
        "access-preds": 5918531.962682774
    }
}