{
    "simpoint": {
        "interval": 1702,
        "weight": 0.11988,
        "waypoints": [
            19943467626,
            19945786483,
            19954634761
        ],
        "name": "2"
    },
    "stats": {
        "insts": 50000126.0,
        "ipc": 1.843036,
        "cycles": 27129214.0,
        "reg-taints": 0.0,
        "mem-taints": 0.0,
        "xmit-taints": 0.0,
        "loads": 11038657.0,
        "load-rate": 0.2207725836530892,
        "stalls": 6826354618,
        "access-preds": 12976967,
        "access-misps": 307108,
        "access-misp-rate": 0.023665622329162122
    }
}