{
    "simpoint": {
        "interval": 27452,
        "weight": 0.552881,
        "waypoints": [
            383460646705,
            383463099037,
            383474848480
        ],
        "name": "3"
    },
    "stats": {
        "insts": 67873430.0,
        "ipc": 0.941274,
        "cycles": 72108080.0,
        "reg-taints": 0.0,
        "mem-taints": 0.0,
        "xmit-taints": 2674348.0,
        "stalls": 3665214178,
        "access-preds": 7337986,
        "access-misps": 689473,
        "access-misp-rate": 0.09395943246552937
    }
}