{
    "simpoint": {
        "interval": 2591,
        "weight": 0.116781,
        "waypoints": [
            3821921406,
            3822241872,
            3823665789
        ],
        "name": "0"
    },
    "stats": {
        "insts": 50000107.0,
        "ipc": 1.166801,
        "cycles": 42852309.0,
        "reg-taints": 0.0,
        "mem-taints": 0.0,
        "xmit-taints": 0.0,
        "loads": 11988703.0,
        "load-rate": 0.23977354688460967,
        "stalls": 109989121,
        "access-preds": 14360028,
        "access-misps": 61038,
        "access-misp-rate": 0.004250548815085876
    }
}