{
    "simpoint": {
        "interval": 26923,
        "weight": 0.601173,
        "waypoints": [
            256501771573,
            256503653190,
            256513099889
        ],
        "name": "3"
    },
    "stats": {
        "insts": 50000049.0,
        "ipc": 1.014032,
        "cycles": 49308139.0,
        "reg-taints": 0.0,
        "mem-taints": 0.0,
        "xmit-taints": 0.0,
        "stalls": 183300245466,
        "access-preds": 19334661,
        "access-misps": 11363488,
        "access-misp-rate": 0.5877262601087239
    }
}