{
    "simpoint": {
        "interval": 2591,
        "weight": 0.116781,
        "waypoints": [
            3821921351,
            3822241817,
            3823665734
        ],
        "name": "0"
    },
    "stats": {
        "insts": 50075876.0,
        "ipc": 0.92595,
        "cycles": 54080512.0,
        "reg-taints": 0.0,
        "mem-taints": 0.0,
        "xmit-taints": 2321425.0,
        "loads": 11999404.0,
        "load-rate": 0.23962444511205355,
        "stalls": 18482906325,
        "access-preds": 6683012,
        "access-misps": 359939,
        "access-misp-rate": 0.053858798996620084
    }
}