{
    "weight": 0.999999552,
    "stats": {
        "insts": 50000041.83360763,
        "ipc": 1.5392724342940864,
        "cycles": 36988603.630536325,
        "reg-taints": 0.0,
        "mem-taints": 0.0,
        "xmit-taints": 0.0,
        "stalls": 27490297834.674366,
        "access-preds": 18763089.3451003,
        "access-misps": 1052831.7735742587,
        "access-misp-rate": 0.05785186689266028
    }
}