{
    "simpoint": {
        "interval": 29806,
        "weight": 0.283652,
        "waypoints": [
            543529764312,
            543533131560,
            543549661026
        ],
        "name": "2"
    },
    "stats": {
        "insts": 50000251.0,
        "ipc": 0.462514,
        "cycles": 108105404.0,
        "reg-taints": 0.0,
        "mem-taints": 0.0,
        "xmit-taints": 16667466.0,
        "loads": 12031800.0,
        "load-rate": 0.2406347920133441,
        "stalls": 242850449686,
        "access-preds": 83356,
        "access-misps": 80690,
        "access-misp-rate": 0.9680166994577475
    }
}