{
    "simpoint": {
        "interval": 117441,
        "weight": 0.185467,
        "waypoints": [
            1619533376312,
            1619536847234,
            1619554114152
        ],
        "name": "2"
    },
    "stats": {
        "insts": 50008769.0,
        "ipc": 1.783173,
        "cycles": 28044816.0,
        "reg-taints": 0.0,
        "mem-taints": 0.0,
        "xmit-taints": 2721088.0,
        "loads": 18029877.0,
        "load-rate": 0.36053430949280113,
        "stalls": 3649963940,
        "access-preds": 12020715,
        "access-misps": 40398,
        "access-misp-rate": 0.0033606985940520177
    }
}