{
    "simpoint": {
        "interval": 675,
        "weight": 0.078825,
        "waypoints": [
            8395755208,
            8398351879,
            8411369247
        ],
        "name": "2"
    },
    "stats": {
        "insts": 54783753.0,
        "ipc": 0.856499,
        "cycles": 63962418.0,
        "reg-taints": 0.0,
        "mem-taints": 0.0,
        "xmit-taints": 3424479.0,
        "stalls": 76060398788,
        "access-preds": 12949515,
        "access-misps": 513493,
        "access-misp-rate": 0.039653454202724966
    }
}