{
    "weight": 1.00000017,
    "stats": {
        "insts": 50000020.92797456,
        "xmit-taints": 0.0,
        "access-misps": 15318801.302638458,
        "ipc": 0.6768325205959915,
        "mem-taints": 0.0,
        "load-rate": 0.3581645913622525,
        "stalls": 193042243520.85953,
        "cycles": 84038995.55541268,
        "access-misp-rate": 0.7253512958796595,
        "reg-taints": 0.0,
        "access-preds": 21493039.197176453,
        "loads": 17908237.069276392
    }
}