{
    "simpoint": {
        "interval": 260559,
        "weight": 0.0886976,
        "waypoints": [
            784654459922,
            784654581271,
            784655742875
        ],
        "name": "7"
    },
    "stats": {
        "insts": 51227851.0,
        "ipc": 1.587515,
        "cycles": 32269199.0,
        "reg-taints": 0.0,
        "mem-taints": 0.0,
        "xmit-taints": 195235.0,
        "loads": 13161569.0,
        "load-rate": 0.25692213792064006,
        "stalls": 46682226536,
        "access-preds": 11275970,
        "access-misps": 11050360,
        "access-misp-rate": 0.9799919652145226
    }
}