{
    "simpoint": {
        "interval": 29586,
        "weight": 0.0362736,
        "waypoints": [
            414697043933,
            414702257168,
            414727434303
        ],
        "name": "4"
    },
    "stats": {
        "insts": 50181087.0,
        "ipc": 0.360083,
        "cycles": 139359731.0,
        "reg-taints": 0.0,
        "mem-taints": 0.0,
        "xmit-taints": 6291929.0,
        "stalls": 6048751545,
        "access-preds": 11977110,
        "access-misps": 52603,
        "access-misp-rate": 0.004391960998938809
    }
}