{
    "weight": 1.0000004999999998,
    "stats": {
        "insts": 50000114.36603572,
        "ipc": 1.860902274165263,
        "cycles": 27078931.659227274,
        "reg-taints": 0.0,
        "mem-taints": 0.0,
        "xmit-taints": 0.0,
        "stalls": 27937852472.25577,
        "access-preds": 11464747.242348881,
        "access-misps": 10880724.76269602,
        "access-misp-rate": 0.95054591704702
    }
}