{
    "simpoint": {
        "interval": 90353,
        "weight": 0.740581,
        "waypoints": [
            2156776442208,
            2156781327945,
            2156805604461
        ],
        "name": "2"
    },
    "stats": {
        "insts": 50000147.0,
        "ipc": 0.228094,
        "cycles": 219208229.0,
        "pub-annot-reg-rate": NaN,
        "pub-annot-load-rate": NaN,
        "pub-annot-load-count": 0.0,
        "annot-load-count": 0.0,
        "prot-regs": 50161838.0,
        "unprot-regs": 16770225.0,
        "stalls": 0,
        "unprot-regs-inst": 0.33540351391366907,
        "unprot-regs-rate": 0.2505559256406007
    }
}