{
    "simpoint": {
        "interval": 4672,
        "weight": 0.0208989,
        "waypoints": [
            29165171449,
            29166406437,
            29172553373
        ],
        "name": "4"
    },
    "stats": {
        "insts": 53517257.0,
        "ipc": 1.270658,
        "cycles": 42117750.0,
        "reg-taints": 0.0,
        "mem-taints": 0.0,
        "xmit-taints": 3503424.0,
        "loads": 5498110.0,
        "load-rate": 0.10273527284853183,
        "stalls": 51701461000,
        "access-preds": 0,
        "access-misps": 0,
        "access-misp-rate": 0
    }
}