{
    "simpoint": {
        "interval": 2591,
        "weight": 0.116781,
        "waypoints": [
            3821921351,
            3822241817,
            3823665734
        ],
        "name": "0"
    },
    "stats": {
        "insts": 51048025.0,
        "ipc": 0.876262,
        "cycles": 58256583.0,
        "reg-taints": 0.0,
        "mem-taints": 0.0,
        "xmit-taints": 2345446.0,
        "stalls": 24837724556,
        "access-preds": 3039258,
        "access-misps": 177800,
        "access-misp-rate": 0.05850112099729605
    }
}