{
    "simpoint": {
        "interval": 6337,
        "weight": 0.0160066,
        "waypoints": [
            143980617389,
            143984953023,
            144006443864
        ],
        "name": "1"
    },
    "stats": {
        "insts": 50000014.0,
        "ipc": 1.051469,
        "cycles": 47552520.0,
        "reg-taints": 0.0,
        "mem-taints": 0.0,
        "xmit-taints": 0.0,
        "loads": 13528325.0,
        "load-rate": 0.2705664242414012,
        "stalls": 2709812612,
        "access-preds": 16212447,
        "access-misps": 513385,
        "access-misp-rate": 0.03166610197707971
    }
}