{
    "simpoint": {
        "interval": 23485,
        "weight": 0.196342,
        "waypoints": [
            446431669982,
            446437281494,
            446460005165
        ],
        "name": "7"
    },
    "stats": {
        "insts": 51946915.0,
        "ipc": 0.829045,
        "cycles": 62658773.0,
        "reg-taints": 0.0,
        "mem-taints": 0.0,
        "xmit-taints": 9668796.0,
        "loads": 14786416.0,
        "load-rate": 0.2846447378058928,
        "stalls": 19207139056,
        "access-preds": 9076296,
        "access-misps": 495428,
        "access-misp-rate": 0.05458482182599598
    }
}