{
    "simpoint": {
        "interval": 45938,
        "weight": 0.0723623,
        "waypoints": [
            799674526919,
            799678444246,
            799698021162
        ],
        "name": "3"
    },
    "stats": {
        "insts": 50000081.0,
        "ipc": 0.867921,
        "cycles": 57609039.0,
        "loads": 13182121.0,
        "load-rate": 0.2636419928999715,
        "stalls": 0,
        "access-preds": 0,
        "access-misps": 0,
        "access-misp-rate": 0
    }
}