{
    "simpoint": {
        "interval": 18656,
        "weight": 0.160564,
        "waypoints": [
            292245499067,
            292248588187,
            292264169099
        ],
        "name": "3"
    },
    "stats": {
        "insts": 50000022.0,
        "ipc": 1.081626,
        "cycles": 46226701.0,
        "pub-annot-reg-rate": NaN,
        "pub-annot-load-rate": NaN,
        "pub-annot-load-count": 0.0,
        "annot-load-count": 0.0,
        "prot-regs": 93554597.0,
        "unprot-regs": 40563980.0,
        "loads": 12603245.0,
        "load-rate": 0.2520647890914928,
        "stalls": 30786594500,
        "access-preds": 0,
        "access-misps": 0,
        "access-misp-rate": 0,
        "unprot-regs-inst": 0.8112792430371331,
        "unprot-regs-rate": 0.30244863096034785
    }
}