{
    "simpoint": {
        "interval": 59426,
        "weight": 0.137287,
        "waypoints": [
            177948812876,
            177949524165,
            177953140348
        ],
        "name": "3"
    },
    "stats": {
        "insts": 53820148.0,
        "ipc": 1.38937,
        "cycles": 38737101.0,
        "reg-taints": 0.0,
        "mem-taints": 0.0,
        "xmit-taints": 2666769.0,
        "loads": 17221174.0,
        "load-rate": 0.31997634045896717,
        "stalls": 159445186785,
        "access-preds": 8025680,
        "access-misps": 47306,
        "access-misp-rate": 0.005894329203257543
    }
}