{
    "simpoint": {
        "interval": 18656,
        "weight": 0.160564,
        "waypoints": [
            292245505205,
            292248594325,
            292264175237
        ],
        "name": "3"
    },
    "stats": {
        "insts": 59822880.0,
        "ipc": 1.155547,
        "cycles": 51770198.0,
        "reg-taints": 0.0,
        "mem-taints": 0.0,
        "xmit-taints": 2310131.0,
        "loads": 15359334.0,
        "load-rate": 0.2567468166026109,
        "stalls": 4352325653,
        "access-preds": 3726923,
        "access-misps": 150114,
        "access-misp-rate": 0.04027826708520675
    }
}