{
    "simpoint": {
        "interval": 5883,
        "weight": 0.068873,
        "waypoints": [
            75449192385,
            75451707895,
            75464447709
        ],
        "name": "5"
    },
    "stats": {
        "insts": 50000034.0,
        "ipc": 0.769747,
        "cycles": 64956453.0,
        "reg-taints": 0.0,
        "mem-taints": 0.0,
        "xmit-taints": 0.0,
        "stalls": 55456373116,
        "access-preds": 20601774,
        "access-misps": 2667721,
        "access-misp-rate": 0.12948986820261207
    }
}