{
    "simpoint": {
        "interval": 390343,
        "weight": 0.0884425,
        "waypoints": [
            669142853456,
            669143699907,
            669148514142
        ],
        "name": "4"
    },
    "stats": {
        "insts": 50543038.0,
        "ipc": 0.970114,
        "cycles": 52100096.0,
        "reg-taints": 0.0,
        "mem-taints": 0.0,
        "xmit-taints": 1721177.0,
        "loads": 19401257.0,
        "load-rate": 0.3838561702602839,
        "stalls": 165160945398,
        "access-preds": 1751045,
        "access-misps": 933100,
        "access-misp-rate": 0.5328817934433439
    }
}