{
    "simpoint": {
        "interval": 88330,
        "weight": 0.0564765,
        "waypoints": [
            1473827797215,
            1473829575800,
            1473836076492
        ],
        "name": "6"
    },
    "stats": {
        "insts": 52208503.0,
        "ipc": 0.95197,
        "cycles": 54842571.0,
        "reg-taints": 0.0,
        "mem-taints": 0.0,
        "xmit-taints": 1982396.0,
        "loads": 7262843.0,
        "load-rate": 0.1391122629967,
        "stalls": 15014412557,
        "access-preds": 436075,
        "access-misps": 1074,
        "access-misp-rate": 0.002462879091899329
    }
}