{
    "weight": 0.9999986999999999,
    "stats": {
        "access-misp-rate": 0.9386103620849179,
        "xmit-taints": 2593833.5726296445,
        "insts": 50030264.73549086,
        "reg-taints": 0.0,
        "access-preds": 6447699.338660842,
        "ipc": 0.8316996599738579,
        "loads": 12322195.783943519,
        "load-rate": 0.24629895533611212,
        "stalls": 23057420533.32742,
        "access-misps": 6050258.4479076825,
        "cycles": 60322636.05352628,
        "mem-taints": 0.0
    }
}