{
    "simpoint": {
        "interval": 76,
        "weight": 0.00188513,
        "waypoints": [
            669872540,
            672241956,
            684083627
        ],
        "name": "1"
    },
    "stats": {
        "insts": 53992261.0,
        "ipc": 1.285799,
        "cycles": 41991227.0,
        "loads": 16687727.0,
        "load-rate": 0.3090762766908391,
        "stalls": 0,
        "access-preds": 0,
        "access-misps": 0,
        "access-misp-rate": 0
    }
}