{
    "simpoint": {
        "interval": 70510,
        "weight": 0.0817096,
        "waypoints": [
            121390084112,
            121390281468,
            121392465807
        ],
        "name": "0"
    },
    "stats": {
        "insts": 50000124.0,
        "ipc": 1.334539,
        "cycles": 37466208.0,
        "reg-taints": 0.0,
        "mem-taints": 0.0,
        "xmit-taints": 0.0,
        "loads": 13199423.0,
        "load-rate": 0.26398780531024285,
        "stalls": 206143302643,
        "access-preds": 17070165,
        "access-misps": 14892993,
        "access-misp-rate": 0.8724574718522053
    }
}