{
    "simpoint": {
        "interval": 1726,
        "weight": 0.0593762,
        "waypoints": [
            20222950045,
            20223932455,
            20237556001
        ],
        "name": "3"
    },
    "stats": {
        "insts": 53284291.0,
        "ipc": 1.446951,
        "cycles": 36825227.0,
        "reg-taints": 0.0,
        "mem-taints": 0.0,
        "xmit-taints": 838164.0,
        "stalls": 128222567203,
        "access-preds": 1389593,
        "access-misps": 159912,
        "access-misp-rate": 0.11507829990508012
    }
}