{
    "weight": 1.0000008,
    "stats": {
        "insts": 50700493.98843291,
        "ipc": 1.1740591867785506,
        "cycles": 50906116.237850316,
        "reg-taints": 0.0,
        "mem-taints": 0.0,
        "xmit-taints": 2141414.1200800035,
        "stalls": 140015164781.72156,
        "access-preds": 6837723.7751379805,
        "access-misps": 6794248.011628191,
        "access-misp-rate": 0.9908577470666976
    }
}