{
    "simpoint": {
        "interval": 20608,
        "weight": 0.173667,
        "waypoints": [
            164918718073,
            164920240582,
            164928675685
        ],
        "name": "6"
    },
    "stats": {
        "insts": 54152888.0,
        "ipc": 1.374543,
        "cycles": 39397027.0,
        "loads": 13841294.0,
        "load-rate": 0.25559659902164406,
        "stalls": 0,
        "access-preds": 0,
        "access-misps": 0,
        "access-misp-rate": 0
    }
}