{
    "simpoint": {
        "interval": 219059,
        "weight": 0.0163617,
        "waypoints": [
            375989106176,
            375989537688,
            375991688966
        ],
        "name": "1"
    },
    "stats": {
        "insts": 50114497.0,
        "ipc": 0.965331,
        "cycles": 51914300.0,
        "reg-taints": 0.0,
        "mem-taints": 0.0,
        "xmit-taints": 436875.0,
        "loads": 10905474.0,
        "load-rate": 0.2176111634922725,
        "stalls": 121641732768,
        "access-preds": 496488,
        "access-misps": 5811,
        "access-misp-rate": 0.01170421037366462
    }
}