{
    "simpoint": {
        "interval": 454408,
        "weight": 0.000704738,
        "waypoints": [
            7210576965887,
            7210580967750,
            7210600515645
        ],
        "name": "4"
    },
    "stats": {
        "insts": 50016352.0,
        "ipc": 0.862999,
        "cycles": 57956457.0,
        "pub-annot-reg-rate": NaN,
        "pub-annot-load-rate": NaN,
        "pub-annot-load-count": 0.0,
        "annot-load-count": 0.0,
        "prot-regs": 94600244.0,
        "unprot-regs": 25082206.0,
        "stalls": 0,
        "access-preds": 0,
        "access-misps": 0,
        "access-misp-rate": 0,
        "unprot-regs-inst": 0.501480115942882,
        "unprot-regs-rate": 0.20957296579406587
    }
}