{
    "simpoint": {
        "interval": 813,
        "weight": 0.132794,
        "waypoints": [
            6816447481,
            6818057532,
            6825600019
        ],
        "name": "0"
    },
    "stats": {
        "insts": 50000040.0,
        "ipc": 1.76334,
        "cycles": 28355306.0,
        "reg-taints": 0.0,
        "mem-taints": 0.0,
        "xmit-taints": 0.0,
        "stalls": 958266016,
        "access-preds": 14877199,
        "access-misps": 63811,
        "access-misp-rate": 0.004289181048126062
    }
}