{
    "simpoint": {
        "interval": 14657,
        "weight": 0.0281822,
        "waypoints": [
            117358724121,
            117360455473,
            117369890398
        ],
        "name": "4"
    },
    "stats": {
        "insts": 50000023.0,
        "ipc": 1.182016,
        "cycles": 42300646.0,
        "reg-taints": 0.0,
        "mem-taints": 0.0,
        "xmit-taints": 0.0,
        "loads": 13957839.0,
        "load-rate": 0.2791566515879403,
        "stalls": 3179272376,
        "access-preds": 16642256,
        "access-misps": 1298093,
        "access-misp-rate": 0.07799982165879434
    }
}