{
    "simpoint": {
        "interval": 167709,
        "weight": 0.179295,
        "waypoints": [
            2310481481309,
            2310484665090,
            2310500980707
        ],
        "name": "4"
    },
    "stats": {
        "insts": 50817131.0,
        "ipc": 0.955071,
        "cycles": 53207727.0,
        "reg-taints": 0.0,
        "mem-taints": 0.0,
        "xmit-taints": 934538.0,
        "stalls": 52528867907,
        "access-preds": 10772881,
        "access-misps": 8495865,
        "access-misp-rate": 0.7886344423557635
    }
}