{
    "simpoint": {
        "interval": 153810,
        "weight": 0.0128253,
        "waypoints": [
            324995499735,
            324996366938,
            324999314713
        ],
        "name": "7"
    },
    "stats": {
        "insts": 50000064.0,
        "ipc": 1.645754,
        "cycles": 30381243.0,
        "pub-annot-reg-rate": NaN,
        "pub-annot-load-rate": NaN,
        "pub-annot-load-count": 0.0,
        "annot-load-count": 0.0,
        "prot-regs": 64036707.0,
        "unprot-regs": 44712669.0,
        "loads": 14468341.0,
        "load-rate": 0.2893664496109445,
        "stalls": 225700727000,
        "access-preds": 0,
        "access-misps": 0,
        "access-misp-rate": 0,
        "unprot-regs-inst": 0.8942522353571387,
        "unprot-regs-rate": 0.41115333847984564
    }
}