{
    "simpoint": {
        "interval": 12232,
        "weight": 0.18073,
        "waypoints": [
            175709486129,
            175711250457,
            175720075089
        ],
        "name": "2"
    },
    "stats": {
        "insts": 50000009.0,
        "ipc": 0.624775,
        "cycles": 80028823.0,
        "reg-taints": 0.0,
        "mem-taints": 0.0,
        "xmit-taints": 0.0,
        "loads": 17445834.0,
        "load-rate": 0.3489166171950089,
        "stalls": 20474798938,
        "access-preds": 20938281,
        "access-misps": 18449151,
        "access-misp-rate": 0.8811206134830266
    }
}