{
    "simpoint": {
        "interval": 2772,
        "weight": 0.0805542,
        "waypoints": [
            51697024320,
            51699732040,
            51713270533
        ],
        "name": "4"
    },
    "stats": {
        "insts": 50001743.0,
        "ipc": 1.699817,
        "cycles": 29415962.0,
        "pub-annot-reg-rate": NaN,
        "pub-annot-load-rate": NaN,
        "pub-annot-load-count": 0.0,
        "annot-load-count": 0.0,
        "prot-regs": 118358796.0,
        "unprot-regs": 12041034.0,
        "loads": 8845595.0,
        "load-rate": 0.17690573306614532,
        "stalls": 124337128000,
        "access-preds": 0,
        "access-misps": 0,
        "access-misp-rate": 0,
        "unprot-regs-inst": 0.24081228528373502,
        "unprot-regs-rate": 0.09233933817245008
    }
}