{
    "weight": 1.0000008,
    "stats": {
        "insts": 50032408.582414635,
        "ipc": 1.0537101903606474,
        "cycles": 49892376.46623973,
        "reg-taints": 0.0,
        "mem-taints": 0.0,
        "xmit-taints": 2138330.730412916,
        "stalls": 3043273932.5343037,
        "access-preds": 9671278.926158758,
        "access-misps": 50163.76370958904,
        "access-misp-rate": 0.005315770127020767
    }
}