{
    "weight": 0.9999998099999998,
    "stats": {
        "insts": 51756451.53705375,
        "ipc": 1.61052668368085,
        "cycles": 33781028.71528111,
        "reg-taints": 0.0,
        "mem-taints": 0.0,
        "xmit-taints": 1594682.2755027723,
        "stalls": 55693322945.69006,
        "access-preds": 6147203.816221936,
        "access-misps": 125435.8561804427,
        "access-misp-rate": 0.03734411524696241
    }
}