{
    "simpoint": {
        "interval": 3001,
        "weight": 0.00983381,
        "waypoints": [
            27808943613,
            27811820590,
            27826030172
        ],
        "name": "6"
    },
    "stats": {
        "insts": 51695720.0,
        "ipc": 0.837733,
        "cycles": 61709077.0,
        "reg-taints": 0.0,
        "mem-taints": 0.0,
        "xmit-taints": 492363.0,
        "loads": 11927216.0,
        "load-rate": 0.23071960309286726,
        "stalls": 5766935042,
        "access-preds": 2768105,
        "access-misps": 39322,
        "access-misp-rate": 0.01420538599511218
    }
}