{
    "weight": 0.99999997,
    "stats": {
        "reg-taints": 0.0,
        "load-rate": 0.41441519779604175,
        "ipc": 1.1605770494802217,
        "insts": 50000135.219498396,
        "access-misp-rate": 0.663538121241836,
        "access-misps": 16598638.324646631,
        "access-preds": 24770551.81564077,
        "loads": 20720815.100064542,
        "stalls": 457314334495.4079,
        "mem-taints": 0.0,
        "cycles": 43338137.86147957,
        "xmit-taints": 0.0
    }
}