{
    "simpoint": {
        "interval": 89120,
        "weight": 0.021955,
        "waypoints": [
            190452688902,
            190453556279,
            190457771118
        ],
        "name": "5"
    },
    "stats": {
        "insts": 52943173.0,
        "ipc": 1.874939,
        "cycles": 28237285.0,
        "reg-taints": 0.0,
        "mem-taints": 0.0,
        "xmit-taints": 10323.0,
        "loads": 13783716.0,
        "load-rate": 0.26034926165078925,
        "stalls": 959112483,
        "access-preds": 12262,
        "access-misps": 185,
        "access-misp-rate": 0.015087261458163432
    }
}