{
    "simpoint": {
        "interval": 26923,
        "weight": 0.601173,
        "waypoints": [
            256501771573,
            256503653190,
            256513099889
        ],
        "name": "3"
    },
    "stats": {
        "insts": 50000048.0,
        "ipc": 1.662086,
        "cycles": 30082703.0,
        "reg-taints": 0.0,
        "mem-taints": 0.0,
        "xmit-taints": 0.0,
        "stalls": 43056876849,
        "access-preds": 19334661,
        "access-misps": 8330010,
        "access-misp-rate": 0.4308329998648541
    }
}