{
    "weight": 1.00000017,
    "stats": {
        "insts": 50000020.643668465,
        "ipc": 0.75363476395979,
        "cycles": 76989622.14511445,
        "reg-taints": 0.0,
        "mem-taints": 0.0,
        "xmit-taints": 0.0,
        "stalls": 126468517197.83679,
        "access-preds": 21493040.223419283,
        "access-misps": 1190017.2834975517,
        "access-misp-rate": 0.056563410113585476
    }
}