{
    "simpoint": {
        "interval": 161816,
        "weight": 0.0859769,
        "waypoints": [
            850635249976,
            850637409877,
            850648171465
        ],
        "name": "6"
    },
    "stats": {
        "insts": 50000137.0,
        "ipc": 0.947293,
        "cycles": 52782128.0,
        "loads": 33048440.0,
        "load-rate": 0.6609669889504503,
        "stalls": 0,
        "access-preds": 0,
        "access-misps": 0,
        "access-misp-rate": 0
    }
}