{
    "simpoint": {
        "interval": 32437,
        "weight": 0.0757771,
        "waypoints": [
            456178692713,
            456182062923,
            456198943119
        ],
        "name": "6"
    },
    "stats": {
        "insts": 62137172.0,
        "ipc": 0.561428,
        "cycles": 110677015.0,
        "reg-taints": 0.0,
        "mem-taints": 0.0,
        "xmit-taints": 3985347.0,
        "loads": 21515097.0,
        "load-rate": 0.34625162857427755,
        "stalls": 1147982427903,
        "access-preds": 7659816,
        "access-misps": 275016,
        "access-misp-rate": 0.035903734502238695
    }
}