{
    "simpoint": {
        "interval": 89120,
        "weight": 0.021955,
        "waypoints": [
            190452688902,
            190453556279,
            190457771118
        ],
        "name": "5"
    },
    "stats": {
        "insts": 52943173.0,
        "ipc": 1.90961,
        "cycles": 27724595.0,
        "reg-taints": 0.0,
        "mem-taints": 0.0,
        "xmit-taints": 10323.0,
        "stalls": 1069315442,
        "access-preds": 12262,
        "access-misps": 195,
        "access-misp-rate": 0.015902789104550643
    }
}