{
    "simpoint": {
        "interval": 11028,
        "weight": 0.0924349,
        "waypoints": [
            163696265851,
            163700534678,
            163719009045
        ],
        "name": "4"
    },
    "stats": {
        "insts": 50000051.0,
        "ipc": 0.997805,
        "cycles": 50110026.0,
        "pub-annot-reg-rate": NaN,
        "pub-annot-load-rate": NaN,
        "pub-annot-load-count": 0.0,
        "annot-load-count": 0.0,
        "prot-regs": 63805022.0,
        "unprot-regs": 62448133.0,
        "loads": 13973775.0,
        "load-rate": 0.27947521493528077,
        "stalls": 42923621500,
        "access-preds": 0,
        "access-misps": 0,
        "access-misp-rate": 0,
        "unprot-regs-inst": 1.2489613860593862,
        "unprot-regs-rate": 0.49462631646710137
    }
}