{
    "simpoint": {
        "interval": 12960,
        "weight": 0.306268,
        "waypoints": [
            165090540848,
            165093065340,
            165105724398
        ],
        "name": "7"
    },
    "stats": {
        "insts": 54703971.0,
        "ipc": 0.818425,
        "cycles": 66840562.0,
        "reg-taints": 0.0,
        "mem-taints": 0.0,
        "xmit-taints": 3469168.0,
        "stalls": 87807440551,
        "access-preds": 12982569,
        "access-misps": 653211,
        "access-misp-rate": 0.050314463955477534
    }
}