{
    "simpoint": {
        "interval": 22377,
        "weight": 0.227606,
        "waypoints": [
            520541835962,
            520546619243,
            520570544851
        ],
        "name": "4"
    },
    "stats": {
        "insts": 64965268.0,
        "ipc": 0.882577,
        "cycles": 73608619.0,
        "reg-taints": 0.0,
        "mem-taints": 0.0,
        "xmit-taints": 1645774.0,
        "stalls": 58904673000,
        "access-preds": 6202936,
        "access-misps": 5705369,
        "access-misp-rate": 0.9197852436330151
    }
}