{
    "simpoint": {
        "interval": 8330,
        "weight": 0.00348875,
        "waypoints": [
            102257062562,
            102260428533,
            102278767931
        ],
        "name": "2"
    },
    "stats": {
        "insts": 50000016.0,
        "ipc": 0.589658,
        "cycles": 84794989.0,
        "pub-annot-reg-rate": NaN,
        "pub-annot-load-rate": NaN,
        "pub-annot-load-count": 0.0,
        "annot-load-count": 0.0,
        "prot-regs": 85561690.0,
        "unprot-regs": 47842452.0,
        "stalls": 0,
        "access-preds": 0,
        "access-misps": 0,
        "access-misp-rate": 0,
        "unprot-regs-inst": 0.9568487338084052,
        "unprot-regs-rate": 0.3586279352555635
    }
}