{
    "simpoint": {
        "interval": 29586,
        "weight": 0.0362736,
        "waypoints": [
            414697043933,
            414702257168,
            414727434303
        ],
        "name": "4"
    },
    "stats": {
        "insts": 54154082.0,
        "ipc": 0.286089,
        "cycles": 189290724.0,
        "reg-taints": 0.0,
        "mem-taints": 0.0,
        "xmit-taints": 6296545.0,
        "stalls": 2605498233403,
        "access-preds": 7791802,
        "access-misps": 4415,
        "access-misp-rate": 0.0005666211744086926
    }
}