{
    "simpoint": {
        "interval": 10502,
        "weight": 0.0649377,
        "waypoints": [
            151694490622,
            151698270238,
            151719385844
        ],
        "name": "3"
    },
    "stats": {
        "insts": 51899203.0,
        "ipc": 1.452204,
        "cycles": 35738221.0,
        "reg-taints": 0.0,
        "mem-taints": 0.0,
        "xmit-taints": 10919729.0,
        "stalls": 8722831385,
        "access-preds": 6440154,
        "access-misps": 3564745,
        "access-misp-rate": 0.5535185959838849
    }
}