{
    "simpoint": {
        "interval": 10502,
        "weight": 0.0649377,
        "waypoints": [
            151694479111,
            151698258727,
            151719374333
        ],
        "name": "3"
    },
    "stats": {
        "insts": 50000012.0,
        "ipc": 1.218143,
        "cycles": 41046079.0,
        "pub-annot-reg-rate": NaN,
        "pub-annot-load-rate": NaN,
        "pub-annot-load-count": 0.0,
        "annot-load-count": 0.0,
        "prot-regs": 68309513.0,
        "unprot-regs": 70188147.0,
        "loads": 12492422.0,
        "load-rate": 0.2498483800363888,
        "stalls": 25816656000,
        "access-preds": 0,
        "access-misps": 0,
        "access-misp-rate": 0,
        "unprot-regs-inst": 1.4037626030969752,
        "unprot-regs-rate": 0.5067821867892931
    }
}