{
    "weight": 0.9999989000000001,
    "stats": {
        "cycles": 45093910.89780008,
        "insts": 59904131.463468306,
        "reg-taints": 0.0,
        "access-misps": 125377.93824613205,
        "xmit-taints": 2501419.0979782073,
        "access-preds": 3669426.7331985063,
        "loads": 15256051.190846007,
        "access-misp-rate": 0.03420880419363461,
        "ipc": 1.329778597311657,
        "stalls": 15272321240.866861,
        "mem-taints": 0.0,
        "load-rate": 0.25469175663309473
    }
}