{
    "simpoint": {
        "interval": 4298,
        "weight": 0.0964486,
        "waypoints": [
            55308100573,
            55310652512,
            55323358455
        ],
        "name": "4"
    },
    "stats": {
        "insts": 50000044.0,
        "ipc": 0.5544,
        "cycles": 90187648.0,
        "pub-annot-reg-rate": NaN,
        "pub-annot-load-rate": NaN,
        "pub-annot-load-count": 0.0,
        "annot-load-count": 0.0,
        "prot-regs": 46860373.0,
        "unprot-regs": 56738407.0,
        "loads": 17162503.0,
        "load-rate": 0.343249757940213,
        "stalls": 150537914500,
        "access-preds": 0,
        "access-misps": 0,
        "access-misp-rate": 0,
        "unprot-regs-inst": 1.1347671414049156,
        "unprot-regs-rate": 0.5476744706839212
    }
}