{
    "simpoint": {
        "interval": 3752,
        "weight": 0.0568152,
        "waypoints": [
            30278854373,
            30280437679,
            30288383754
        ],
        "name": "1"
    },
    "stats": {
        "insts": 53676323.0,
        "ipc": 1.534401,
        "cycles": 34981950.0,
        "reg-taints": 0.0,
        "mem-taints": 0.0,
        "xmit-taints": 1370395.0,
        "stalls": 76498841717,
        "access-preds": 5227981,
        "access-misps": 609788,
        "access-misp-rate": 0.11663929153529823
    }
}