{
    "simpoint": {
        "interval": 29806,
        "weight": 0.283652,
        "waypoints": [
            541715542504,
            541718880456,
            541735271010
        ],
        "name": "2"
    },
    "stats": {
        "insts": 50378806.0,
        "ipc": 1.06344,
        "cycles": 47373420.0,
        "reg-taints": 0.0,
        "mem-taints": 0.0,
        "xmit-taints": 1687732.0,
        "loads": 12073431.0,
        "load-rate": 0.2396529802631686,
        "stalls": 12431700934,
        "access-preds": 7286582,
        "access-misps": 816288,
        "access-misp-rate": 0.11202618731251497
    }
}