{
    "simpoint": {
        "interval": 2146,
        "weight": 0.120682,
        "waypoints": [
            19264912175,
            19266184296,
            19272552591
        ],
        "name": "4"
    },
    "stats": {
        "insts": 50068441.0,
        "ipc": 0.507783,
        "cycles": 98602035.0,
        "reg-taints": 0.0,
        "mem-taints": 0.0,
        "xmit-taints": 6652408.0,
        "loads": 17439267.0,
        "load-rate": 0.3483085682655867,
        "stalls": 2563690275732,
        "access-preds": 2669242,
        "access-misps": 134702,
        "access-misp-rate": 0.05046451389570522
    }
}