{
    "simpoint": {
        "interval": 11980,
        "weight": 0.055951,
        "waypoints": [
            170259628107,
            170266642461,
            170300372194
        ],
        "name": "1"
    },
    "stats": {
        "insts": 50000045.0,
        "ipc": 0.859668,
        "cycles": 58162057.0,
        "reg-taints": 0.0,
        "mem-taints": 0.0,
        "xmit-taints": 0.0,
        "stalls": 30880237683,
        "access-preds": 16314056,
        "access-misps": 828145,
        "access-misp-rate": 0.05076266748134247
    }
}