{
    "simpoint": {
        "interval": 41440,
        "weight": 0.14246,
        "waypoints": [
            644894324154,
            644897490433,
            644913410359
        ],
        "name": "7"
    },
    "stats": {
        "insts": 50000038.0,
        "ipc": 1.457183,
        "cycles": 34312799.0,
        "reg-taints": 0.0,
        "mem-taints": 0.0,
        "xmit-taints": 0.0,
        "stalls": 4986912818,
        "access-preds": 14818740,
        "access-misps": 464234,
        "access-misp-rate": 0.031327494780257974
    }
}