{
    "weight": 0.99999985,
    "stats": {
        "reg-taints": 0.0,
        "load-rate": 0.3028210021730189,
        "insts": 50000165.11389777,
        "ipc": 0.2724917407374111,
        "access-misp-rate": 0.4924990011995335,
        "mem-taints": 0.0,
        "cycles": 195963569.84420267,
        "xmit-taints": 4916.8198191729725,
        "access-misps": 2487864.5166962775,
        "loads": 15141099.922732586,
        "stalls": 120983865324.82796,
        "access-preds": 5093185.118676668
    }
}