{
    "simpoint": {
        "interval": 4201,
        "weight": 0.162721,
        "waypoints": [
            49341201658,
            49343552511,
            49354808696
        ],
        "name": "4"
    },
    "stats": {
        "insts": 50000100.0,
        "ipc": 2.048629,
        "cycles": 24406621.0,
        "reg-taints": 0.0,
        "mem-taints": 0.0,
        "xmit-taints": 0.0,
        "stalls": 9527595473,
        "access-preds": 12295169,
        "access-misps": 903502,
        "access-misp-rate": 0.07348430916240355
    }
}