{
    "simpoint": {
        "interval": 71898,
        "weight": 0.0163127,
        "waypoints": [
            153793454870,
            153793743253,
            153804314114
        ],
        "name": "4"
    },
    "stats": {
        "insts": 50000043.0,
        "ipc": 1.899573,
        "cycles": 26321734.0,
        "loads": 10603457.0,
        "load-rate": 0.21206895762069644,
        "stalls": 0,
        "access-preds": 0,
        "access-misps": 0,
        "access-misp-rate": 0
    }
}