{
    "weight": 0.999999552,
    "stats": {
        "ipc": 1.623465839977304,
        "reg-taints": 0.0,
        "cycles": 34169934.58535512,
        "insts": 50000039.78038405,
        "xmit-taints": 0.0,
        "loads": 15632609.750415793,
        "load-rate": 0.31265194330730395,
        "stalls": 18292429703.959763,
        "mem-taints": 0.0,
        "access-misp-rate": 0.046739777966880974,
        "access-preds": 18763088.743673477,
        "access-misps": 877928.5491872542
    }
}