{
    "simpoint": {
        "interval": 66874,
        "weight": 0.00421115,
        "waypoints": [
            143913074110,
            143914730259,
            143922718087
        ],
        "name": "3"
    },
    "stats": {
        "insts": 50000056.0,
        "ipc": 1.07122,
        "cycles": 46675806.0,
        "reg-taints": 0.0,
        "mem-taints": 0.0,
        "xmit-taints": 0.0,
        "loads": 5487841.0,
        "load-rate": 0.10975669707249928,
        "stalls": 38878388,
        "access-preds": 6433670,
        "access-misps": 18780,
        "access-misp-rate": 0.002919018227543533
    }
}