{
    "weight": 0.9999998099999998,
    "stats": {
        "mem-taints": 0.0,
        "load-rate": 0.327447807526092,
        "reg-taints": 0.0,
        "cycles": 33614189.92108812,
        "loads": 16372411.599811926,
        "access-misp-rate": 0.8402939577713365,
        "access-misps": 16532846.044942401,
        "access-preds": 19665904.598454818,
        "stalls": 31030194261.18004,
        "insts": 50000064.00165088,
        "xmit-taints": 0.0,
        "ipc": 1.551932026225665
    }
}