{
    "simpoint": {
        "interval": 32052,
        "weight": 0.019445,
        "waypoints": [
            129468818660,
            129469733367,
            129474085303
        ],
        "name": "2"
    },
    "stats": {
        "insts": 50000113.0,
        "ipc": 1.390114,
        "cycles": 35968344.0,
        "reg-taints": 0.0,
        "mem-taints": 0.0,
        "xmit-taints": 0.0,
        "loads": 30495866.0,
        "load-rate": 0.609915941589972,
        "stalls": 6661436736,
        "access-preds": 36825887,
        "access-misps": 298896,
        "access-misp-rate": 0.008116464377354984
    }
}