{
    "simpoint": {
        "interval": 45938,
        "weight": 0.0723623,
        "waypoints": [
            802661694351,
            802665613806,
            802685215602
        ],
        "name": "3"
    },
    "stats": {
        "insts": 50000081.0,
        "ipc": 1.223196,
        "cycles": 40876581.0,
        "reg-taints": 0.0,
        "mem-taints": 0.0,
        "xmit-taints": 0.0,
        "stalls": 6898403587,
        "access-preds": 15846704,
        "access-misps": 329019,
        "access-misp-rate": 0.020762614105747163
    }
}