{
    "simpoint": {
        "interval": 12960,
        "weight": 0.306268,
        "waypoints": [
            165090540848,
            165093065340,
            165105724398
        ],
        "name": "7"
    },
    "stats": {
        "insts": 54703972.0,
        "ipc": 0.813662,
        "cycles": 67231855.0,
        "reg-taints": 0.0,
        "mem-taints": 0.0,
        "xmit-taints": 3469168.0,
        "stalls": 89056323816,
        "access-preds": 12982569,
        "access-misps": 1242996,
        "access-misp-rate": 0.09574345416535048
    }
}