{
    "simpoint": {
        "interval": 1954,
        "weight": 0.117807,
        "waypoints": [
            55675676742,
            55681430795,
            55710204570
        ],
        "name": "0"
    },
    "stats": {
        "insts": 50000230.0,
        "ipc": 0.514549,
        "cycles": 97172889.0,
        "loads": 18006240.0,
        "load-rate": 0.3601231434335402,
        "stalls": 0,
        "access-preds": 0,
        "access-misps": 0,
        "access-misp-rate": 0
    }
}