{
    "simpoint": {
        "interval": 28250,
        "weight": 0.0185516,
        "waypoints": [
            108237010764,
            108238006407,
            108242582047
        ],
        "name": "1"
    },
    "stats": {
        "insts": 50000178.0,
        "ipc": 0.406318,
        "cycles": 123056850.0,
        "pub-annot-reg-rate": NaN,
        "pub-annot-load-rate": NaN,
        "pub-annot-load-count": 0.0,
        "annot-load-count": 0.0,
        "prot-regs": 60623645.0,
        "unprot-regs": 16192466.0,
        "stalls": 0,
        "access-preds": 0,
        "access-misps": 0,
        "access-misp-rate": 0,
        "unprot-regs-inst": 0.3238481671005251,
        "unprot-regs-rate": 0.21079518071410827
    }
}