{
    "simpoint": {
        "interval": 30,
        "weight": 0.00263042,
        "waypoints": [
            238766012,
            239981779,
            246048979
        ],
        "name": "0"
    },
    "stats": {
        "insts": 50000316.0,
        "ipc": 1.375349,
        "cycles": 36354640.0,
        "reg-taints": 0.0,
        "mem-taints": 0.0,
        "xmit-taints": 0.0,
        "stalls": 2165386771,
        "access-preds": 15164292,
        "access-misps": 1077254,
        "access-misp-rate": 0.07103885891936135
    }
}