{
    "simpoint": {
        "interval": 1499,
        "weight": 0.22881,
        "waypoints": [
            12885111241,
            12886742793,
            12895044776
        ],
        "name": "0"
    },
    "stats": {
        "insts": 50000019.0,
        "ipc": 0.63183,
        "cycles": 79135234.0,
        "reg-taints": 0.0,
        "mem-taints": 0.0,
        "xmit-taints": 0.0,
        "loads": 15186310.0,
        "load-rate": 0.30372608458408784,
        "stalls": 68058400810,
        "access-preds": 18224886,
        "access-misps": 12566381,
        "access-misp-rate": 0.6895176738005384
    }
}