{
    "weight": 1.0000000999999998,
    "stats": {
        "insts": 50000040.43118566,
        "ipc": 1.1207182011253802,
        "cycles": 44648219.31223927,
        "reg-taints": 0.0,
        "mem-taints": 0.0,
        "xmit-taints": 0.0,
        "stalls": 235451467.9294678,
        "access-preds": 17148270.954736106,
        "access-misps": 17116464.54917415,
        "access-misp-rate": 0.9981637750048058
    }
}