{
    "simpoint": {
        "interval": 984,
        "weight": 0.0721535,
        "waypoints": [
            11505589094,
            11508197954,
            11518382007
        ],
        "name": "0"
    },
    "stats": {
        "insts": 50000163.0,
        "ipc": 1.724801,
        "cycles": 28988938.0,
        "reg-taints": 0.0,
        "mem-taints": 0.0,
        "xmit-taints": 0.0,
        "stalls": 7211768578,
        "access-preds": 11866183,
        "access-misps": 1046326,
        "access-misp-rate": 0.08817713328708987
    }
}