{
    "weight": 0.999999552,
    "stats": {
        "cycles": 41529744.064557604,
        "mem-taints": 0.0,
        "xmit-taints": 3639291.6887206077,
        "access-preds": 6430225.357604964,
        "stalls": 98147712318.36945,
        "insts": 55678062.14326558,
        "load-rate": 0.2858944169597981,
        "loads": 15907545.30761407,
        "ipc": 1.4760783170748581,
        "reg-taints": 0.0,
        "access-misps": 234291.56417945275,
        "access-misp-rate": 0.03143515804432721
    }
}