{
    "simpoint": {
        "interval": 5955,
        "weight": 0.114242,
        "waypoints": [
            47869786773,
            47871621730,
            47879731603
        ],
        "name": "3"
    },
    "stats": {
        "insts": 50917520.0,
        "ipc": 1.093152,
        "cycles": 46578647.0,
        "reg-taints": 0.0,
        "mem-taints": 0.0,
        "xmit-taints": 1495776.0,
        "stalls": 9311622833,
        "access-preds": 10706772,
        "access-misps": 9495051,
        "access-misp-rate": 0.8868266738098094
    }
}