{
    "simpoint": {
        "interval": 5199,
        "weight": 0.0561818,
        "waypoints": [
            60945199691,
            60947328793,
            60959029852
        ],
        "name": "6"
    },
    "stats": {
        "insts": 53720298.0,
        "ipc": 1.369932,
        "cycles": 39213844.0,
        "reg-taints": 0.0,
        "mem-taints": 0.0,
        "xmit-taints": 2488318.0,
        "loads": 10926789.0,
        "load-rate": 0.20340149639527316,
        "stalls": 31726138268,
        "access-preds": 3025135,
        "access-misps": 574001,
        "access-misp-rate": 0.18974392878334356
    }
}