{
    "simpoint": {
        "interval": 506558,
        "weight": 0.196927,
        "waypoints": [
            867979772888,
            867980579283,
            867981798283
        ],
        "name": "8"
    },
    "stats": {
        "insts": 50014599.0,
        "ipc": 0.621708,
        "cycles": 80447090.0,
        "reg-taints": 0.0,
        "mem-taints": 0.0,
        "xmit-taints": 11377946.0,
        "loads": 15205463.0,
        "load-rate": 0.3040204920967176,
        "stalls": 979468539419,
        "access-preds": 8816511,
        "access-misps": 8757172,
        "access-misp-rate": 0.9932695598065947
    }
}