{
    "simpoint": {
        "interval": 40254,
        "weight": 0.0627946,
        "waypoints": [
            944599758658,
            944604507473,
            944628141398
        ],
        "name": "7"
    },
    "stats": {
        "insts": 63548035.0,
        "ipc": 0.810675,
        "cycles": 78389018.0,
        "reg-taints": 0.0,
        "mem-taints": 0.0,
        "xmit-taints": 2088737.0,
        "stalls": 44192949156,
        "access-preds": 5955679,
        "access-misps": 5500025,
        "access-misp-rate": 0.9234925186532048
    }
}