{
    "simpoint": {
        "interval": 52123,
        "weight": 0.310505,
        "waypoints": [
            82623635599,
            82623985801,
            82625786525
        ],
        "name": "4"
    },
    "stats": {
        "insts": 50294336.0,
        "ipc": 1.066226,
        "cycles": 47170449.0,
        "reg-taints": 0.0,
        "mem-taints": 0.0,
        "xmit-taints": 2764551.0,
        "loads": 12601326.0,
        "load-rate": 0.25055159292688545,
        "stalls": 3552437973,
        "access-preds": 2341236,
        "access-misps": 1064,
        "access-misp-rate": 0.00045446080617246614
    }
}