{
    "simpoint": {
        "interval": 488,
        "weight": 0.13597,
        "waypoints": [
            7591993457,
            7595102746,
            7610810749
        ],
        "name": "0"
    },
    "stats": {
        "insts": 50000025.0,
        "ipc": 1.215051,
        "cycles": 41150561.0,
        "reg-taints": 0.0,
        "mem-taints": 0.0,
        "xmit-taints": 0.0,
        "loads": 12339240.0,
        "load-rate": 0.2467846766076617,
        "stalls": 17245153000,
        "access-preds": 14818510,
        "access-misps": 14628656,
        "access-misp-rate": 0.987188050620474
    }
}