{
    "simpoint": {
        "interval": 32813,
        "weight": 0.0318631,
        "waypoints": [
            319545681560,
            319548380288,
            319561805792
        ],
        "name": "4"
    },
    "stats": {
        "insts": 50224685.0,
        "ipc": 0.476633,
        "cycles": 105373992.0,
        "reg-taints": 0.0,
        "mem-taints": 0.0,
        "xmit-taints": 8708437.0,
        "loads": 17989984.0,
        "load-rate": 0.3581900812319679,
        "stalls": 102226857694,
        "access-preds": 16183970,
        "access-misps": 35641,
        "access-misp-rate": 0.0022022408593194375
    }
}