{
    "simpoint": {
        "interval": 22377,
        "weight": 0.227606,
        "waypoints": [
            520541835962,
            520546619243,
            520570544851
        ],
        "name": "4"
    },
    "stats": {
        "insts": 55014011.0,
        "ipc": 1.021337,
        "cycles": 53864702.0,
        "reg-taints": 0.0,
        "mem-taints": 0.0,
        "xmit-taints": 1553678.0,
        "stalls": 23092216629,
        "access-preds": 10409015,
        "access-misps": 9956076,
        "access-misp-rate": 0.9564858922770311
    }
}