{
    "simpoint": {
        "interval": 242165,
        "weight": 0.00068814,
        "waypoints": [
            3006022118349,
            3006023067339,
            3006030888934
        ],
        "name": "3"
    },
    "stats": {
        "insts": 50000149.0,
        "ipc": 1.633883,
        "cycles": 30602045.0,
        "reg-taints": 0.0,
        "mem-taints": 0.0,
        "xmit-taints": 0.0,
        "loads": 3506196.0,
        "load-rate": 0.07012371103134113,
        "stalls": 1587690290,
        "access-preds": 1004485,
        "access-misps": 35809,
        "access-misp-rate": 0.03564911372494363
    }
}