{
    "weight": 1.00000017,
    "stats": {
        "insts": 64992977.308892496,
        "ipc": 0.6319853385312525,
        "cycles": 111611999.4893208,
        "reg-taints": 0.0,
        "mem-taints": 0.0,
        "xmit-taints": 2927328.2989539388,
        "stalls": 167229625072.92834,
        "access-preds": 7078771.562517613,
        "access-misps": 860848.9069241757,
        "access-misp-rate": 0.1267855294678345
    }
}