{
    "simpoint": {
        "interval": 9429,
        "weight": 0.225821,
        "waypoints": [
            120385726821,
            120388265858,
            120400929522
        ],
        "name": "6"
    },
    "stats": {
        "insts": 50000045.0,
        "ipc": 0.815989,
        "cycles": 61275359.0,
        "reg-taints": 0.0,
        "mem-taints": 0.0,
        "xmit-taints": 0.0,
        "loads": 17182909.0,
        "load-rate": 0.34365787070791637,
        "stalls": 53051091684,
        "access-preds": 20627460,
        "access-misps": 2346923,
        "access-misp-rate": 0.11377663561097683
    }
}