{
    "simpoint": {
        "interval": 3354,
        "weight": 0.00322998,
        "waypoints": [
            37944203998,
            37949002768,
            37964226551
        ],
        "name": "0"
    },
    "stats": {
        "insts": 50000034.0,
        "ipc": 0.345908,
        "cycles": 144547193.0,
        "reg-taints": 0.0,
        "mem-taints": 0.0,
        "xmit-taints": 0.0,
        "stalls": 360043923923,
        "access-preds": 8805717,
        "access-misps": 282789,
        "access-misp-rate": 0.03211425032169442
    }
}