{
    "simpoint": {
        "interval": 488,
        "weight": 0.13597,
        "waypoints": [
            7591987319,
            7595096608,
            7610804611
        ],
        "name": "0"
    },
    "stats": {
        "insts": 60343130.0,
        "ipc": 1.288126,
        "cycles": 46845682.0,
        "reg-taints": 0.0,
        "mem-taints": 0.0,
        "xmit-taints": 2532471.0,
        "loads": 15245343.0,
        "load-rate": 0.2526442198142523,
        "stalls": 16287983783,
        "access-preds": 3599910,
        "access-misps": 122556,
        "access-misp-rate": 0.03404418443794428
    }
}