{
    "weight": 1.00000036,
    "stats": {
        "cycles": 52395587.48085732,
        "reg-taints": 0.0,
        "loads": 17278719.813662164,
        "access-preds": 6692634.406442613,
        "access-misps": 6005396.909727851,
        "insts": 50397088.759241164,
        "xmit-taints": 1386856.6160507582,
        "load-rate": 0.3428988230681066,
        "ipc": 0.9668352958841734,
        "access-misp-rate": 0.856741704014051,
        "stalls": 76202052044.9571,
        "mem-taints": 0.0
    }
}