{
    "simpoint": {
        "interval": 32,
        "weight": 0.0996584,
        "waypoints": [
            689975628,
            695855026,
            725251708
        ],
        "name": "0"
    },
    "stats": {
        "insts": 50022586.0,
        "ipc": 2.672091,
        "cycles": 18720391.0,
        "reg-taints": 0.0,
        "mem-taints": 0.0,
        "xmit-taints": 0.0,
        "stalls": 1292155977,
        "access-preds": 107672,
        "access-misps": 107656,
        "access-misp-rate": 0.9998514005498179
    }
}