{
    "weight": 0.9999989000000001,
    "stats": {
        "cycles": 33875575.825356506,
        "ipc": 1.477135351002286,
        "insts": 50000033.21214053,
        "loads": 12481002.800318481,
        "access-preds": 14982818.48984984,
        "access-misps": 14765979.096972706,
        "load-rate": 0.2496198898568978,
        "mem-taints": 0.0,
        "access-misp-rate": 0.9855250611052216,
        "xmit-taints": 0.0,
        "reg-taints": 0.0,
        "stalls": 2962154948.9544563
    }
}