{
    "weight": 0.99999944,
    "stats": {
        "loads": 19263455.919108927,
        "access-preds": 3882504.8325880063,
        "reg-taints": 0.0,
        "access-misps": 3424176.9149623327,
        "insts": 50572748.08622156,
        "stalls": 24944922692.929817,
        "cycles": 35873115.1654366,
        "ipc": 1.4747140056016432,
        "access-misp-rate": 0.8560026409561028,
        "mem-taints": 0.0,
        "load-rate": 0.38101141928632215,
        "xmit-taints": 28912.868716366476
    }
}