{
    "simpoint": {
        "interval": 43791,
        "weight": 0.226075,
        "waypoints": [
            68311094028,
            68311427409,
            68313052510
        ],
        "name": "3"
    },
    "stats": {
        "insts": 50000284.0,
        "ipc": 0.515798,
        "cycles": 96937734.0,
        "pub-annot-reg-rate": NaN,
        "pub-annot-load-rate": NaN,
        "pub-annot-load-count": 0.0,
        "annot-load-count": 0.0,
        "prot-regs": 102933599.0,
        "unprot-regs": 29622198.0,
        "stalls": 0,
        "access-preds": 0,
        "access-misps": 0,
        "access-misp-rate": 0,
        "unprot-regs-inst": 0.5924405949374207,
        "unprot-regs-rate": 0.22346965331135235
    }
}