{
    "simpoint": {
        "interval": 6337,
        "weight": 0.0160066,
        "waypoints": [
            143980617389,
            143984953023,
            144006443864
        ],
        "name": "1"
    },
    "stats": {
        "insts": 54380195.0,
        "ipc": 0.943052,
        "cycles": 57664053.0,
        "reg-taints": 0.0,
        "mem-taints": 0.0,
        "xmit-taints": 2281191.0,
        "loads": 13749991.0,
        "load-rate": 0.2528492404265928,
        "stalls": 13733354740,
        "access-preds": 8636360,
        "access-misps": 8149551,
        "access-misp-rate": 0.9436326183716288
    }
}