{
    "simpoint": {
        "interval": 1702,
        "weight": 0.11988,
        "waypoints": [
            19943467626,
            19945786483,
            19954634761
        ],
        "name": "2"
    },
    "stats": {
        "insts": 50000126.0,
        "ipc": 1.722439,
        "cycles": 29028680.0,
        "reg-taints": 0.0,
        "mem-taints": 0.0,
        "xmit-taints": 0.0,
        "loads": 11038657.0,
        "load-rate": 0.2207725836530892,
        "stalls": 26240499760,
        "access-preds": 12976967,
        "access-misps": 2411660,
        "access-misp-rate": 0.1858415760786014
    }
}