{
    "simpoint": {
        "interval": 59710,
        "weight": 0.130334,
        "waypoints": [
            1023881862660,
            1023884787955,
            1023900323014
        ],
        "name": "5"
    },
    "stats": {
        "insts": 50000048.0,
        "ipc": 0.987444,
        "cycles": 50635847.0,
        "reg-taints": 0.0,
        "mem-taints": 0.0,
        "xmit-taints": 0.0,
        "stalls": 5771400119,
        "access-preds": 15126635,
        "access-misps": 13851665,
        "access-misp-rate": 0.9157135741028987
    }
}