{
    "simpoint": {
        "interval": 11980,
        "weight": 0.055951,
        "waypoints": [
            170259628107,
            170266642461,
            170300372194
        ],
        "name": "1"
    },
    "stats": {
        "insts": 51003220.0,
        "ipc": 0.64361,
        "cycles": 79245527.0,
        "reg-taints": 0.0,
        "mem-taints": 0.0,
        "xmit-taints": 2724701.0,
        "stalls": 412836867482,
        "access-preds": 1877367,
        "access-misps": 1136,
        "access-misp-rate": 0.000605102784910995
    }
}