{
    "simpoint": {
        "interval": 32437,
        "weight": 0.0757771,
        "waypoints": [
            456178692713,
            456182062923,
            456198943119
        ],
        "name": "6"
    },
    "stats": {
        "insts": 62137172.0,
        "ipc": 0.596063,
        "cycles": 104245999.0,
        "reg-taints": 0.0,
        "mem-taints": 0.0,
        "xmit-taints": 3985347.0,
        "stalls": 3475071726,
        "access-preds": 7659816,
        "access-misps": 473527,
        "access-misp-rate": 0.061819631176519126
    }
}