{
    "weight": 0.9999996,
    "stats": {
        "ipc": 1.0886137500665,
        "xmit-taints": 1551604.0084636034,
        "access-preds": 9772375.782100512,
        "loads": 18791840.59384814,
        "insts": 50187721.186029784,
        "reg-taints": 0.0,
        "mem-taints": 0.0,
        "load-rate": 0.3747648946890921,
        "cycles": 46463624.44591008,
        "access-misps": 8832665.47208999,
        "access-misp-rate": 0.9055114966101911,
        "stalls": 83774709919.13364
    }
}