{
    "weight": 0.9999996,
    "stats": {
        "loads": 18787217.972596686,
        "access-preds": 22262623.813343827,
        "access-misps": 344262.74197479675,
        "xmit-taints": 0.0,
        "reg-taints": 0.0,
        "stalls": 2304308320.7608676,
        "mem-taints": 0.0,
        "load-rate": 0.37570985577325394,
        "access-misp-rate": 0.014867353222920371,
        "insts": 50003383.71528528,
        "ipc": 2.0032869010784604,
        "cycles": 25079628.76399191
    }
}