{
    "simpoint": {
        "interval": 3990,
        "weight": 0.00806453,
        "waypoints": [
            37060195131,
            37063528475,
            37080195223
        ],
        "name": "8"
    },
    "stats": {
        "insts": 50000206.0,
        "ipc": 0.790017,
        "cycles": 63290007.0,
        "reg-taints": 0.0,
        "mem-taints": 0.0,
        "xmit-taints": 102.0,
        "stalls": 4090900,
        "access-preds": 274,
        "access-misps": 186,
        "access-misp-rate": 0.6788321167883211
    }
}