{
    "simpoint": {
        "interval": 14657,
        "weight": 0.0281822,
        "waypoints": [
            117358724121,
            117360455473,
            117369890398
        ],
        "name": "4"
    },
    "stats": {
        "insts": 50000024.0,
        "ipc": 1.180537,
        "cycles": 42353622.0,
        "reg-taints": 0.0,
        "mem-taints": 0.0,
        "xmit-taints": 0.0,
        "stalls": 3091959759,
        "access-preds": 16642256,
        "access-misps": 241141,
        "access-misp-rate": 0.014489682168090672
    }
}