{
    "weight": 0.9999993,
    "stats": {
        "insts": 54007796.87224121,
        "ipc": 1.374055404390083,
        "cycles": 40151365.94965036,
        "reg-taints": 0.0,
        "mem-taints": 0.0,
        "xmit-taints": 1564130.54251888,
        "stalls": 57702673704.27296,
        "access-preds": 5912968.387298171,
        "access-misps": 224057.13454219417,
        "access-misp-rate": 0.036634513892430984
    }
}