{
    "simpoint": {
        "interval": 26494,
        "weight": 0.14016,
        "waypoints": [
            411545962080,
            411548965384,
            411564070365
        ],
        "name": "5"
    },
    "stats": {
        "insts": 50000047.0,
        "ipc": 1.097809,
        "cycles": 45545288.0,
        "pub-annot-reg-rate": NaN,
        "pub-annot-load-rate": NaN,
        "pub-annot-load-count": 0.0,
        "annot-load-count": 0.0,
        "prot-regs": 93300291.0,
        "unprot-regs": 40623273.0,
        "loads": 12694390.0,
        "load-rate": 0.25388756134569235,
        "stalls": 31585346500,
        "access-preds": 0,
        "access-misps": 0,
        "access-misp-rate": 0,
        "unprot-regs-inst": 0.8124646962831855,
        "unprot-regs-rate": 0.3033317796112415
    }
}