{
    "simpoint": {
        "interval": 22721,
        "weight": 0.144018,
        "waypoints": [
            288696368461,
            288698887821,
            288711572167
        ],
        "name": "8"
    },
    "stats": {
        "insts": 50000016.0,
        "ipc": 0.811914,
        "cycles": 61582906.0,
        "reg-taints": 0.0,
        "mem-taints": 0.0,
        "xmit-taints": 0.0,
        "loads": 17228674.0,
        "load-rate": 0.3445733697365217,
        "stalls": 49422791640,
        "access-preds": 20660874,
        "access-misps": 18151390,
        "access-misp-rate": 0.8785393105828921
    }
}