{
    "simpoint": {
        "interval": 813,
        "weight": 0.132794,
        "waypoints": [
            6815664798,
            6817274867,
            6824817495
        ],
        "name": "0"
    },
    "stats": {
        "insts": 50000038.0,
        "ipc": 1.1645,
        "cycles": 42936921.0,
        "pub-annot-reg-rate": NaN,
        "pub-annot-load-rate": NaN,
        "pub-annot-load-count": 0.0,
        "annot-load-count": 0.0,
        "prot-regs": 50830250.0,
        "unprot-regs": 50638902.0,
        "loads": 12365460.0,
        "load-rate": 0.24730901204515085,
        "stalls": 18227041000,
        "access-preds": 0,
        "access-misps": 0,
        "access-misp-rate": 0,
        "unprot-regs-inst": 1.0127772702892746,
        "unprot-regs-rate": 0.49905711245127976
    }
}