{
    "simpoint": {
        "interval": 27452,
        "weight": 0.552881,
        "waypoints": [
            383460646705,
            383463099037,
            383474848480
        ],
        "name": "3"
    },
    "stats": {
        "insts": 53112301.0,
        "ipc": 0.848972,
        "cycles": 62560719.0,
        "reg-taints": 0.0,
        "mem-taints": 0.0,
        "xmit-taints": 2602980.0,
        "loads": 17823017.0,
        "load-rate": 0.33557229990845244,
        "stalls": 45158053830,
        "access-preds": 16228899,
        "access-misps": 931439,
        "access-misp-rate": 0.05739385031603191
    }
}