{
    "weight": 1.0000005280000002,
    "stats": {
        "insts": 52842559.021483056,
        "ipc": 1.6948550245686465,
        "cycles": 31227016.669498548,
        "reg-taints": 0.0,
        "mem-taints": 0.0,
        "xmit-taints": 299570.2137343391,
        "stalls": 131464136152.09303
    }
}