{
    "simpoint": {
        "interval": 1702,
        "weight": 0.11988,
        "waypoints": [
            19943467626,
            19945786483,
            19954634761
        ],
        "name": "2"
    },
    "stats": {
        "insts": 50000123.0,
        "ipc": 1.668435,
        "cycles": 29968279.0,
        "reg-taints": 0.0,
        "mem-taints": 0.0,
        "xmit-taints": 0.0,
        "loads": 11038657.0,
        "load-rate": 0.22077259689941162,
        "stalls": 31478753594,
        "access-preds": 12976967,
        "access-misps": 1694723,
        "access-misp-rate": 0.13059469134814014
    }
}