{
    "simpoint": {
        "interval": 23638,
        "weight": 0.106128,
        "waypoints": [
            36605018398,
            36605339627,
            36606979516
        ],
        "name": "2"
    },
    "stats": {
        "insts": 50663571.0,
        "ipc": 0.581309,
        "cycles": 87154346.0,
        "reg-taints": 0.0,
        "mem-taints": 0.0,
        "xmit-taints": 2300913.0,
        "stalls": 140661183101,
        "access-preds": 2810752,
        "access-misps": 207049,
        "access-misp-rate": 0.07366320472243727
    }
}