{
    "simpoint": {
        "interval": 31800,
        "weight": 0.243177,
        "waypoints": [
            744597648512,
            744602414654,
            744626229552
        ],
        "name": "6"
    },
    "stats": {
        "insts": 64053490.0,
        "ipc": 1.213635,
        "cycles": 52778221.0,
        "reg-taints": 0.0,
        "mem-taints": 0.0,
        "xmit-taints": 1862907.0,
        "loads": 18142865.0,
        "load-rate": 0.28324553431827054,
        "stalls": 5876034180,
        "access-preds": 6058890,
        "access-misps": 343221,
        "access-misp-rate": 0.05664750474096741
    }
}