{
    "simpoint": {
        "interval": 668,
        "weight": 0.0957473,
        "waypoints": [
            15211472340,
            15216035563,
            15238938714
        ],
        "name": "0"
    },
    "stats": {
        "insts": 50000047.0,
        "ipc": 0.631921,
        "cycles": 79123923.0,
        "pub-annot-reg-rate": NaN,
        "pub-annot-load-rate": NaN,
        "pub-annot-load-count": 0.0,
        "annot-load-count": 0.0,
        "prot-regs": 92728373.0,
        "unprot-regs": 43862855.0,
        "loads": 13839263.0,
        "load-rate": 0.27678499982210014,
        "stalls": 88577514500,
        "access-preds": 0,
        "access-misps": 0,
        "access-misp-rate": 0,
        "unprot-regs-inst": 0.8772562753791011,
        "unprot-regs-rate": 0.321124977366775
    }
}