{
    "simpoint": {
        "interval": 1702,
        "weight": 0.11988,
        "waypoints": [
            19943467240,
            19945786097,
            19954634375
        ],
        "name": "2"
    },
    "stats": {
        "insts": 50000128.0,
        "ipc": 1.845375,
        "cycles": 27094829.0,
        "reg-taints": 0.0,
        "mem-taints": 0.0,
        "xmit-taints": 0.0,
        "stalls": 6536716292,
        "access-preds": 12976967,
        "access-misps": 283537,
        "access-misp-rate": 0.02184925029091929
    }
}