{
    "simpoint": {
        "interval": 1702,
        "weight": 0.11988,
        "waypoints": [
            19943467626,
            19945786483,
            19954634761
        ],
        "name": "2"
    },
    "stats": {
        "insts": 50000127.0,
        "ipc": 0.461548,
        "cycles": 108331438.0,
        "pub-annot-reg-rate": NaN,
        "pub-annot-load-rate": NaN,
        "pub-annot-load-count": 0.0,
        "annot-load-count": 0.0,
        "prot-regs": 110869065.0,
        "unprot-regs": 14066834.0,
        "loads": 11038657.0,
        "load-rate": 0.22077257923764873,
        "stalls": 754806115000,
        "access-preds": 0,
        "access-misps": 0,
        "access-misp-rate": 0,
        "unprot-regs-inst": 0.28133596540664785,
        "unprot-regs-rate": 0.11259241028873535
    }
}