{
    "simpoint": {
        "interval": 12960,
        "weight": 0.306268,
        "waypoints": [
            165090540848,
            165093065340,
            165105724398
        ],
        "name": "7"
    },
    "stats": {
        "insts": 50000019.0,
        "ipc": 0.881429,
        "cycles": 56726087.0,
        "reg-taints": 0.0,
        "mem-taints": 0.0,
        "xmit-taints": 0.0,
        "loads": 17184834.0,
        "load-rate": 0.34369654939531125,
        "stalls": 31320991615,
        "access-preds": 20614472,
        "access-misps": 1772993,
        "access-misp-rate": 0.08600719921422192
    }
}