{
    "simpoint": {
        "interval": 10502,
        "weight": 0.0649377,
        "waypoints": [
            151694479111,
            151698258727,
            151719374333
        ],
        "name": "3"
    },
    "stats": {
        "insts": 52969831.0,
        "ipc": 1.434072,
        "cycles": 36936652.0,
        "reg-taints": 0.0,
        "mem-taints": 0.0,
        "xmit-taints": 10961737.0,
        "loads": 13162073.0,
        "load-rate": 0.24848244277011192,
        "stalls": 17080902043,
        "access-preds": 4768825,
        "access-misps": 758157,
        "access-misp-rate": 0.15898192951093823
    }
}