{
    "simpoint": {
        "interval": 32052,
        "weight": 0.019445,
        "waypoints": [
            129462857046,
            129463771753,
            129468123689
        ],
        "name": "2"
    },
    "stats": {
        "insts": 50000110.0,
        "ipc": 0.39564,
        "cycles": 126377716.0,
        "reg-taints": 0.0,
        "mem-taints": 0.0,
        "xmit-taints": 18265895.0,
        "loads": 30495865.0,
        "load-rate": 0.609915958184892,
        "stalls": 3009477708224,
        "access-preds": 456527,
        "access-misps": 447458,
        "access-misp-rate": 0.9801348003513484
    }
}