{
    "simpoint": {
        "interval": 27452,
        "weight": 0.552881,
        "waypoints": [
            383460646705,
            383463099037,
            383474848480
        ],
        "name": "3"
    },
    "stats": {
        "insts": 50000016.0,
        "ipc": 0.863747,
        "cycles": 57887322.0,
        "reg-taints": 0.0,
        "mem-taints": 0.0,
        "xmit-taints": 694.0,
        "stalls": 126371485919,
        "access-preds": 21378430,
        "access-misps": 17619886,
        "access-misp-rate": 0.8241898960774949
    }
}