{
    "simpoint": {
        "interval": 43679,
        "weight": 0.0669796,
        "waypoints": [
            632458534034,
            632463526372,
            632488473628
        ],
        "name": "8"
    },
    "stats": {
        "insts": 52965915.0,
        "ipc": 0.956787,
        "cycles": 55358116.0,
        "loads": 21917160.0,
        "load-rate": 0.4137974393532142,
        "stalls": 0,
        "access-preds": 0,
        "access-misps": 0,
        "access-misp-rate": 0
    }
}