{
    "simpoint": {
        "interval": 52123,
        "weight": 0.310505,
        "waypoints": [
            82623633671,
            82623983873,
            82625784597
        ],
        "name": "4"
    },
    "stats": {
        "insts": 50000086.0,
        "ipc": 1.09745,
        "cycles": 45560222.0,
        "reg-taints": 0.0,
        "mem-taints": 0.0,
        "xmit-taints": 0.0,
        "stalls": 53431808,
        "access-preds": 14963877,
        "access-misps": 314923,
        "access-misp-rate": 0.021045548556700915
    }
}