{
    "simpoint": {
        "interval": 11028,
        "weight": 0.0924349,
        "waypoints": [
            163696265851,
            163700534678,
            163719009045
        ],
        "name": "4"
    },
    "stats": {
        "insts": 50008765.0,
        "ipc": 0.482891,
        "cycles": 103561149.0,
        "reg-taints": 0.0,
        "mem-taints": 0.0,
        "xmit-taints": 23490435.0,
        "loads": 13973775.0,
        "load-rate": 0.279426516531652,
        "stalls": 523634596628,
        "access-preds": 2198225,
        "access-misps": 208474,
        "access-misp-rate": 0.09483742565024053
    }
}