{
    "weight": 1.0000000999999998,
    "stats": {
        "access-misps": 352852.29451877065,
        "mem-taints": 0.0,
        "access-preds": 5989364.4649306545,
        "stalls": 25229769432.50437,
        "ipc": 0.8630433253017676,
        "reg-taints": 0.0,
        "access-misp-rate": 0.05901737635228611,
        "xmit-taints": 3093317.953340705,
        "loads": 18162355.34120837,
        "cycles": 74488790.68072793,
        "insts": 64194071.45437356,
        "load-rate": 0.282897128591899
    }
}