{
    "simpoint": {
        "interval": 144622,
        "weight": 0.238082,
        "waypoints": [
            1993201662615,
            1993204851774,
            1993220673252
        ],
        "name": "3"
    },
    "stats": {
        "insts": 50000057.0,
        "ipc": 1.377763,
        "cycles": 36290758.0,
        "reg-taints": 0.0,
        "mem-taints": 0.0,
        "xmit-taints": 0.0,
        "loads": 16987237.0,
        "load-rate": 0.33974435269143793,
        "stalls": 64506424989,
        "access-preds": 20392270,
        "access-misps": 15896962,
        "access-misp-rate": 0.7795582345663332
    }
}