{
    "simpoint": {
        "interval": 4298,
        "weight": 0.0964486,
        "waypoints": [
            55308100573,
            55310652512,
            55323358455
        ],
        "name": "4"
    },
    "stats": {
        "insts": 54739684.0,
        "ipc": 0.777633,
        "cycles": 70392674.0,
        "reg-taints": 0.0,
        "mem-taints": 0.0,
        "xmit-taints": 3437039.0,
        "loads": 17777789.0,
        "load-rate": 0.3247696680163517,
        "stalls": 105877672111,
        "access-preds": 13008983,
        "access-misps": 2030556,
        "access-misp-rate": 0.1560887580528009
    }
}