{
    "simpoint": {
        "interval": 505610,
        "weight": 0.110571,
        "waypoints": [
            866374915454,
            866375079983,
            866377132915
        ],
        "name": "7"
    },
    "stats": {
        "insts": 50005220.0,
        "ipc": 0.935164,
        "cycles": 53472124.0,
        "reg-taints": 0.0,
        "mem-taints": 0.0,
        "xmit-taints": 0.0,
        "loads": 14895932.0,
        "load-rate": 0.29788754054076755,
        "stalls": 195393723027,
        "access-preds": 18192860,
        "access-misps": 14321034,
        "access-misp-rate": 0.7871788163048581
    }
}