{
    "simpoint": {
        "interval": 1702,
        "weight": 0.11988,
        "waypoints": [
            19943467240,
            19945786097,
            19954634375
        ],
        "name": "2"
    },
    "stats": {
        "insts": 51880209.0,
        "ipc": 1.41023,
        "cycles": 36788461.0,
        "reg-taints": 0.0,
        "mem-taints": 0.0,
        "xmit-taints": 627430.0,
        "loads": 11375811.0,
        "load-rate": 0.2192707242177841,
        "stalls": 39789284985,
        "access-preds": 1212116,
        "access-misps": 1126480,
        "access-misp-rate": 0.9293499962049837
    }
}