{
    "simpoint": {
        "interval": 22068,
        "weight": 0.209001,
        "waypoints": [
            414029159328,
            414034740793,
            414055662685
        ],
        "name": "6"
    },
    "stats": {
        "insts": 49999104.0,
        "ipc": 0.419926,
        "cycles": 119066511.0,
        "reg-taints": 0.0,
        "mem-taints": 0.0,
        "xmit-taints": 27650989.0,
        "stalls": 23179615209,
        "access-preds": 1549561,
        "access-misps": 1208689,
        "access-misp-rate": 0.7800202767106297
    }
}