{
    "weight": 0.99999944,
    "stats": {
        "reg-taints": 0.0,
        "access-misps": 545948.2882261915,
        "access-preds": 660794.3030134297,
        "insts": 50021604.53593718,
        "stalls": 2477317978409.428,
        "load-rate": 0.38254555831797893,
        "access-misp-rate": 0.5643164850544868,
        "mem-taints": 0.0,
        "ipc": 0.45069122974834863,
        "xmit-taints": 7691347.996120636,
        "cycles": 116295224.05008754,
        "loads": 19131302.346720137
    }
}