{
    "weight": 1.0000000999999998,
    "stats": {
        "access-preds": 0.0,
        "access-misp-rate": 0.0,
        "access-misps": 0.0,
        "stalls": 0.0,
        "cycles": 47525542.65525554,
        "insts": 50000040.164107785,
        "load-rate": 0.286070296999416,
        "ipc": 1.052974251810975,
        "loads": 14303526.264918676
    }
}