{
    "simpoint": {
        "interval": 30732,
        "weight": 0.00641799,
        "waypoints": [
            435290893537,
            435295434266,
            435318174421
        ],
        "name": "5"
    },
    "stats": {
        "insts": 53116464.0,
        "ipc": 0.120789,
        "cycles": 439747404.0,
        "reg-taints": 0.0,
        "mem-taints": 0.0,
        "xmit-taints": 1289734.0,
        "stalls": 835346849954,
        "access-preds": 7484400,
        "access-misps": 3741707,
        "access-misp-rate": 0.49993412965635187
    }
}