{
    "simpoint": {
        "interval": 23485,
        "weight": 0.196342,
        "waypoints": [
            446431669982,
            446437281494,
            446460005165
        ],
        "name": "7"
    },
    "stats": {
        "insts": 53143069.0,
        "ipc": 0.832049,
        "cycles": 63870106.0,
        "reg-taints": 0.0,
        "mem-taints": 0.0,
        "xmit-taints": 11826512.0,
        "loads": 15282435.0,
        "load-rate": 0.28757155519189154,
        "stalls": 15148618296,
        "access-preds": 6046616,
        "access-misps": 3318277,
        "access-misp-rate": 0.5487824925545132
    }
}