{
    "simpoint": {
        "interval": 22480,
        "weight": 0.0592294,
        "waypoints": [
            351078840256,
            351081724897,
            351096183670
        ],
        "name": "4"
    },
    "stats": {
        "insts": 59118441.0,
        "ipc": 1.410303,
        "cycles": 41918979.0,
        "reg-taints": 0.0,
        "mem-taints": 0.0,
        "xmit-taints": 2509858.0,
        "loads": 15528465.0,
        "load-rate": 0.2626670246598688,
        "stalls": 14495702025,
        "access-preds": 3909614,
        "access-misps": 298741,
        "access-misp-rate": 0.07641189130180115
    }
}