{
    "simpoint": {
        "interval": 2681,
        "weight": 0.0726879,
        "waypoints": [
            34494281937,
            34496868891,
            34509849195
        ],
        "name": "3"
    },
    "stats": {
        "insts": 50000068.0,
        "ipc": 0.975518,
        "cycles": 51254870.0,
        "loads": 17164907.0,
        "load-rate": 0.34329767311516457,
        "stalls": 0,
        "access-preds": 0,
        "access-misps": 0,
        "access-misp-rate": 0
    }
}