{
    "simpoint": {
        "interval": 43791,
        "weight": 0.226075,
        "waypoints": [
            68311095938,
            68311429319,
            68313054420
        ],
        "name": "3"
    },
    "stats": {
        "insts": 50000284.0,
        "ipc": 0.452745,
        "cycles": 110438050.0,
        "pub-annot-reg-rate": NaN,
        "pub-annot-load-rate": NaN,
        "pub-annot-load-count": 0.0,
        "annot-load-count": 0.0,
        "prot-regs": 102932864.0,
        "unprot-regs": 29622933.0,
        "loads": 12017173.0,
        "load-rate": 0.24034209485690122,
        "stalls": 138869031000,
        "access-preds": 0,
        "access-misps": 0,
        "access-misp-rate": 0,
        "unprot-regs-inst": 0.5924552948539252,
        "unprot-regs-rate": 0.22347519814618141
    }
}