{
    "simpoint": {
        "interval": 22480,
        "weight": 0.0592294,
        "waypoints": [
            351078846394,
            351081731035,
            351096189808
        ],
        "name": "4"
    },
    "stats": {
        "insts": 50085489.0,
        "ipc": 0.451843,
        "cycles": 110847223.0,
        "reg-taints": 0.0,
        "mem-taints": 0.0,
        "xmit-taints": 17646307.0,
        "loads": 12988216.0,
        "load-rate": 0.2593209382462054,
        "stalls": 559136942409,
        "access-preds": 1147433,
        "access-misps": 994053,
        "access-misp-rate": 0.8663277071515286
    }
}