{
    "simpoint": {
        "interval": 41440,
        "weight": 0.14246,
        "waypoints": [
            644894324154,
            644897490433,
            644913410359
        ],
        "name": "7"
    },
    "stats": {
        "insts": 50000038.0,
        "ipc": 1.459708,
        "cycles": 34253458.0,
        "reg-taints": 0.0,
        "mem-taints": 0.0,
        "xmit-taints": 0.0,
        "stalls": 4025294935,
        "access-preds": 14818740,
        "access-misps": 500070,
        "access-misp-rate": 0.033745784054514755
    }
}