{
    "weight": 0.9999989000000001,
    "stats": {
        "load-rate": 0.254691760622867,
        "mem-taints": 0.0,
        "insts": 59904131.78459665,
        "xmit-taints": 2501419.0979782073,
        "access-misps": 0.0,
        "cycles": 47793714.901076995,
        "access-preds": 0.0,
        "loads": 15256051.51197436,
        "stalls": 26500778293.29287,
        "ipc": 1.254358193873613,
        "reg-taints": 0.0,
        "access-misp-rate": 0.0
    }
}