{
    "weight": 0.9999993,
    "stats": {
        "insts": 54007796.68308268,
        "ipc": 1.596498219625054,
        "cycles": 34858148.95411316,
        "reg-taints": 0.0,
        "mem-taints": 0.0,
        "xmit-taints": 1564130.54251888,
        "stalls": 17587305418.959614,
        "access-preds": 5912968.387298171,
        "access-misps": 4912656.914979639,
        "access-misp-rate": 0.8302196850050187
    }
}