{
    "simpoint": {
        "interval": 30732,
        "weight": 0.00641799,
        "waypoints": [
            435290893537,
            435295434266,
            435318174421
        ],
        "name": "5"
    },
    "stats": {
        "insts": 50000045.0,
        "ipc": 0.113534,
        "cycles": 440397291.0,
        "loads": 19862780.0,
        "load-rate": 0.39725524247028177,
        "stalls": 0,
        "access-preds": 0,
        "access-misps": 0,
        "access-misp-rate": 0
    }
}