{
    "simpoint": {
        "interval": 8330,
        "weight": 0.00348875,
        "waypoints": [
            102257056404,
            102260422375,
            102278759114
        ],
        "name": "2"
    },
    "stats": {
        "insts": 50000016.0,
        "ipc": 1.066693,
        "cycles": 46873879.0,
        "pub-annot-reg-rate": NaN,
        "pub-annot-load-rate": NaN,
        "pub-annot-load-count": 0.0,
        "annot-load-count": 0.0,
        "prot-regs": 68402770.0,
        "unprot-regs": 65001372.0,
        "loads": 12833841.0,
        "load-rate": 0.25667673786344386,
        "stalls": 78083474000,
        "access-preds": 0,
        "access-misps": 0,
        "access-misp-rate": 0,
        "unprot-regs-inst": 1.3000270239913523,
        "unprot-regs-rate": 0.4872515277674062
    }
}