{
    "simpoint": {
        "interval": 77284,
        "weight": 0.168161,
        "waypoints": [
            126611404721,
            126611774514,
            126613691663
        ],
        "name": "6"
    },
    "stats": {
        "insts": 49987149.0,
        "ipc": 0.930805,
        "cycles": 53703157.0,
        "reg-taints": 0.0,
        "mem-taints": 0.0,
        "xmit-taints": 3022217.0,
        "stalls": 1811531643,
        "access-preds": 6341148,
        "access-misps": 353194,
        "access-misp-rate": 0.0556987472930769
    }
}