{
    "simpoint": {
        "interval": 43679,
        "weight": 0.0669796,
        "waypoints": [
            632458534034,
            632463526372,
            632488473628
        ],
        "name": "8"
    },
    "stats": {
        "insts": 50000769.0,
        "ipc": 0.260153,
        "cycles": 192197320.0,
        "reg-taints": 0.0,
        "mem-taints": 0.0,
        "xmit-taints": 27944.0,
        "loads": 21916974.0,
        "load-rate": 0.43833273844248277,
        "stalls": 123720737321,
        "access-preds": 18845123,
        "access-misps": 3718051,
        "access-misp-rate": 0.19729513041650087
    }
}