{
    "weight": 0.9999993,
    "stats": {
        "loads": 12728770.831748381,
        "load-rate": 0.2545752351343321,
        "access-misp-rate": 0.0,
        "insts": 50000035.82371977,
        "access-preds": 0.0,
        "stalls": 0.0,
        "access-misps": 0.0,
        "cycles": 43665183.12762379,
        "ipc": 1.1645755066888543
    }
}