{
    "simpoint": {
        "interval": 31800,
        "weight": 0.243177,
        "waypoints": [
            744597648512,
            744602414654,
            744626229552
        ],
        "name": "6"
    },
    "stats": {
        "insts": 64053490.0,
        "ipc": 0.893324,
        "cycles": 71702380.0,
        "reg-taints": 0.0,
        "mem-taints": 0.0,
        "xmit-taints": 1862907.0,
        "stalls": 48533615676,
        "access-preds": 6058890,
        "access-misps": 306577,
        "access-misp-rate": 0.05059953225755873
    }
}