{
    "simpoint": {
        "interval": 61474,
        "weight": 0.157277,
        "waypoints": [
            184391802437,
            184392289732,
            184394670641
        ],
        "name": "4"
    },
    "stats": {
        "insts": 50000089.0,
        "ipc": 1.295955,
        "cycles": 38581664.0,
        "reg-taints": 0.0,
        "mem-taints": 0.0,
        "xmit-taints": 0.0,
        "loads": 25157167.0,
        "load-rate": 0.503142444406449,
        "stalls": 2137104169,
        "access-preds": 30315585,
        "access-misps": 435971,
        "access-misp-rate": 0.01438108484464344
    }
}