{
    "simpoint": {
        "interval": 88958,
        "weight": 0.101931,
        "waypoints": [
            265265802323,
            265266959361,
            265272676723
        ],
        "name": "5"
    },
    "stats": {
        "insts": 50000186.0,
        "ipc": 1.212351,
        "cycles": 41242344.0,
        "reg-taints": 0.0,
        "mem-taints": 0.0,
        "xmit-taints": 0.0,
        "loads": 16941589.0,
        "load-rate": 0.3388305195504673,
        "stalls": 114210590822,
        "access-preds": 20435279,
        "access-misps": 15577289,
        "access-misp-rate": 0.762274349178203
    }
}