{
    "simpoint": {
        "interval": 22721,
        "weight": 0.144018,
        "waypoints": [
            288696368461,
            288698887821,
            288711572167
        ],
        "name": "8"
    },
    "stats": {
        "insts": 49975733.0,
        "ipc": 0.320386,
        "cycles": 155986009.0,
        "reg-taints": 0.0,
        "mem-taints": 0.0,
        "xmit-taints": 23999335.0,
        "stalls": 77034275050,
        "access-preds": 2781731,
        "access-misps": 2163223,
        "access-misp-rate": 0.777653554567282
    }
}