{
    "simpoint": {
        "interval": 8330,
        "weight": 0.00348875,
        "waypoints": [
            102257056404,
            102260422375,
            102278759114
        ],
        "name": "2"
    },
    "stats": {
        "insts": 50000015.0,
        "ipc": 1.637678,
        "cycles": 30531043.0,
        "reg-taints": 0.0,
        "mem-taints": 0.0,
        "xmit-taints": 0.0,
        "loads": 12833841.0,
        "load-rate": 0.2566767429969771,
        "stalls": 3425976499,
        "access-preds": 16079710,
        "access-misps": 905042,
        "access-misp-rate": 0.056284721552814075
    }
}