{
    "simpoint": {
        "interval": 4974,
        "weight": 0.0263685,
        "waypoints": [
            7237046426,
            7237187654,
            7237682934
        ],
        "name": "1"
    },
    "stats": {
        "insts": 50002546.0,
        "ipc": 1.568093,
        "cycles": 31887488.0,
        "reg-taints": 0.0,
        "mem-taints": 0.0,
        "xmit-taints": 0.0,
        "stalls": 26851727,
        "access-preds": 14666286,
        "access-misps": 1253,
        "access-misp-rate": 8.543403558337809e-05
    }
}