{
    "simpoint": {
        "interval": 23638,
        "weight": 0.106128,
        "waypoints": [
            36605018398,
            36605339627,
            36606979516
        ],
        "name": "2"
    },
    "stats": {
        "insts": 50663566.0,
        "ipc": 1.058754,
        "cycles": 47852048.0,
        "reg-taints": 0.0,
        "mem-taints": 0.0,
        "xmit-taints": 2300912.0,
        "loads": 12280160.0,
        "load-rate": 0.24238641235794575,
        "stalls": 4077098240,
        "access-preds": 2810752,
        "access-misps": 2384,
        "access-misp-rate": 0.0008481715925133203
    }
}