{
    "weight": 0.9999989000000001,
    "stats": {
        "insts": 59904131.407950245,
        "ipc": 1.3400514082277486,
        "cycles": 44747727.656166114,
        "reg-taints": 0.0,
        "mem-taints": 0.0,
        "xmit-taints": 2312791.94547974,
        "stalls": 18058614089.57231,
        "access-preds": 3669426.7331985063,
        "access-misps": 289958.70443567476,
        "access-misp-rate": 0.07911921739527325
    }
}