{
    "simpoint": {
        "interval": 3752,
        "weight": 0.0568152,
        "waypoints": [
            30278854373,
            30280437679,
            30288383754
        ],
        "name": "1"
    },
    "stats": {
        "insts": 50000048.0,
        "ipc": 1.925401,
        "cycles": 25968638.0,
        "reg-taints": 0.0,
        "mem-taints": 0.0,
        "xmit-taints": 0.0,
        "stalls": 358065753,
        "access-preds": 15085071,
        "access-misps": 74110,
        "access-misp-rate": 0.004912804188989233
    }
}