{
    "simpoint": {
        "interval": 36406,
        "weight": 0.0852617,
        "waypoints": [
            109470181405,
            109470340013,
            109471333535
        ],
        "name": "2"
    },
    "stats": {
        "insts": 50000201.0,
        "ipc": 1.185993,
        "cycles": 42158931.0,
        "reg-taints": 0.0,
        "mem-taints": 0.0,
        "xmit-taints": 0.0,
        "loads": 13468920.0,
        "load-rate": 0.26937731710318524,
        "stalls": 918051193,
        "access-preds": 16118426,
        "access-misps": 37626,
        "access-misp-rate": 0.0023343470386004194
    }
}