{
    "weight": 1.00000015,
    "stats": {
        "insts": 50045770.98188246,
        "ipc": 0.6779090513497924,
        "cycles": 76497661.59568508,
        "reg-taints": 0.0,
        "mem-taints": 0.0,
        "xmit-taints": 27991477.668558147,
        "stalls": 4961154120.506515,
        "access-preds": 1086619.8571922216,
        "access-misps": 871421.9613117058,
        "access-misp-rate": 0.8199757962384945
    }
}