{
    "simpoint": {
        "interval": 29069,
        "weight": 0.24349,
        "waypoints": [
            679799077298,
            679803832986,
            679827701512
        ],
        "name": "5"
    },
    "stats": {
        "insts": 50000025.0,
        "ipc": 0.972458,
        "cycles": 51416150.0,
        "pub-annot-reg-rate": NaN,
        "pub-annot-load-rate": NaN,
        "pub-annot-load-count": 0.0,
        "annot-load-count": 0.0,
        "prot-regs": 75852143.0,
        "unprot-regs": 53346139.0,
        "loads": 14457616.0,
        "load-rate": 0.2891521754239123,
        "stalls": 10234097000,
        "access-preds": 0,
        "access-misps": 0,
        "access-misp-rate": 0,
        "unprot-regs-inst": 1.0669222465388768,
        "unprot-regs-rate": 0.4129013031303311
    }
}