{
    "simpoint": {
        "interval": 14657,
        "weight": 0.0281822,
        "waypoints": [
            117358724121,
            117360455473,
            117369890398
        ],
        "name": "4"
    },
    "stats": {
        "insts": 54109805.0,
        "ipc": 0.922202,
        "cycles": 58674594.0,
        "reg-taints": 0.0,
        "mem-taints": 0.0,
        "xmit-taints": 1817750.0,
        "loads": 14624437.0,
        "load-rate": 0.27027332661797615,
        "stalls": 11606749131,
        "access-preds": 7949203,
        "access-misps": 826661,
        "access-misp-rate": 0.10399294117913456
    }
}