{
    "simpoint": {
        "interval": 5528,
        "weight": 0.0686679,
        "waypoints": [
            44468713015,
            44470464992,
            44479206863
        ],
        "name": "2"
    },
    "stats": {
        "insts": 54072574.0,
        "ipc": 1.024274,
        "cycles": 52791110.0,
        "reg-taints": 0.0,
        "mem-taints": 0.0,
        "xmit-taints": 1729795.0,
        "stalls": 45558126157,
        "access-preds": 7285775,
        "access-misps": 2014280,
        "access-misp-rate": 0.27646750002573506
    }
}