{
    "weight": 0.99999985,
    "stats": {
        "stalls": 155277914681.65714,
        "access-misp-rate": 0.49249736055032456,
        "load-rate": 0.30282100220756736,
        "access-preds": 5093185.118676668,
        "mem-taints": 0.0,
        "access-misps": 2487856.451726568,
        "loads": 15141099.922732586,
        "insts": 50000165.10857042,
        "cycles": 195969648.14896473,
        "xmit-taints": 1581.5839052375857,
        "reg-taints": 0.0,
        "ipc": 0.2723948978914847
    }
}