{
    "simpoint": {
        "interval": 2591,
        "weight": 0.116781,
        "waypoints": [
            3821921351,
            3822241817,
            3823665734
        ],
        "name": "0"
    },
    "stats": {
        "insts": 50000109.0,
        "ipc": 0.587675,
        "cycles": 85081276.0,
        "reg-taints": 0.0,
        "mem-taints": 0.0,
        "xmit-taints": 0.0,
        "stalls": 192199307378,
        "access-preds": 14360025,
        "access-misps": 2339773,
        "access-misp-rate": 0.16293655477619293
    }
}