{
    "weight": 1.0000000999999998,
    "stats": {
        "load-rate": 0.28607029112339644,
        "insts": 50000040.24753678,
        "cycles": 63945971.46422147,
        "stalls": 52542199362.48489,
        "xmit-taints": 0.0,
        "access-misps": 1242105.5891740413,
        "access-preds": 17148270.93470831,
        "reg-taints": 0.0,
        "loads": 14303526.004216002,
        "ipc": 0.782005111863089,
        "access-misp-rate": 0.07232852730315473,
        "mem-taints": 0.0
    }
}