{
    "simpoint": {
        "interval": 22746,
        "weight": 0.00254273,
        "waypoints": [
            289013098400,
            289015758930,
            289029029641
        ],
        "name": "9"
    },
    "stats": {
        "insts": 50000045.0,
        "ipc": 0.600787,
        "cycles": 83224219.0,
        "pub-annot-reg-rate": NaN,
        "pub-annot-load-rate": NaN,
        "pub-annot-load-count": 0.0,
        "annot-load-count": 0.0,
        "prot-regs": 87666414.0,
        "unprot-regs": 36783903.0,
        "loads": 11050881.0,
        "load-rate": 0.22101742108432101,
        "stalls": 221368715000,
        "access-preds": 0,
        "access-misps": 0,
        "access-misp-rate": 0,
        "unprot-regs-inst": 0.7356773978903419,
        "unprot-regs-rate": 0.2955709867737822
    }
}