{
    "simpoint": {
        "interval": 8330,
        "weight": 0.00348875,
        "waypoints": [
            102257062562,
            102260428533,
            102278767931
        ],
        "name": "2"
    },
    "stats": {
        "insts": 53100184.0,
        "ipc": 1.616362,
        "cycles": 32851660.0,
        "reg-taints": 0.0,
        "mem-taints": 0.0,
        "xmit-taints": 8345402.0,
        "stalls": 2342685954,
        "access-preds": 8208027,
        "access-misps": 527494,
        "access-misp-rate": 0.0642656268065395
    }
}