{
    "simpoint": {
        "interval": 2681,
        "weight": 0.0726879,
        "waypoints": [
            34494367413,
            34496954367,
            34509934671
        ],
        "name": "3"
    },
    "stats": {
        "insts": 50000068.0,
        "ipc": 0.788478,
        "cycles": 63413372.0,
        "reg-taints": 0.0,
        "mem-taints": 0.0,
        "xmit-taints": 0.0,
        "stalls": 54590014071,
        "access-preds": 20599255,
        "access-misps": 3471386,
        "access-misp-rate": 0.1685199780283316
    }
}