{
    "simpoint": {
        "interval": 1137,
        "weight": 0.0122339,
        "waypoints": [
            9780061725,
            9782244550,
            9789444800
        ],
        "name": "1"
    },
    "stats": {
        "insts": 54944417.0,
        "ipc": 1.684679,
        "cycles": 32614177.0,
        "reg-taints": 0.0,
        "mem-taints": 0.0,
        "xmit-taints": 1443136.0,
        "loads": 12903222.0,
        "load-rate": 0.23484136704917627,
        "stalls": 31305951656,
        "access-preds": 6832218,
        "access-misps": 45533,
        "access-misp-rate": 0.006664453622527853
    }
}