{
    "weight": 1.00000036,
    "stats": {
        "load-rate": 0.34507428719239386,
        "loads": 17263625.44491648,
        "access-preds": 4567433.77574674,
        "xmit-taints": 19040130.83557132,
        "insts": 50029463.76883422,
        "stalls": 2147905425345.3606,
        "access-misps": 46959.84285035657,
        "reg-taints": 0.0,
        "access-misp-rate": 0.018236045840858764,
        "mem-taints": 0.0,
        "cycles": 113905736.72104047,
        "ipc": 0.4567507818326984
    }
}