{
    "simpoint": {
        "interval": 370684,
        "weight": 0.0182343,
        "waypoints": [
            635609002492,
            635609498203,
            635612270450
        ],
        "name": "3"
    },
    "stats": {
        "insts": 50016071.0,
        "ipc": 0.878778,
        "cycles": 56915495.0,
        "reg-taints": 0.0,
        "mem-taints": 0.0,
        "xmit-taints": 2911109.0,
        "loads": 21359665.0,
        "load-rate": 0.42705603564902167,
        "stalls": 224644719958,
        "access-preds": 9737206,
        "access-misps": 8050240,
        "access-misp-rate": 0.8267505072810414
    }
}