{
    "weight": 0.99999997,
    "stats": {
        "insts": 50000134.31091044,
        "ipc": 1.9978129157056272,
        "cycles": 25097869.95140207,
        "reg-taints": 0.0,
        "mem-taints": 0.0,
        "xmit-taints": 0.0,
        "stalls": 4596020577.406499,
        "access-preds": 24770551.852515776,
        "access-misps": 805882.2940617888,
        "access-misp-rate": 0.030500926371918462
    }
}