{
    "simpoint": {
        "interval": 29806,
        "weight": 0.283652,
        "waypoints": [
            543529764312,
            543533131560,
            543549661026
        ],
        "name": "2"
    },
    "stats": {
        "insts": 50378808.0,
        "ipc": 0.907838,
        "cycles": 55493191.0,
        "reg-taints": 0.0,
        "mem-taints": 0.0,
        "xmit-taints": 1687732.0,
        "stalls": 14244779337,
        "access-preds": 7286582,
        "access-misps": 5845857,
        "access-misp-rate": 0.8022769797965631
    }
}