{
    "simpoint": {
        "interval": 22377,
        "weight": 0.227606,
        "waypoints": [
            520541835962,
            520546619243,
            520570544851
        ],
        "name": "4"
    },
    "stats": {
        "insts": 50032088.0,
        "ipc": 0.350729,
        "cycles": 142651830.0,
        "reg-taints": 0.0,
        "mem-taints": 0.0,
        "xmit-taints": 21577807.0,
        "loads": 14644683.0,
        "load-rate": 0.2927058131173738,
        "stalls": 480229374637,
        "access-preds": 1897100,
        "access-misps": 1758055,
        "access-misp-rate": 0.9267065521058457
    }
}