{
    "simpoint": {
        "interval": 3354,
        "weight": 0.00322998,
        "waypoints": [
            37944203998,
            37949002768,
            37964226551
        ],
        "name": "0"
    },
    "stats": {
        "insts": 50000032.0,
        "ipc": 0.346811,
        "cycles": 144170830.0,
        "reg-taints": 0.0,
        "mem-taints": 0.0,
        "xmit-taints": 0.0,
        "stalls": 359885929201,
        "access-preds": 8805717,
        "access-misps": 282294,
        "access-misp-rate": 0.03205803684129299
    }
}