{
    "weight": 0.9999993,
    "stats": {
        "insts": 50000036.93705955,
        "ipc": 1.6014725748468022,
        "cycles": 32090872.565949693,
        "reg-taints": 0.0,
        "mem-taints": 0.0,
        "xmit-taints": 0.0,
        "stalls": 3325208262.1234293,
        "access-preds": 15331774.172933321,
        "access-misps": 14976860.565761596,
        "access-misp-rate": 0.9774485317470771
    }
}