{
    "simpoint": {
        "interval": 52123,
        "weight": 0.310505,
        "waypoints": [
            82623635599,
            82623985801,
            82625786525
        ],
        "name": "4"
    },
    "stats": {
        "insts": 50000102.0,
        "ipc": 0.702118,
        "cycles": 71213289.0,
        "reg-taints": 0.0,
        "mem-taints": 0.0,
        "xmit-taints": 2687749.0,
        "loads": 12468219.0,
        "load-rate": 0.24936387129770254,
        "stalls": 34771894271,
        "access-preds": 6324072,
        "access-misps": 5970271,
        "access-misp-rate": 0.9440548747705593
    }
}