{
    "simpoint": {
        "interval": 305904,
        "weight": 0.0723263,
        "waypoints": [
            922465006031,
            922465213070,
            922467696890
        ],
        "name": "8"
    },
    "stats": {
        "insts": 50371220.0,
        "ipc": 0.97392,
        "cycles": 51720080.0,
        "reg-taints": 0.0,
        "mem-taints": 0.0,
        "xmit-taints": 1871771.0,
        "loads": 19872988.0,
        "load-rate": 0.39453060696167375,
        "stalls": 378457084958,
        "access-preds": 5866597,
        "access-misps": 2642,
        "access-misp-rate": 0.0004503462569527104
    }
}