{
    "simpoint": {
        "interval": 984,
        "weight": 0.0721535,
        "waypoints": [
            11505589094,
            11508197954,
            11518382007
        ],
        "name": "0"
    },
    "stats": {
        "insts": 52910175.0,
        "ipc": 1.344235,
        "cycles": 39360816.0,
        "reg-taints": 0.0,
        "mem-taints": 0.0,
        "xmit-taints": 1035988.0,
        "stalls": 109697697090,
        "access-preds": 1556283,
        "access-misps": 171277,
        "access-misp-rate": 0.11005517634003584
    }
}