{
    "weight": 1.0000011,
    "stats": {
        "access-misp-rate": 6.005067937151378e-05,
        "cycles": 28758558.431129426,
        "load-rate": 0.08704773484782481,
        "xmit-taints": 0.0,
        "stalls": 1955908.8009921191,
        "mem-taints": 0.0,
        "loads": 6101705.448470008,
        "access-preds": 604774.3953062652,
        "access-misps": 32.79899902110108,
        "insts": 70096132.24743493,
        "ipc": 2.4373552977807726,
        "reg-taints": 0.0
    }
}