{
    "simpoint": {
        "interval": 22746,
        "weight": 0.00254273,
        "waypoints": [
            289013185169,
            289015845950,
            289029117941
        ],
        "name": "9"
    },
    "stats": {
        "insts": 49970032.0,
        "ipc": 0.539349,
        "cycles": 92648802.0,
        "reg-taints": 0.0,
        "mem-taints": 0.0,
        "xmit-taints": 17943135.0,
        "stalls": 49234449293,
        "access-preds": 2546675,
        "access-misps": 1971842,
        "access-misp-rate": 0.7742809742114718
    }
}