{
    "simpoint": {
        "interval": 2146,
        "weight": 0.120682,
        "waypoints": [
            19264912175,
            19266184296,
            19272552591
        ],
        "name": "4"
    },
    "stats": {
        "insts": 50068442.0,
        "ipc": 0.47294,
        "cycles": 105866398.0,
        "reg-taints": 0.0,
        "mem-taints": 0.0,
        "xmit-taints": 6652408.0,
        "loads": 17439267.0,
        "load-rate": 0.3483085613089379,
        "stalls": 2004540394777,
        "access-preds": 2669242,
        "access-misps": 212964,
        "access-misp-rate": 0.07978444816918061
    }
}