{
    "weight": 0.99999985,
    "stats": {
        "access-preds": 18176546.645231348,
        "access-misp-rate": 0.016297772144613396,
        "ipc": 0.27505936868600533,
        "loads": 15141099.24154294,
        "mem-taints": 0.0,
        "cycles": 194415536.62176648,
        "insts": 50000162.49704282,
        "stalls": 10635947982.238693,
        "load-rate": 0.3028210042234206,
        "access-misps": 296485.0323390548,
        "reg-taints": 0.0,
        "xmit-taints": 0.0
    }
}