{
    "simpoint": {
        "interval": 70510,
        "weight": 0.0817096,
        "waypoints": [
            121390084112,
            121390281468,
            121392465807
        ],
        "name": "0"
    },
    "stats": {
        "insts": 50000128.0,
        "ipc": 1.069601,
        "cycles": 46746538.0,
        "pub-annot-reg-rate": NaN,
        "pub-annot-load-rate": NaN,
        "pub-annot-load-count": 0.0,
        "annot-load-count": 0.0,
        "prot-regs": 72435909.0,
        "unprot-regs": 62708373.0,
        "loads": 13199425.0,
        "load-rate": 0.26398782419117006,
        "stalls": 18137426000,
        "access-preds": 0,
        "access-misps": 0,
        "access-misp-rate": 0,
        "unprot-regs-inst": 1.2541642493395218,
        "unprot-regs-rate": 0.464010552810514
    }
}