{
    "simpoint": {
        "interval": 1726,
        "weight": 0.0593762,
        "waypoints": [
            20222950045,
            20223932455,
            20237556001
        ],
        "name": "3"
    },
    "stats": {
        "insts": 51783854.0,
        "ipc": 1.143547,
        "cycles": 45283556.0,
        "reg-taints": 0.0,
        "mem-taints": 0.0,
        "xmit-taints": 446763.0,
        "loads": 10379911.0,
        "load-rate": 0.2004468612938697,
        "stalls": 10563976509,
        "access-preds": 2497005,
        "access-misps": 2187458,
        "access-misp-rate": 0.8760326871592168
    }
}