{
    "simpoint": {
        "interval": 675,
        "weight": 0.078825,
        "waypoints": [
            8395755208,
            8398351879,
            8411369247
        ],
        "name": "2"
    },
    "stats": {
        "insts": 49983572.0,
        "ipc": 0.327849,
        "cycles": 152459240.0,
        "reg-taints": 0.0,
        "mem-taints": 0.0,
        "xmit-taints": 24037437.0,
        "stalls": 72262254619,
        "access-preds": 2692052,
        "access-misps": 2097016,
        "access-misp-rate": 0.7789656366221752
    }
}