{
    "simpoint": {
        "interval": 49730,
        "weight": 0.258708,
        "waypoints": [
            860337066069,
            860340097422,
            860354801929
        ],
        "name": "4"
    },
    "stats": {
        "insts": 51490982.0,
        "ipc": 0.64312,
        "cycles": 80064397.0,
        "reg-taints": 0.0,
        "mem-taints": 0.0,
        "xmit-taints": 909002.0,
        "loads": 12440920.0,
        "load-rate": 0.24161357031411831,
        "stalls": 182210069943,
        "access-preds": 1625304,
        "access-misps": 32197,
        "access-misp-rate": 0.019809832499027874
    }
}