{
    "weight": 0.9999989000000001,
    "stats": {
        "insts": 50000033.35460069,
        "ipc": 1.4853528870238755,
        "cycles": 33689432.71869919,
        "reg-taints": 0.0,
        "mem-taints": 0.0,
        "xmit-taints": 0.0,
        "stalls": 685608656.23122,
        "access-preds": 14982818.48984984,
        "access-misps": 161074.13127554438,
        "access-misp-rate": 0.010755424306806123
    }
}