{
    "simpoint": {
        "interval": 22377,
        "weight": 0.231005,
        "waypoints": [
            523963198607,
            523968005008,
            523992043617
        ],
        "name": "5"
    },
    "stats": {
        "insts": 65225236.0,
        "ipc": 1.363691,
        "cycles": 47829919.0,
        "stalls": 0
    }
}