{
    "weight": 1.00000017,
    "stats": {
        "cycles": 196901538.2014744,
        "ipc": 0.33505033419436314,
        "loads": 21960447.237075448,
        "access-preds": 7078771.562517613,
        "mem-taints": 0.0,
        "stalls": 895064976099.944,
        "insts": 64992975.03305195,
        "load-rate": 0.3384647761126356,
        "access-misps": 4039866.8679199023,
        "access-misp-rate": 0.5865417742250462,
        "xmit-taints": 2927328.3053719276,
        "reg-taints": 0.0
    }
}