{
    "simpoint": {
        "interval": 219059,
        "weight": 0.0163617,
        "waypoints": [
            375989106176,
            375989537688,
            375991688966
        ],
        "name": "1"
    },
    "stats": {
        "insts": 50000072.0,
        "ipc": 1.550069,
        "cycles": 32256679.0,
        "reg-taints": 0.0,
        "mem-taints": 0.0,
        "xmit-taints": 0.0,
        "loads": 10902515.0,
        "load-rate": 0.21804998600802014,
        "stalls": 1415996289,
        "access-preds": 13088717,
        "access-misps": 163322,
        "access-misp-rate": 0.01247807558219801
    }
}