{
    "weight": 0.9999993,
    "stats": {
        "insts": 54007797.100725375,
        "ipc": 1.3799575371640758,
        "cycles": 40033963.95386967,
        "reg-taints": 0.0,
        "mem-taints": 0.0,
        "xmit-taints": 1564130.54251888,
        "stalls": 57729607102.94419,
        "access-preds": 5912968.387298171,
        "access-misps": 238917.6646246652,
        "access-misp-rate": 0.039201483767977476
    }
}