{
    "simpoint": {
        "interval": 56756,
        "weight": 0.0459802,
        "waypoints": [
            90612426981,
            90612644049,
            90613690668
        ],
        "name": "5"
    },
    "stats": {
        "insts": 50002006.0,
        "ipc": 1.293312,
        "cycles": 38661989.0,
        "reg-taints": 0.0,
        "mem-taints": 0.0,
        "xmit-taints": 0.0
    }
}