{
    "simpoint": {
        "interval": 26923,
        "weight": 0.601173,
        "waypoints": [
            256509990963,
            256511872580,
            256521319279
        ],
        "name": "3"
    },
    "stats": {
        "insts": 54523981.0,
        "ipc": 1.188295,
        "cycles": 45884213.0,
        "reg-taints": 0.0,
        "mem-taints": 0.0,
        "xmit-taints": 3078245.0,
        "loads": 16103955.0,
        "load-rate": 0.2953554510262191,
        "stalls": 4900328021,
        "access-preds": 13823599,
        "access-misps": 186856,
        "access-misp-rate": 0.013517174507159821
    }
}