{
    "simpoint": {
        "interval": 12232,
        "weight": 0.18073,
        "waypoints": [
            175709486129,
            175711250457,
            175720075089
        ],
        "name": "2"
    },
    "stats": {
        "insts": 70390891.0,
        "ipc": 0.735358,
        "cycles": 95723335.0,
        "reg-taints": 0.0,
        "mem-taints": 0.0,
        "xmit-taints": 2617891.0,
        "loads": 23255382.0,
        "load-rate": 0.3303748776244358,
        "stalls": 81754918882,
        "access-preds": 5696850,
        "access-misps": 4454874,
        "access-misp-rate": 0.7819889939176914
    }
}