{
    "simpoint": {
        "interval": 11028,
        "weight": 0.0924349,
        "waypoints": [
            163696277656,
            163700546483,
            163719020850
        ],
        "name": "4"
    },
    "stats": {
        "insts": 50000048.0,
        "ipc": 1.005968,
        "cycles": 49703396.0,
        "reg-taints": 0.0,
        "mem-taints": 0.0,
        "xmit-taints": 0.0,
        "stalls": 91580722382,
        "access-preds": 17401309,
        "access-misps": 9896340,
        "access-misp-rate": 0.5687123882461946
    }
}