{
    "simpoint": {
        "interval": 12960,
        "weight": 0.306268,
        "waypoints": [
            165090540848,
            165093065340,
            165105724398
        ],
        "name": "7"
    },
    "stats": {
        "insts": 50000017.0,
        "ipc": 0.708135,
        "cycles": 70608045.0,
        "reg-taints": 0.0,
        "mem-taints": 0.0,
        "xmit-taints": 0.0,
        "stalls": 36226985564,
        "access-preds": 20614471,
        "access-misps": 18194284,
        "access-misp-rate": 0.8825976664644948
    }
}