{
    "simpoint": {
        "interval": 219059,
        "weight": 0.0163617,
        "waypoints": [
            375946847352,
            375947278864,
            375949430142
        ],
        "name": "1"
    },
    "stats": {
        "insts": 49998305.0,
        "ipc": 1.23218,
        "cycles": 40577111.0,
        "reg-taints": 0.0,
        "mem-taints": 0.0,
        "xmit-taints": 445786.0,
        "loads": 10902709.0,
        "load-rate": 0.21806157228730053,
        "stalls": 119235752071,
        "access-preds": 1731527,
        "access-misps": 10322,
        "access-misp-rate": 0.0059612122710185865
    }
}