{
    "simpoint": {
        "interval": 59710,
        "weight": 0.130334,
        "waypoints": [
            1023881862660,
            1023884787955,
            1023900323014
        ],
        "name": "5"
    },
    "stats": {
        "insts": 51602057.0,
        "ipc": 0.719544,
        "cycles": 71714909.0,
        "reg-taints": 0.0,
        "mem-taints": 0.0,
        "xmit-taints": 1162356.0,
        "stalls": 174223845957,
        "access-preds": 1767922,
        "access-misps": 65138,
        "access-misp-rate": 0.0368443856685985
    }
}