{
    "simpoint": {
        "interval": 22744,
        "weight": 0.00517315,
        "waypoints": [
            288287126573,
            288289046582,
            288302040484
        ],
        "name": "1"
    },
    "stats": {
        "insts": 55914926.0,
        "ipc": 1.561754,
        "cycles": 35802657.0,
        "stalls": 0
    }
}