{
    "simpoint": {
        "interval": 29586,
        "weight": 0.0362736,
        "waypoints": [
            414697043933,
            414702257168,
            414727434303
        ],
        "name": "4"
    },
    "stats": {
        "insts": 50181089.0,
        "ipc": 0.315323,
        "cycles": 159141690.0,
        "reg-taints": 0.0,
        "mem-taints": 0.0,
        "xmit-taints": 6291929.0,
        "stalls": 1585029129988,
        "access-preds": 11977110,
        "access-misps": 777800,
        "access-misp-rate": 0.06494054074814375
    }
}