{
    "simpoint": {
        "interval": 29806,
        "weight": 0.283652,
        "waypoints": [
            541715542504,
            541718880456,
            541735271010
        ],
        "name": "2"
    },
    "stats": {
        "insts": 50000039.0,
        "ipc": 0.580762,
        "cycles": 86093909.0,
        "pub-annot-reg-rate": NaN,
        "pub-annot-load-rate": NaN,
        "pub-annot-load-count": 0.0,
        "annot-load-count": 0.0,
        "prot-regs": 89009215.0,
        "unprot-regs": 27221923.0,
        "loads": 12031800.0,
        "load-rate": 0.24063581230406642,
        "stalls": 109703543500,
        "access-preds": 0,
        "access-misps": 0,
        "access-misp-rate": 0,
        "unprot-regs-inst": 0.5444380353383325,
        "unprot-regs-rate": 0.23420508022557604
    }
}