{
    "simpoint": {
        "interval": 1137,
        "weight": 0.0122339,
        "waypoints": [
            9780061725,
            9782244550,
            9789444800
        ],
        "name": "1"
    },
    "stats": {
        "insts": 54944417.0,
        "ipc": 1.708837,
        "cycles": 32153100.0,
        "reg-taints": 0.0,
        "mem-taints": 0.0,
        "xmit-taints": 1443136.0,
        "stalls": 68534867019,
        "access-preds": 6832218,
        "access-misps": 18493,
        "access-misp-rate": 0.002706734474807449
    }
}