{
    "simpoint": {
        "interval": 1702,
        "weight": 0.11988,
        "waypoints": [
            19943467626,
            19945786483,
            19954634761
        ],
        "name": "2"
    },
    "stats": {
        "insts": 50030698.0,
        "ipc": 1.799464,
        "cycles": 27803115.0,
        "loads": 11041780.0,
        "load-rate": 0.22070009896723808,
        "stalls": 0,
        "access-preds": 0,
        "access-misps": 0,
        "access-misp-rate": 0
    }
}