{
    "simpoint": {
        "interval": 5528,
        "weight": 0.0686679,
        "waypoints": [
            44468713015,
            44470464992,
            44479206863
        ],
        "name": "2"
    },
    "stats": {
        "insts": 54072574.0,
        "ipc": 1.02804,
        "cycles": 52597743.0,
        "reg-taints": 0.0,
        "mem-taints": 0.0,
        "xmit-taints": 1729795.0,
        "stalls": 47370735423,
        "access-preds": 7285775,
        "access-misps": 1840576,
        "access-misp-rate": 0.2526259732149291
    }
}