{
    "simpoint": {
        "interval": 27452,
        "weight": 0.552881,
        "waypoints": [
            383460646705,
            383463099037,
            383474848480
        ],
        "name": "3"
    },
    "stats": {
        "insts": 50000016.0,
        "ipc": 0.379787,
        "cycles": 131652676.0,
        "reg-taints": 0.0,
        "mem-taints": 0.0,
        "xmit-taints": 19197633.0,
        "loads": 17802890.0,
        "load-rate": 0.3560576860615405,
        "stalls": 421673540296,
        "access-preds": 1218178,
        "access-misps": 1196384,
        "access-misp-rate": 0.9821093469098933
    }
}