{
    "simpoint": {
        "interval": 26923,
        "weight": 0.601173,
        "waypoints": [
            256501771573,
            256503653190,
            256513099889
        ],
        "name": "3"
    },
    "stats": {
        "insts": 50000047.0,
        "ipc": 1.932203,
        "cycles": 25877221.0,
        "reg-taints": 0.0,
        "mem-taints": 0.0,
        "xmit-taints": 0.0,
        "stalls": 2121343202,
        "access-preds": 19334662,
        "access-misps": 537597,
        "access-misp-rate": 0.027804830516302795
    }
}