{
    "simpoint": {
        "interval": 11028,
        "weight": 0.0924349,
        "waypoints": [
            163696265851,
            163700534678,
            163719009045
        ],
        "name": "4"
    },
    "stats": {
        "insts": 50000052.0,
        "ipc": 1.20534,
        "cycles": 41482112.0,
        "reg-taints": 0.0,
        "mem-taints": 0.0,
        "xmit-taints": 0.0,
        "loads": 13973775.0,
        "load-rate": 0.2794752093457823,
        "stalls": 19824973627,
        "access-preds": 17401309,
        "access-misps": 1112089,
        "access-misp-rate": 0.0639083531014822
    }
}