{
    "simpoint": {
        "interval": 255304,
        "weight": 0.103988,
        "waypoints": [
            3579939050060,
            3579941974325,
            3579956592568
        ],
        "name": "6"
    },
    "stats": {
        "insts": 50000062.0,
        "ipc": 1.286222,
        "cycles": 38873589.0,
        "reg-taints": 0.0,
        "mem-taints": 0.0,
        "xmit-taints": 0.0,
        "loads": 16384717.0,
        "load-rate": 0.32769393365952226,
        "stalls": 2169679399,
        "access-preds": 19662104,
        "access-misps": 343757,
        "access-misp-rate": 0.017483225599864594
    }
}