{
    "simpoint": {
        "interval": 5199,
        "weight": 0.0561818,
        "waypoints": [
            60945199305,
            60947328407,
            60959029466
        ],
        "name": "6"
    },
    "stats": {
        "insts": 51588689.0,
        "ipc": 1.118229,
        "cycles": 46134287.0,
        "reg-taints": 0.0,
        "mem-taints": 0.0,
        "xmit-taints": 1125277.0,
        "loads": 10736527.0,
        "load-rate": 0.2081178492440465,
        "stalls": 4232102441,
        "access-preds": 5698011,
        "access-misps": 421879,
        "access-misp-rate": 0.07403969560606324
    }
}