{
    "weight": 0.9999993,
    "stats": {
        "insts": 50000036.93705955,
        "reg-taints": 0.0,
        "access-preds": 15331774.172933321,
        "stalls": 3328638306.688454,
        "cycles": 32099943.222354755,
        "ipc": 1.600785380196766,
        "mem-taints": 0.0,
        "access-misp-rate": 0.9774429678562326,
        "xmit-taints": 0.0,
        "loads": 12728771.381348766,
        "access-misps": 14976770.662925165,
        "load-rate": 0.2545752404775523
    }
}