{
    "simpoint": {
        "interval": 9883,
        "weight": 0.0988081,
        "waypoints": [
            223086439930,
            223089436129,
            223105157981
        ],
        "name": "1"
    },
    "stats": {
        "insts": 50000050.0,
        "ipc": 1.102553,
        "cycles": 45349328.0,
        "reg-taints": 0.0,
        "mem-taints": 0.0,
        "xmit-taints": 0.0,
        "loads": 12196764.0,
        "load-rate": 0.24393503606496394,
        "stalls": 10322448956,
        "access-preds": 14779847,
        "access-misps": 13372521,
        "access-misp-rate": 0.9047807463771445
    }
}