{
    "simpoint": {
        "interval": 5883,
        "weight": 0.068873,
        "waypoints": [
            75449106909,
            75451622419,
            75464362233
        ],
        "name": "5"
    },
    "stats": {
        "insts": 50002761.0,
        "ipc": 0.343725,
        "cycles": 145473193.0,
        "reg-taints": 0.0,
        "mem-taints": 0.0,
        "xmit-taints": 18783518.0,
        "loads": 17193202.0,
        "load-rate": 0.34384505287618017,
        "stalls": 568943191314,
        "access-preds": 3649082,
        "access-misps": 205082,
        "access-misp-rate": 0.056200984247545
    }
}