{
    "simpoint": {
        "interval": 12227,
        "weight": 0.107771,
        "waypoints": [
            190884791740,
            190888375851,
            190913417170
        ],
        "name": "5"
    },
    "stats": {
        "insts": 50000013.0,
        "ipc": 0.8653,
        "cycles": 57783453.0,
        "reg-taints": 0.0,
        "mem-taints": 0.0,
        "xmit-taints": 0.0,
        "stalls": 1259274593,
        "access-preds": 15828793,
        "access-misps": 602559,
        "access-misp-rate": 0.038067273986083464
    }
}