{
    "simpoint": {
        "interval": 908,
        "weight": 0.0694995,
        "waypoints": [
            14066688996,
            14069709963,
            14084746184
        ],
        "name": "1"
    },
    "stats": {
        "insts": 50000066.0,
        "ipc": 1.481864,
        "cycles": 33741326.0,
        "reg-taints": 0.0,
        "mem-taints": 0.0,
        "xmit-taints": 0.0,
        "loads": 12672598.0,
        "load-rate": 0.2534516254438544,
        "stalls": 2688710106,
        "access-preds": 15187179,
        "access-misps": 344344,
        "access-misp-rate": 0.022673335186212
    }
}