{
    "simpoint": {
        "interval": 30,
        "weight": 0.00263042,
        "waypoints": [
            238680536,
            239896303,
            245963503
        ],
        "name": "0"
    },
    "stats": {
        "insts": 56877601.0,
        "ipc": 1.259038,
        "cycles": 45175459.0,
        "reg-taints": 0.0,
        "mem-taints": 0.0,
        "xmit-taints": 3249116.0,
        "loads": 14251932.0,
        "load-rate": 0.2505719606563575,
        "stalls": 22951744987,
        "access-preds": 7861835,
        "access-misps": 629944,
        "access-misp-rate": 0.08012684061672624
    }
}