{
    "weight": 0.99999985,
    "stats": {
        "access-misps": 296098.07594946143,
        "mem-taints": 0.0,
        "stalls": 4481810083.76966,
        "insts": 50000163.90472789,
        "load-rate": 0.3028210101249058,
        "access-misp-rate": 0.016276471383027544,
        "reg-taints": 0.0,
        "cycles": 195309692.07813945,
        "access-preds": 18176546.645231348,
        "loads": 15141099.956999544,
        "xmit-taints": 0.0,
        "ipc": 0.2760200913314637
    }
}