{
    "simpoint": {
        "interval": 88330,
        "weight": 0.0564765,
        "waypoints": [
            1473827797215,
            1473829575800,
            1473836076492
        ],
        "name": "6"
    },
    "stats": {
        "insts": 50000102.0,
        "ipc": 1.111554,
        "cycles": 44982153.0,
        "reg-taints": 0.0,
        "mem-taints": 0.0,
        "xmit-taints": 0.0,
        "loads": 7098708.0,
        "load-rate": 0.14197387037330444,
        "stalls": 3820222100,
        "access-preds": 8620233,
        "access-misps": 8152831,
        "access-misp-rate": 0.9457784957784784
    }
}