{
    "simpoint": {
        "interval": 161816,
        "weight": 0.0859769,
        "waypoints": [
            850635249976,
            850637409877,
            850648171465
        ],
        "name": "6"
    },
    "stats": {
        "insts": 50030067.0,
        "ipc": 0.909334,
        "cycles": 55018347.0,
        "reg-taints": 0.0,
        "mem-taints": 0.0,
        "xmit-taints": 1280241.0,
        "loads": 33048448.0,
        "load-rate": 0.6605717317948026,
        "stalls": 52498577315,
        "access-preds": 4475603,
        "access-misps": 4333026,
        "access-misp-rate": 0.9681435104945635
    }
}