{
    "simpoint": {
        "interval": 4298,
        "weight": 0.0964486,
        "waypoints": [
            55308100573,
            55310652512,
            55323358455
        ],
        "name": "4"
    },
    "stats": {
        "insts": 54056166.0,
        "ipc": 1.048018,
        "cycles": 51579445.0,
        "loads": 17269977.0,
        "load-rate": 0.31948209201518285,
        "stalls": 0,
        "access-preds": 0,
        "access-misps": 0,
        "access-misp-rate": 0
    }
}