{
    "simpoint": {
        "interval": 6337,
        "weight": 0.0160066,
        "waypoints": [
            143980617389,
            143984953023,
            144006443864
        ],
        "name": "1"
    },
    "stats": {
        "insts": 50067939.0,
        "ipc": 0.343697,
        "cycles": 145674614.0,
        "reg-taints": 0.0,
        "mem-taints": 0.0,
        "xmit-taints": 25249091.0,
        "loads": 13530376.0,
        "load-rate": 0.2702403228541123,
        "stalls": 1151434157992,
        "access-preds": 1841208,
        "access-misps": 83071,
        "access-misp-rate": 0.045117661882850824
    }
}