{
    "simpoint": {
        "interval": 22068,
        "weight": 0.209001,
        "waypoints": [
            414029084479,
            414034665944,
            414055587832
        ],
        "name": "6"
    },
    "stats": {
        "insts": 50008507.0,
        "ipc": 1.659178,
        "cycles": 30140527.0,
        "loads": 15725236.0,
        "load-rate": 0.3144512192695535,
        "stalls": 0,
        "access-preds": 0,
        "access-misps": 0,
        "access-misp-rate": 0
    }
}