{
    "simpoint": {
        "interval": 31800,
        "weight": 0.243177,
        "waypoints": [
            744597648512,
            744602414654,
            744626229552
        ],
        "name": "6"
    },
    "stats": {
        "insts": 50000061.0,
        "ipc": 0.39981,
        "cycles": 125059557.0,
        "pub-annot-reg-rate": NaN,
        "pub-annot-load-rate": NaN,
        "pub-annot-load-count": 0.0,
        "annot-load-count": 0.0,
        "prot-regs": 99834820.0,
        "unprot-regs": 30228388.0,
        "loads": 14313559.0,
        "load-rate": 0.2862708307495865,
        "stalls": 350559967000,
        "access-preds": 0,
        "access-misps": 0,
        "access-misp-rate": 0,
        "unprot-regs-inst": 0.6045670224282327,
        "unprot-regs-rate": 0.23241305873371967
    }
}