{
    "weight": 0.999999552,
    "stats": {
        "insts": 53913155.94995572,
        "stalls": 0.0,
        "ipc": 1.7115105217062416,
        "access-misp-rate": 0.0,
        "loads": 15680043.991453025,
        "access-preds": 0.0,
        "load-rate": 0.2908540067473124,
        "access-misps": 0.0,
        "cycles": 33784850.42211257
    }
}