{
    "simpoint": {
        "interval": 23638,
        "weight": 0.106128,
        "waypoints": [
            36605019184,
            36605340413,
            36606980302
        ],
        "name": "2"
    },
    "stats": {
        "insts": 50000235.0,
        "ipc": 0.447473,
        "cycles": 111739115.0,
        "pub-annot-reg-rate": NaN,
        "pub-annot-load-rate": NaN,
        "pub-annot-load-count": 0.0,
        "annot-load-count": 0.0,
        "prot-regs": 102769896.0,
        "unprot-regs": 30666295.0,
        "loads": 12027024.0,
        "load-rate": 0.2405393494650575,
        "stalls": 146575248500,
        "access-preds": 0,
        "access-misps": 0,
        "access-misp-rate": 0,
        "unprot-regs-inst": 0.6133230173818183,
        "unprot-regs-rate": 0.22981992194306566
    }
}