{
    "simpoint": {
        "interval": 9839,
        "weight": 0.105046,
        "waypoints": [
            151815996638,
            151819203984,
            151835425550
        ],
        "name": "2"
    },
    "stats": {
        "insts": 50000025.0,
        "ipc": 1.438608,
        "cycles": 34755827.0,
        "reg-taints": 0.0,
        "mem-taints": 0.0,
        "xmit-taints": 0.0,
        "stalls": 2668472172,
        "access-preds": 14561317,
        "access-misps": 371527,
        "access-misp-rate": 0.025514656400928568
    }
}