{
    "simpoint": {
        "interval": 9883,
        "weight": 0.0988081,
        "waypoints": [
            223451837714,
            223454836081,
            223470641629
        ],
        "name": "1"
    },
    "stats": {
        "insts": 50266785.0,
        "ipc": 0.927732,
        "cycles": 54182428.0,
        "reg-taints": 0.0,
        "mem-taints": 0.0,
        "xmit-taints": 1233475.0,
        "stalls": 43597848305,
        "access-preds": 6493412,
        "access-misps": 5031903,
        "access-misp-rate": 0.7749243386989767
    }
}