{
    "simpoint": {
        "interval": 76,
        "weight": 0.00188513,
        "waypoints": [
            669872540,
            672241956,
            684083627
        ],
        "name": "1"
    },
    "stats": {
        "insts": 50002206.0,
        "ipc": 0.399087,
        "cycles": 125291339.0,
        "reg-taints": 0.0,
        "mem-taints": 0.0,
        "xmit-taints": 17973952.0,
        "loads": 16555524.0,
        "load-rate": 0.33109587205012514,
        "stalls": 509489783158,
        "access-preds": 3840941,
        "access-misps": 190723,
        "access-misp-rate": 0.049655279786906384
    }
}