{
    "simpoint": {
        "interval": 908,
        "weight": 0.0694995,
        "waypoints": [
            14066695134,
            14069716101,
            14084752322
        ],
        "name": "1"
    },
    "stats": {
        "insts": 50000065.0,
        "ipc": 1.264269,
        "cycles": 39548588.0,
        "reg-taints": 0.0,
        "mem-taints": 0.0,
        "xmit-taints": 0.0,
        "loads": 12672598.0,
        "load-rate": 0.25345163051288033,
        "stalls": 17491814000,
        "access-preds": 15187179,
        "access-misps": 15012915,
        "access-misp-rate": 0.9885255846395173
    }
}