{
    "simpoint": {
        "interval": 20608,
        "weight": 0.173667,
        "waypoints": [
            164880175011,
            164881697469,
            164890126069
        ],
        "name": "6"
    },
    "stats": {
        "insts": 50000028.0,
        "ipc": 1.066655,
        "cycles": 46875532.0,
        "reg-taints": 0.0,
        "mem-taints": 0.0,
        "xmit-taints": 0.0,
        "stalls": 54309827500,
        "access-preds": 15656530,
        "access-misps": 15116511,
        "access-misp-rate": 0.9655083853190969
    }
}