{
    "weight": 0.999999552,
    "stats": {
        "insts": 50000041.83360763,
        "cycles": 36281781.94381674,
        "access-preds": 0.0,
        "loads": 15632610.351842616,
        "mem-taints": 0.0,
        "load-rate": 0.31265194298734045,
        "access-misp-rate": 0.0,
        "access-misps": 0.0,
        "reg-taints": 0.0,
        "stalls": 23598586396.81647,
        "ipc": 1.5538813073928655,
        "xmit-taints": 0.0
    }
}