{
    "weight": 0.9999993,
    "stats": {
        "cycles": 40241298.100364365,
        "xmit-taints": 0.0,
        "insts": 50000061.46728243,
        "mem-taints": 0.0,
        "ipc": 1.3418415509892856,
        "reg-taints": 0.0
    }
}