{
    "simpoint": {
        "interval": 12232,
        "weight": 0.18073,
        "waypoints": [
            175709486129,
            175711250457,
            175720075089
        ],
        "name": "2"
    },
    "stats": {
        "insts": 50000011.0,
        "ipc": 0.664653,
        "cycles": 75227204.0,
        "reg-taints": 0.0,
        "mem-taints": 0.0,
        "xmit-taints": 0.0,
        "stalls": 28896499723,
        "access-preds": 20938281,
        "access-misps": 287676,
        "access-misp-rate": 0.013739236759693883
    }
}