{
    "simpoint": {
        "interval": 1499,
        "weight": 0.22881,
        "waypoints": [
            12885111241,
            12886742793,
            12895044776
        ],
        "name": "0"
    },
    "stats": {
        "insts": 52424919.0,
        "ipc": 0.621542,
        "cycles": 84346569.0,
        "reg-taints": 0.0,
        "mem-taints": 0.0,
        "xmit-taints": 7030065.0,
        "stalls": 167054686140,
        "access-preds": 4278588,
        "access-misps": 2807015,
        "access-misp-rate": 0.6560610650055579
    }
}