{
    "simpoint": {
        "interval": 22746,
        "weight": 0.00254273,
        "waypoints": [
            289013098400,
            289015758930,
            289029029641
        ],
        "name": "9"
    },
    "stats": {
        "insts": 50000046.0,
        "ipc": 1.397399,
        "cycles": 35780806.0,
        "loads": 11050882.0,
        "load-rate": 0.22101743666395826,
        "stalls": 0,
        "access-preds": 0,
        "access-misps": 0,
        "access-misp-rate": 0
    }
}