{
    "weight": 0.9999999980000001,
    "stats": {
        "access-misps": 0.0,
        "access-preds": 0.0,
        "access-misp-rate": 0.0,
        "insts": 90005359.21963362,
        "ipc": 1.981918545434375,
        "loads": 20027851.703187697,
        "stalls": 0.0,
        "load-rate": 0.2225175081583246,
        "cycles": 45415508.593677044
    }
}