{
    "simpoint": {
        "interval": 1702,
        "weight": 0.11988,
        "waypoints": [
            19943467240,
            19945786097,
            19954634375
        ],
        "name": "2"
    },
    "stats": {
        "insts": 51880209.0,
        "ipc": 1.409525,
        "cycles": 36806878.0,
        "reg-taints": 0.0,
        "mem-taints": 0.0,
        "xmit-taints": 626830.0,
        "stalls": 40397897842,
        "access-preds": 1212116,
        "access-misps": 1126498,
        "access-misp-rate": 0.929364846268839
    }
}