{
    "simpoint": {
        "interval": 12960,
        "weight": 0.306268,
        "waypoints": [
            165090540848,
            165093065340,
            165105724398
        ],
        "name": "7"
    },
    "stats": {
        "insts": 54703969.0,
        "ipc": 0.754958,
        "cycles": 72459572.0,
        "reg-taints": 0.0,
        "mem-taints": 0.0,
        "xmit-taints": 3469168.0,
        "stalls": 8378657106,
        "access-preds": 12982568,
        "access-misps": 685042,
        "access-misp-rate": 0.05276629400285059
    }
}