{
    "weight": 0.99999978,
    "stats": {
        "access-misp-rate": 0.8843900289468815,
        "cycles": 77272324.92356583,
        "reg-taints": 0.0,
        "mem-taints": 0.0,
        "load-rate": 0.34313803685952976,
        "stalls": 196411666764.51297,
        "insts": 50000031.84588102,
        "loads": 17156912.69179809,
        "access-preds": 20586250.701129824,
        "ipc": 0.6490676103787743,
        "xmit-taints": 0.0,
        "access-misps": 18203061.879123148
    }
}