{
    "simpoint": {
        "interval": 4974,
        "weight": 0.0263685,
        "waypoints": [
            7237046679,
            7237187907,
            7237683187
        ],
        "name": "1"
    },
    "stats": {
        "insts": 50002546.0,
        "ipc": 1.133272,
        "cycles": 44122289.0,
        "reg-taints": 0.0,
        "mem-taints": 0.0,
        "xmit-taints": 0.0,
        "loads": 12208613.0,
        "load-rate": 0.24415982738158973,
        "stalls": 19122295,
        "access-preds": 14666286,
        "access-misps": 14665038,
        "access-misp-rate": 0.9999149068823558
    }
}