{
    "simpoint": {
        "interval": 41440,
        "weight": 0.14246,
        "waypoints": [
            644894324154,
            644897490433,
            644913410359
        ],
        "name": "7"
    },
    "stats": {
        "insts": 59689230.0,
        "ipc": 1.542534,
        "cycles": 38695569.0,
        "reg-taints": 0.0,
        "mem-taints": 0.0,
        "xmit-taints": 2351632.0,
        "stalls": 13367237861,
        "access-preds": 3562339,
        "access-misps": 3298719,
        "access-misp-rate": 0.9259980591403569
    }
}