{
    "weight": 0.99999978,
    "stats": {
        "insts": 54719003.855896436,
        "ipc": 0.7981839440744177,
        "cycles": 68667581.21916299,
        "reg-taints": 0.0,
        "mem-taints": 0.0,
        "xmit-taints": 3450384.1873354614,
        "stalls": 99721728744.77795,
        "access-preds": 12957600.389561266,
        "access-misps": 1736982.173029968,
        "access-misp-rate": 0.13392554326860917
    }
}