{
    "simpoint": {
        "interval": 43791,
        "weight": 0.226075,
        "waypoints": [
            68311095938,
            68311429319,
            68313054420
        ],
        "name": "3"
    },
    "stats": {
        "insts": 50426288.0,
        "ipc": 0.80991,
        "cycles": 62261570.0,
        "reg-taints": 0.0,
        "mem-taints": 0.0,
        "xmit-taints": 2601180.0,
        "loads": 12179823.0,
        "load-rate": 0.24153717204010733,
        "stalls": 25106651535,
        "access-preds": 2354921,
        "access-misps": 67267,
        "access-misp-rate": 0.028564440165933378
    }
}