{
    "simpoint": {
        "interval": 9429,
        "weight": 0.225821,
        "waypoints": [
            120385726821,
            120388265858,
            120400929522
        ],
        "name": "6"
    },
    "stats": {
        "insts": 50000045.0,
        "ipc": 0.836903,
        "cycles": 59744164.0,
        "reg-taints": 0.0,
        "mem-taints": 0.0,
        "xmit-taints": 0.0,
        "loads": 17182909.0,
        "load-rate": 0.34365787070791637,
        "stalls": 36138349042,
        "access-preds": 20627460,
        "access-misps": 1309432,
        "access-misp-rate": 0.0634800406836324
    }
}