{
    "simpoint": {
        "interval": 108130,
        "weight": 0.0553263,
        "waypoints": [
            229268601786,
            229270494796,
            229272893867
        ],
        "name": "6"
    },
    "stats": {
        "insts": 50000341.0,
        "ipc": 2.22313,
        "cycles": 22490969.0,
        "pub-annot-reg-rate": NaN,
        "pub-annot-load-rate": NaN,
        "pub-annot-load-count": 0.0,
        "annot-load-count": 0.0,
        "prot-regs": 54704547.0,
        "unprot-regs": 15793966.0,
        "loads": 13880526.0,
        "load-rate": 0.27760862670916586,
        "stalls": 32077479500,
        "access-preds": 0,
        "access-misps": 0,
        "access-misp-rate": 0,
        "unprot-regs-inst": 0.3158771657177298,
        "unprot-regs-rate": 0.2240326118651609
    }
}