{
    "simpoint": {
        "interval": 90353,
        "weight": 0.740581,
        "waypoints": [
            2156776442208,
            2156781327945,
            2156805604461
        ],
        "name": "2"
    },
    "stats": {
        "insts": 50000147.0,
        "ipc": 0.228082,
        "cycles": 219219989.0,
        "loads": 15337581.0,
        "load-rate": 0.3067507181528886,
        "stalls": 0,
        "access-preds": 0,
        "access-misps": 0,
        "access-misp-rate": 0
    }
}