{
    "simpoint": {
        "interval": 21,
        "weight": 0.0338187,
        "waypoints": [
            314584039,
            317580539,
            332562308
        ],
        "name": "0"
    },
    "stats": {
        "insts": 50883123.0,
        "ipc": 2.290918,
        "cycles": 22210797.0,
        "reg-taints": 0.0,
        "mem-taints": 0.0,
        "xmit-taints": 312846.0,
        "loads": 9441020.0,
        "load-rate": 0.18554324977262107,
        "stalls": 4531234964,
        "access-preds": 2269198,
        "access-misps": 33,
        "access-misp-rate": 1.4542582886112186e-05
    }
}