{
    "simpoint": {
        "interval": 974975,
        "weight": 0.0136773,
        "waypoints": [
            17617732618670,
            17617736620531,
            17617755690918
        ],
        "name": "6"
    },
    "stats": {
        "insts": 50036319.0,
        "ipc": 0.791178,
        "cycles": 63242803.0,
        "reg-taints": 0.0,
        "mem-taints": 0.0,
        "xmit-taints": 14716210.0,
        "loads": 6059233.0,
        "load-rate": 0.12109669778066608,
        "stalls": 528563016493,
        "access-preds": 359,
        "access-misps": 19,
        "access-misp-rate": 0.052924791086350974
    }
}