{
    "weight": 1.00000015,
    "stats": {
        "access-preds": 5550692.127787831,
        "reg-taints": 0.0,
        "insts": 52981082.85376752,
        "access-misps": 386398.15323972696,
        "stalls": 29696885213.29216,
        "mem-taints": 0.0,
        "loads": 14913157.826344227,
        "access-misp-rate": 0.06806563028423494,
        "load-rate": 0.28111688511088484,
        "ipc": 1.13100126775551,
        "cycles": 50288157.3225184,
        "xmit-taints": 9526551.994676
    }
}