{
    "simpoint": {
        "interval": 49730,
        "weight": 0.258708,
        "waypoints": [
            863602062661,
            863605102206,
            863619822249
        ],
        "name": "4"
    },
    "stats": {
        "insts": 51490980.0,
        "ipc": 0.314815,
        "cycles": 163559273.0,
        "reg-taints": 0.0,
        "mem-taints": 0.0,
        "xmit-taints": 909002.0,
        "loads": 12440920.0,
        "load-rate": 0.24161357969881328,
        "stalls": 338468706803,
        "access-preds": 1625304,
        "access-misps": 688235,
        "access-misp-rate": 0.42345001304371366
    }
}