{
    "simpoint": {
        "interval": 1745,
        "weight": 0.0300772,
        "waypoints": [
            10977467941,
            10978774221,
            10985804980
        ],
        "name": "2"
    },
    "stats": {
        "insts": 50000070.0,
        "ipc": 1.066843,
        "cycles": 46867338.0,
        "loads": 4034254.0,
        "load-rate": 0.08068496704104615,
        "stalls": 0,
        "access-preds": 0,
        "access-misps": 0,
        "access-misp-rate": 0
    }
}