{
    "simpoint": {
        "interval": 29069,
        "weight": 0.24349,
        "waypoints": [
            679799077298,
            679803832986,
            679827701512
        ],
        "name": "5"
    },
    "stats": {
        "insts": 50000026.0,
        "ipc": 1.099323,
        "cycles": 45482553.0,
        "reg-taints": 0.0,
        "mem-taints": 0.0,
        "xmit-taints": 0.0,
        "loads": 14457616.0,
        "load-rate": 0.28915216964087176,
        "stalls": 2893307675,
        "access-preds": 17318461,
        "access-misps": 590974,
        "access-misp-rate": 0.03412393283675726
    }
}