{
    "simpoint": {
        "interval": 56756,
        "weight": 0.0459802,
        "waypoints": [
            90612428953,
            90612646021,
            90613692640
        ],
        "name": "5"
    },
    "stats": {
        "insts": 50002006.0,
        "ipc": 1.2959,
        "cycles": 38584758.0,
        "reg-taints": 0.0,
        "mem-taints": 0.0,
        "xmit-taints": 0.0,
        "loads": 11983334.0,
        "load-rate": 0.23965706495855385,
        "stalls": 16462528,
        "access-preds": 14363449,
        "access-misps": 33557,
        "access-misp-rate": 0.002336277310554032
    }
}