{
    "simpoint": {
        "interval": 11244,
        "weight": 0.0981097,
        "waypoints": [
            255279592077,
            255284103721,
            255306639867
        ],
        "name": "2"
    },
    "stats": {
        "insts": 63188718.0,
        "ipc": 0.825583,
        "cycles": 76538282.0,
        "reg-taints": 0.0,
        "mem-taints": 0.0,
        "xmit-taints": 2078605.0,
        "loads": 17143095.0,
        "load-rate": 0.27129993363688754,
        "stalls": 51599360212,
        "access-preds": 5459791,
        "access-misps": 662008,
        "access-misp-rate": 0.1212515277599454
    }
}