{
    "weight": 0.99999944,
    "stats": {
        "access-preds": 3882504.8325880063,
        "access-misp-rate": 0.860596994624567,
        "xmit-taints": 79485.75784032441,
        "access-misps": 3441554.677024179,
        "ipc": 1.1789981541095664,
        "mem-taints": 0.0,
        "insts": 50572748.54704297,
        "reg-taints": 0.0,
        "load-rate": 0.38101143308049906,
        "cycles": 43922637.90959844,
        "loads": 19263456.810715426,
        "stalls": 11071956095.029602
    }
}