{
    "simpoint": {
        "interval": 68,
        "weight": 0.0725347,
        "waypoints": [
            1273698757,
            1277452792,
            1296194185
        ],
        "name": "2"
    },
    "stats": {
        "insts": 50000189.0,
        "ipc": 1.182106,
        "cycles": 42297558.0,
        "pub-annot-reg-rate": NaN,
        "pub-annot-load-rate": NaN,
        "pub-annot-load-count": 0.0,
        "annot-load-count": 0.0,
        "prot-regs": 111461594.0,
        "unprot-regs": 10820106.0,
        "loads": 3138491.0,
        "load-rate": 0.06276958273097728,
        "stalls": 17331723000,
        "access-preds": 0,
        "access-misps": 0,
        "access-misp-rate": 0,
        "unprot-regs-inst": 0.21640130200307842,
        "unprot-regs-rate": 0.08848507994246073
    }
}