{
    "simpoint": {
        "interval": 28250,
        "weight": 0.0185516,
        "waypoints": [
            108237010764,
            108238006407,
            108242582047
        ],
        "name": "1"
    },
    "stats": {
        "insts": 50000218.0,
        "ipc": 1.331639,
        "cycles": 37547888.0,
        "reg-taints": 0.0,
        "mem-taints": 0.0,
        "xmit-taints": 829916.0,
        "stalls": 6915476276,
        "access-preds": 18432099,
        "access-misps": 79372,
        "access-misp-rate": 0.004306183468307109
    }
}