{
    "simpoint": {
        "interval": 23216,
        "weight": 0.183973,
        "waypoints": [
            185755106470,
            185756987717,
            185764723940
        ],
        "name": "7"
    },
    "stats": {
        "insts": 50000053.0,
        "ipc": 1.549814,
        "cycles": 32261962.0,
        "reg-taints": 0.0,
        "mem-taints": 0.0,
        "xmit-taints": 0.0,
        "loads": 12440478.0,
        "load-rate": 0.24880929626214596,
        "stalls": 62621409500,
        "access-preds": 0,
        "access-misps": 0,
        "access-misp-rate": 0
    }
}