{
    "simpoint": {
        "interval": 8330,
        "weight": 0.00348875,
        "waypoints": [
            102257062562,
            102260428533,
            102278767931
        ],
        "name": "2"
    },
    "stats": {
        "insts": 50000015.0,
        "ipc": 1.61879,
        "cycles": 30887273.0,
        "reg-taints": 0.0,
        "mem-taints": 0.0,
        "xmit-taints": 0.0,
        "stalls": 2444220321,
        "access-preds": 16079710,
        "access-misps": 588304,
        "access-misp-rate": 0.03658672948703677
    }
}