{
    "simpoint": {
        "interval": 12960,
        "weight": 0.306268,
        "waypoints": [
            165090455372,
            165092979864,
            165105638922
        ],
        "name": "7"
    },
    "stats": {
        "insts": 54703967.0,
        "ipc": 0.677489,
        "cycles": 80745180.0,
        "reg-taints": 0.0,
        "mem-taints": 0.0,
        "xmit-taints": 3469168.0,
        "loads": 17796349.0,
        "load-rate": 0.3253209954590679,
        "stalls": 224380101423,
        "access-preds": 12982568,
        "access-misps": 1399440,
        "access-misp-rate": 0.10779377392823977
    }
}