{
    "simpoint": {
        "interval": 2681,
        "weight": 0.0726879,
        "waypoints": [
            34494281937,
            34496868891,
            34509849195
        ],
        "name": "3"
    },
    "stats": {
        "insts": 50000068.0,
        "ipc": 0.35141,
        "cycles": 142284259.0,
        "pub-annot-reg-rate": NaN,
        "pub-annot-load-rate": NaN,
        "pub-annot-load-count": 0.0,
        "annot-load-count": 0.0,
        "prot-regs": 60091813.0,
        "unprot-regs": 43331902.0,
        "loads": 17164907.0,
        "load-rate": 0.34329767311516457,
        "stalls": 488403995000,
        "access-preds": 0,
        "access-misps": 0,
        "access-misp-rate": 0,
        "unprot-regs-inst": 0.8666368613738685,
        "unprot-regs-rate": 0.418974526296991
    }
}