{
    "simpoint": {
        "interval": 6337,
        "weight": 0.0160066,
        "waypoints": [
            143980617389,
            143984953023,
            144006443864
        ],
        "name": "1"
    },
    "stats": {
        "insts": 54380195.0,
        "ipc": 1.02317,
        "cycles": 53148724.0,
        "reg-taints": 0.0,
        "mem-taints": 0.0,
        "xmit-taints": 2281191.0,
        "loads": 13749991.0,
        "load-rate": 0.2528492404265928,
        "stalls": 5106805397,
        "access-preds": 8636360,
        "access-misps": 453155,
        "access-misp-rate": 0.05247060104025307
    }
}