{
    "simpoint": {
        "interval": 4298,
        "weight": 0.0964486,
        "waypoints": [
            55308100573,
            55310652512,
            55323358455
        ],
        "name": "4"
    },
    "stats": {
        "insts": 54739684.0,
        "ipc": 0.657464,
        "cycles": 83258885.0,
        "reg-taints": 0.0,
        "mem-taints": 0.0,
        "xmit-taints": 3437039.0,
        "loads": 17777789.0,
        "load-rate": 0.3247696680163517,
        "stalls": 236117123500,
        "access-preds": 0,
        "access-misps": 0,
        "access-misp-rate": 0
    }
}