{
    "weight": 0.9999991,
    "stats": {
        "access-preds": 1110362.6658944993,
        "reg-taints": 0.0,
        "stalls": 234969979867.5603,
        "access-misp-rate": 0.9678138934473695,
        "xmit-taints": 12359622.884767596,
        "mem-taints": 0.0,
        "load-rate": 0.25426248663498324,
        "ipc": 0.7728221521903369,
        "access-misps": 1066522.9215880292,
        "cycles": 65951814.857019864,
        "loads": 12713136.705322431,
        "insts": 50000048.7677253
    }
}