{
    "simpoint": {
        "interval": 26923,
        "weight": 0.601173,
        "waypoints": [
            256501771573,
            256503653190,
            256513099889
        ],
        "name": "3"
    },
    "stats": {
        "insts": 50000047.0,
        "ipc": 1.946703,
        "cycles": 25684474.0,
        "reg-taints": 0.0,
        "mem-taints": 0.0,
        "xmit-taints": 0.0,
        "loads": 16103954.0,
        "load-rate": 0.3220787772459494,
        "stalls": 5316572202,
        "access-preds": 19334662,
        "access-misps": 678954,
        "access-misp-rate": 0.03511589703507618
    }
}