{
    "weight": 0.999999552,
    "stats": {
        "cycles": 52967126.802962884,
        "load-rate": 0.31265194134544516,
        "access-misps": 9678048.671669768,
        "xmit-taints": 0.0,
        "mem-taints": 0.0,
        "insts": 50000041.195259675,
        "loads": 15632610.097052947,
        "reg-taints": 0.0,
        "stalls": 122563217454.75278,
        "ipc": 0.9656928436811458,
        "access-preds": 18763087.976529032,
        "access-misp-rate": 0.5306879218201251
    }
}