{
    "simpoint": {
        "interval": 199545,
        "weight": 0.019483,
        "waypoints": [
            1060417495333,
            1060418825859,
            1060423551680
        ],
        "name": "7"
    },
    "stats": {
        "insts": 50000205.0,
        "ipc": 1.316249,
        "cycles": 37986884.0,
        "reg-taints": 0.0,
        "mem-taints": 0.0,
        "xmit-taints": 835435.0,
        "loads": 34520368.0,
        "load-rate": 0.6904045293414297,
        "stalls": 24362359169,
        "access-preds": 16648371,
        "access-misps": 73388,
        "access-misp-rate": 0.0044081189685165
    }
}