{
    "simpoint": {
        "interval": 71898,
        "weight": 0.0163127,
        "waypoints": [
            154304820182,
            154305108565,
            154315679426
        ],
        "name": "4"
    },
    "stats": {
        "insts": 50000043.0,
        "ipc": 1.749996,
        "cycles": 28571518.0,
        "reg-taints": 0.0,
        "mem-taints": 0.0,
        "xmit-taints": 10445.0,
        "loads": 10603457.0,
        "load-rate": 0.21206895762069644,
        "stalls": 117601847283,
        "access-preds": 3324395,
        "access-misps": 304398,
        "access-misp-rate": 0.09156493136345109
    }
}