{
    "weight": 1.0000008,
    "stats": {
        "xmit-taints": 0.0,
        "access-misps": 16221377.041787269,
        "reg-taints": 0.0,
        "insts": 50000354.653377175,
        "loads": 22783935.143002085,
        "access-preds": 26428335.97286692,
        "load-rate": 0.4556762112454163,
        "stalls": 1035052608835.2496,
        "cycles": 47013211.47372182,
        "access-misp-rate": 0.5383471181914845,
        "ipc": 1.1430739649601283,
        "mem-taints": 0.0
    }
}