{
    "weight": 0.9999998099999998,
    "stats": {
        "reg-taints": 0.0,
        "load-rate": 0.32744781507796655,
        "xmit-taints": 0.0,
        "stalls": 1006253833.6316184,
        "loads": 16372412.120974686,
        "access-misp-rate": 0.024808332676194873,
        "mem-taints": 0.0,
        "access-misps": 464872.3374010442,
        "cycles": 40725981.21454294,
        "insts": 50000064.42501562,
        "access-preds": 19665904.885435876,
        "ipc": 1.2284084506976358
    }
}