{
    "simpoint": {
        "interval": 43021,
        "weight": 0.0217599,
        "waypoints": [
            622302562834,
            622307277140,
            622330873622
        ],
        "name": "7"
    },
    "stats": {
        "insts": 51759838.0,
        "ipc": 0.933826,
        "cycles": 55427707.0,
        "loads": 19279234.0,
        "load-rate": 0.3724747747471698,
        "stalls": 0,
        "access-preds": 0,
        "access-misps": 0,
        "access-misp-rate": 0
    }
}