{
    "simpoint": {
        "interval": 90353,
        "weight": 0.740581,
        "waypoints": [
            2156776442208,
            2156781327945,
            2156805604461
        ],
        "name": "2"
    },
    "stats": {
        "insts": 50000147.0,
        "ipc": 0.228094,
        "cycles": 219208229.0,
        "pub-annot-reg-rate": NaN,
        "pub-annot-load-rate": NaN,
        "pub-annot-load-count": 0.0,
        "annot-load-count": 0.0,
        "prot-regs": 49707225.0,
        "unprot-regs": 17224838.0,
        "loads": 15337581.0,
        "load-rate": 0.3067507181528886,
        "stalls": 0,
        "access-preds": 0,
        "access-misps": 0,
        "access-misp-rate": 0,
        "unprot-regs-inst": 0.3444957471825033,
        "unprot-regs-rate": 0.25734808144192417
    }
}