{
    "simpoint": {
        "interval": 29069,
        "weight": 0.24349,
        "waypoints": [
            679799077298,
            679803832986,
            679827701512
        ],
        "name": "5"
    },
    "stats": {
        "insts": 64543778.0,
        "ipc": 0.898879,
        "cycles": 71804785.0,
        "reg-taints": 0.0,
        "mem-taints": 0.0,
        "xmit-taints": 1751473.0,
        "stalls": 50737716355,
        "access-preds": 6118870,
        "access-misps": 305079,
        "access-misp-rate": 0.04985871574326632
    }
}