{
    "simpoint": {
        "interval": 1702,
        "weight": 0.11988,
        "waypoints": [
            19943467240,
            19945786097,
            19954634375
        ],
        "name": "2"
    },
    "stats": {
        "insts": 50000126.0,
        "ipc": 0.970151,
        "cycles": 51538485.0,
        "reg-taints": 0.0,
        "mem-taints": 0.0,
        "xmit-taints": 0.0,
        "stalls": 274355541352,
        "access-preds": 12976967,
        "access-misps": 8479955,
        "access-misp-rate": 0.6534620146602823
    }
}