{
    "simpoint": {
        "interval": 813,
        "weight": 0.132794,
        "waypoints": [
            6816447481,
            6818057532,
            6825600019
        ],
        "name": "0"
    },
    "stats": {
        "insts": 54126182.0,
        "ipc": 1.325064,
        "cycles": 40847982.0,
        "reg-taints": 0.0,
        "mem-taints": 0.0,
        "xmit-taints": 1565113.0,
        "stalls": 144212121039,
        "access-preds": 5345107,
        "access-misps": 383647,
        "access-misp-rate": 0.0717753638982344
    }
}