{
    "weight": 0.9999993,
    "stats": {
        "xmit-taints": 0.0,
        "load-rate": 0.2545752344104816,
        "access-misps": 137933.7522730266,
        "stalls": 2521013821.574812,
        "reg-taints": 0.0,
        "insts": 50000036.22709445,
        "access-misp-rate": 0.008853671058756974,
        "cycles": 31801423.52971947,
        "ipc": 1.6112905718307002,
        "loads": 12728770.898644628,
        "mem-taints": 0.0,
        "access-preds": 15331773.547965685
    }
}