{
    "simpoint": {
        "interval": 41440,
        "weight": 0.14246,
        "waypoints": [
            644894324154,
            644897490433,
            644913410359
        ],
        "name": "7"
    },
    "stats": {
        "insts": 59689232.0,
        "ipc": 1.566031,
        "cycles": 38114963.0,
        "reg-taints": 0.0,
        "mem-taints": 0.0,
        "xmit-taints": 2351632.0,
        "loads": 15041380.0,
        "load-rate": 0.2519948656735942,
        "stalls": 3488854026,
        "access-preds": 3562339,
        "access-misps": 151863,
        "access-misp-rate": 0.042630137109354274
    }
}