{
    "weight": 1.0000000999999998,
    "stats": {
        "insts": 64194071.262878984,
        "ipc": 0.8995833479056653,
        "cycles": 71368675.68771864,
        "reg-taints": 0.0,
        "mem-taints": 0.0,
        "xmit-taints": 1825533.0006816003,
        "stalls": 49414510409.369286,
        "access-preds": 5989364.369183363,
        "access-misps": 369127.28273037175,
        "access-misp-rate": 0.06173915774927867
    }
}