{
    "weight": 1.00000036,
    "stats": {
        "stalls": 170807695690.21826,
        "access-misps": 1023053.66638682,
        "loads": 17278720.11651366,
        "access-misp-rate": 0.13212136240297376,
        "ipc": 1.3288974743029491,
        "xmit-taints": 1386856.6160507582,
        "reg-taints": 0.0,
        "cycles": 38226289.136924684,
        "insts": 50397089.79745493,
        "access-preds": 6692634.406442613,
        "load-rate": 0.34289882216694856,
        "mem-taints": 0.0
    }
}