{
    "weight": 0.99999944,
    "stats": {
        "insts": 50013364.217571676,
        "ipc": 0.947642082171656,
        "cycles": 53796125.66064546,
        "reg-taints": 0.0,
        "mem-taints": 0.0,
        "xmit-taints": 0.0,
        "stalls": 744789166050.198,
        "access-preds": 22955457.918722313,
        "access-misps": 14420864.82364104,
        "access-misp-rate": 0.6136148366257875
    }
}