{
    "simpoint": {
        "interval": 3001,
        "weight": 0.00983381,
        "waypoints": [
            27808943613,
            27811820590,
            27826030172
        ],
        "name": "6"
    },
    "stats": {
        "insts": 51695714.0,
        "ipc": 0.863987,
        "cycles": 59833903.0,
        "reg-taints": 0.0,
        "mem-taints": 0.0,
        "xmit-taints": 492363.0,
        "stalls": 19477258343,
        "access-preds": 2768105,
        "access-misps": 2724154,
        "access-misp-rate": 0.9841223508501303
    }
}