{
    "simpoint": {
        "interval": 199545,
        "weight": 0.019483,
        "waypoints": [
            1060417495333,
            1060418825859,
            1060423551680
        ],
        "name": "7"
    },
    "stats": {
        "insts": 50000205.0,
        "ipc": 1.316252,
        "cycles": 37986798.0,
        "reg-taints": 0.0,
        "mem-taints": 0.0,
        "xmit-taints": 835435.0,
        "stalls": 6554871936,
        "access-preds": 16648371,
        "access-misps": 73581,
        "access-misp-rate": 0.004419711694315318
    }
}