{
    "simpoint": {
        "interval": 1547,
        "weight": 0.228967,
        "waypoints": [
            36659013047,
            36663513461,
            36685938705
        ],
        "name": "0"
    },
    "stats": {
        "insts": 50000211.0,
        "ipc": 0.406805,
        "cycles": 122909401.0,
        "reg-taints": 0.0,
        "mem-taints": 0.0,
        "xmit-taints": 0.0,
        "loads": 14489064.0,
        "load-rate": 0.2897800571281589,
        "stalls": 127410330480,
        "access-preds": 5303285,
        "access-misps": 2760121,
        "access-misp-rate": 0.5204549632916202
    }
}