{
    "simpoint": {
        "interval": 488,
        "weight": 0.13597,
        "waypoints": [
            7591987319,
            7595096608,
            7610804611
        ],
        "name": "0"
    },
    "stats": {
        "insts": 50000025.0,
        "ipc": 1.372616,
        "cycles": 36426799.0,
        "pub-annot-reg-rate": NaN,
        "pub-annot-load-rate": NaN,
        "pub-annot-load-count": 0.0,
        "annot-load-count": 0.0,
        "prot-regs": 91651162.0,
        "unprot-regs": 44677268.0,
        "loads": 12339240.0,
        "load-rate": 0.2467846766076617,
        "stalls": 3922915500,
        "access-preds": 0,
        "access-misps": 0,
        "access-misp-rate": 0,
        "unprot-regs-inst": 0.8935449132275434,
        "unprot-regs-rate": 0.32771790887638036
    }
}