{
    "weight": 1.0000004999999998,
    "stats": {
        "insts": 50000114.36603572,
        "ipc": 1.9079172214582898,
        "cycles": 26402217.741885137,
        "reg-taints": 0.0,
        "mem-taints": 0.0,
        "xmit-taints": 0.0,
        "stalls": 4285732562.8498006,
        "access-preds": 11464747.242348881,
        "access-misps": 466001.94018132996,
        "access-misp-rate": 0.04096491800391054
    }
}