{
    "simpoint": {
        "interval": 30732,
        "weight": 0.00641799,
        "waypoints": [
            435290893537,
            435295434266,
            435318174421
        ],
        "name": "5"
    },
    "stats": {
        "insts": 50000044.0,
        "ipc": 0.113636,
        "cycles": 440000937.0,
        "reg-taints": 0.0,
        "mem-taints": 0.0,
        "xmit-taints": 0.0,
        "loads": 19862780.0,
        "load-rate": 0.3972552504153796,
        "stalls": 1710385706000,
        "access-preds": 23843994,
        "access-misps": 11716963,
        "access-misp-rate": 0.49140102115442574
    }
}