{
    "simpoint": {
        "interval": 14657,
        "weight": 0.0281822,
        "waypoints": [
            117358724121,
            117360455473,
            117369890398
        ],
        "name": "4"
    },
    "stats": {
        "insts": 50000023.0,
        "ipc": 0.941094,
        "cycles": 53129696.0,
        "reg-taints": 0.0,
        "mem-taints": 0.0,
        "xmit-taints": 0.0,
        "loads": 13957840.0,
        "load-rate": 0.27915667158793106,
        "stalls": 4161246585,
        "access-preds": 16642256,
        "access-misps": 1268322,
        "access-misp-rate": 0.0762109415934955
    }
}