{
    "simpoint": {
        "interval": 37863,
        "weight": 0.0168089,
        "waypoints": [
            1007864259710,
            1007870509720,
            1007890985312
        ],
        "name": "8"
    },
    "stats": {
        "insts": 50000096.0,
        "ipc": 2.192206,
        "cycles": 22808115.0,
        "reg-taints": 0.0,
        "mem-taints": 0.0,
        "xmit-taints": 0.0,
        "loads": 8079743.0,
        "load-rate": 0.16159454973846452,
        "stalls": 553975307,
        "access-preds": 10579747,
        "access-misps": 10303296,
        "access-misp-rate": 0.9738697910261938
    }
}