{
    "simpoint": {
        "interval": 29069,
        "weight": 0.24349,
        "waypoints": [
            679799077298,
            679803832986,
            679827701512
        ],
        "name": "5"
    },
    "stats": {
        "insts": 64543776.0,
        "ipc": 0.863775,
        "cycles": 74722908.0,
        "reg-taints": 0.0,
        "mem-taints": 0.0,
        "xmit-taints": 1751473.0,
        "stalls": 57022167000,
        "access-preds": 6118870,
        "access-misps": 5626748,
        "access-misp-rate": 0.9195730584241861
    }
}