{
    "simpoint": {
        "interval": 706,
        "weight": 0.000253552,
        "waypoints": [
            6595850468,
            6600455051,
            6623794284
        ],
        "name": "0"
    },
    "stats": {
        "insts": 58287021.0,
        "ipc": 1.306251,
        "cycles": 44621610.0,
        "loads": 16978660.0,
        "load-rate": 0.2912940086610362,
        "stalls": 0,
        "access-preds": 0,
        "access-misps": 0,
        "access-misp-rate": 0
    }
}