{
    "simpoint": {
        "interval": 9429,
        "weight": 0.225821,
        "waypoints": [
            120385812297,
            120388351334,
            120401014998
        ],
        "name": "6"
    },
    "stats": {
        "insts": 50000045.0,
        "ipc": 0.647662,
        "cycles": 77200878.0,
        "reg-taints": 0.0,
        "mem-taints": 0.0,
        "xmit-taints": 0.0,
        "stalls": 200155675500,
        "access-preds": 20627460,
        "access-misps": 18226294,
        "access-misp-rate": 0.8835937143981857
    }
}