{
    "simpoint": {
        "interval": 20608,
        "weight": 0.173667,
        "waypoints": [
            164918718073,
            164920240582,
            164928675685
        ],
        "name": "6"
    },
    "stats": {
        "insts": 50000028.0,
        "ipc": 1.06538,
        "cycles": 46931658.0,
        "loads": 13167942.0,
        "load-rate": 0.2633586925191322,
        "stalls": 0,
        "access-preds": 0,
        "access-misps": 0,
        "access-misp-rate": 0
    }
}