{
    "weight": 0.9999993,
    "stats": {
        "insts": 54007797.38863458,
        "ipc": 1.2051247948299562,
        "cycles": 45802024.71803701,
        "reg-taints": 0.0,
        "mem-taints": 0.0,
        "xmit-taints": 1564130.54251888,
        "stalls": 129673846260.99294,
        "access-preds": 5912968.560965292,
        "access-misps": 505319.39534837665,
        "access-misp-rate": 0.08441128768216623
    }
}