{
    "simpoint": {
        "interval": 18656,
        "weight": 0.160564,
        "waypoints": [
            292245505205,
            292248594325,
            292264175237
        ],
        "name": "3"
    },
    "stats": {
        "insts": 50000023.0,
        "ipc": 1.201252,
        "cycles": 41623243.0,
        "pub-annot-reg-rate": NaN,
        "pub-annot-load-rate": NaN,
        "pub-annot-load-count": 0.0,
        "annot-load-count": 0.0,
        "prot-regs": 102304296.0,
        "unprot-regs": 31814282.0,
        "stalls": 0,
        "access-preds": 0,
        "access-misps": 0,
        "access-misp-rate": 0,
        "unprot-regs-inst": 0.6362853473087402,
        "unprot-regs-rate": 0.23721010522494504
    }
}