{
    "weight": 0.9999993,
    "stats": {
        "access-misp-rate": 0.05539165832259366,
        "access-preds": 1826059.9849800896,
        "stalls": 115154333821.48154,
        "access-misps": 112731.58976421285,
        "ipc": 0.9053916110464278,
        "reg-taints": 0.0,
        "insts": 51721789.03058492,
        "mem-taints": 0.0,
        "cycles": 68440728.59172662,
        "xmit-taints": 1298638.8169452716,
        "loads": 11373950.944684962,
        "load-rate": 0.21948131615443853
    }
}