{
    "simpoint": {
        "interval": 88330,
        "weight": 0.0564765,
        "waypoints": [
            1467833091303,
            1467834869888,
            1467841370580
        ],
        "name": "6"
    },
    "stats": {
        "insts": 50104595.0,
        "ipc": 1.084768,
        "cycles": 46189245.0,
        "reg-taints": 0.0,
        "mem-taints": 0.0,
        "xmit-taints": 274389.0,
        "loads": 7098889.0,
        "load-rate": 0.141681396686272,
        "stalls": 1337208770,
        "access-preds": 4434023,
        "access-misps": 133000,
        "access-misp-rate": 0.029995333808597747
    }
}