{
    "simpoint": {
        "interval": 52123,
        "weight": 0.310505,
        "waypoints": [
            82623633671,
            82623983873,
            82625784597
        ],
        "name": "4"
    },
    "stats": {
        "insts": 50000102.0,
        "ipc": 0.851447,
        "cycles": 58723695.0,
        "reg-taints": 0.0,
        "mem-taints": 0.0,
        "xmit-taints": 2687749.0,
        "stalls": 4010208362,
        "access-preds": 6324072,
        "access-misps": 390843,
        "access-misp-rate": 0.06180242729684292
    }
}