{
    "simpoint": {
        "interval": 3585,
        "weight": 0.134108,
        "waypoints": [
            33454489991,
            33456525914,
            33466700112
        ],
        "name": "2"
    },
    "stats": {
        "insts": 50000033.0,
        "ipc": 1.021965,
        "cycles": 48925382.0,
        "reg-taints": 0.0,
        "mem-taints": 0.0,
        "xmit-taints": 0.0,
        "stalls": 47867098948,
        "access-preds": 19847716,
        "access-misps": 3938644,
        "access-misp-rate": 0.19844318610766096
    }
}