{
    "weight": 0.9999986999999999,
    "stats": {
        "insts": 50581601.376609,
        "ipc": 0.5855806018877825,
        "cycles": 86738255.33917655,
        "reg-taints": 0.0,
        "mem-taints": 0.0,
        "xmit-taints": 2645798.0140492185,
        "stalls": 149789777591.5285,
        "access-preds": 2590893.1502545956,
        "access-misps": 190806.6827036875,
        "access-misp-rate": 0.06643362045886941
    }
}