{
    "weight": 0.99999978,
    "stats": {
        "mem-taints": 0.0,
        "ipc": 0.7983699557173202,
        "loads": 17771993.17018818,
        "load-rate": 0.3247976954484742,
        "xmit-taints": 3450384.1873354614,
        "stalls": 102404267824.3891,
        "access-misps": 2034804.2746366204,
        "cycles": 68651211.01709767,
        "access-misp-rate": 0.1568539267748331,
        "access-preds": 12957600.293112645,
        "reg-taints": 0.0,
        "insts": 54719004.33524526
    }
}