{
    "simpoint": {
        "interval": 1127,
        "weight": 0.00189085,
        "waypoints": [
            9507494274,
            9508513777,
            9529937597
        ],
        "name": "1"
    },
    "stats": {
        "insts": 59361125.0,
        "ipc": 0.450401,
        "cycles": 131796091.0,
        "reg-taints": 0.0,
        "mem-taints": 0.0,
        "xmit-taints": 230633.0,
        "stalls": 361762142,
        "access-preds": 16648021,
        "access-misps": 297109,
        "access-misp-rate": 0.01784650559967458
    }
}