{
    "simpoint": {
        "interval": 11980,
        "weight": 0.055951,
        "waypoints": [
            170259628107,
            170266642461,
            170300372194
        ],
        "name": "1"
    },
    "stats": {
        "insts": 50000045.0,
        "ipc": 0.812757,
        "cycles": 61519071.0,
        "reg-taints": 0.0,
        "mem-taints": 0.0,
        "xmit-taints": 0.0,
        "stalls": 2930126897,
        "access-preds": 16314054,
        "access-misps": 758205,
        "access-misp-rate": 0.04647557253396366
    }
}