{
    "simpoint": {
        "interval": 29806,
        "weight": 0.283652,
        "waypoints": [
            543529764312,
            543533131560,
            543549661026
        ],
        "name": "2"
    },
    "stats": {
        "insts": 50000039.0,
        "ipc": 0.944183,
        "cycles": 52955864.0,
        "reg-taints": 0.0,
        "mem-taints": 0.0,
        "xmit-taints": 0.0,
        "loads": 12031800.0,
        "load-rate": 0.24063581230406642,
        "stalls": 5018965495,
        "access-preds": 14448682,
        "access-misps": 13261345,
        "access-misp-rate": 0.9178238541065545
    }
}