{
    "simpoint": {
        "interval": 6337,
        "weight": 0.0160066,
        "waypoints": [
            143980617389,
            143984953023,
            144006443864
        ],
        "name": "1"
    },
    "stats": {
        "insts": 54380195.0,
        "ipc": 1.034606,
        "cycles": 52561269.0,
        "reg-taints": 0.0,
        "mem-taints": 0.0,
        "xmit-taints": 2281191.0,
        "stalls": 4475934684,
        "access-preds": 8636360,
        "access-misps": 451257,
        "access-misp-rate": 0.052250832526666326
    }
}