{
    "simpoint": {
        "interval": 12960,
        "weight": 0.306268,
        "waypoints": [
            165090540848,
            165093065340,
            165105724398
        ],
        "name": "7"
    },
    "stats": {
        "insts": 50000019.0,
        "ipc": 0.803979,
        "cycles": 62190665.0,
        "reg-taints": 0.0,
        "mem-taints": 0.0,
        "xmit-taints": 0.0,
        "stalls": 53793998669,
        "access-preds": 20614472,
        "access-misps": 3177557,
        "access-misp-rate": 0.1541420512734937
    }
}