{
    "simpoint": {
        "interval": 252,
        "weight": 0.0294118,
        "waypoints": [
            3201307901,
            3203848551,
            3216552192
        ],
        "name": "2"
    },
    "stats": {
        "insts": 50000120.0,
        "ipc": 2.32123,
        "cycles": 21540360.0,
        "loads": 11831727.0,
        "load-rate": 0.236633972078467,
        "stalls": 0,
        "access-preds": 0,
        "access-misps": 0,
        "access-misp-rate": 0
    }
}