{
    "simpoint": {
        "interval": 14696,
        "weight": 0.241658,
        "waypoints": [
            117669201327,
            117670773489,
            117678497461
        ],
        "name": "5"
    },
    "stats": {
        "insts": 50000034.0,
        "ipc": 1.599188,
        "cycles": 31265893.0,
        "pub-annot-reg-rate": NaN,
        "pub-annot-load-rate": NaN,
        "pub-annot-load-count": 0.0,
        "annot-load-count": 0.0,
        "prot-regs": 65945073.0,
        "unprot-regs": 34390752.0,
        "stalls": 0,
        "access-preds": 0,
        "access-misps": 0,
        "access-misp-rate": 0,
        "unprot-regs-inst": 0.6878145722860909,
        "unprot-regs-rate": 0.3427564581245034
    }
}