{
    "weight": 1.0000004999999998,
    "stats": {
        "insts": 50000114.64901187,
        "ipc": 1.1584797292426356,
        "cycles": 43191379.72583554,
        "reg-taints": 0.0,
        "mem-taints": 0.0,
        "xmit-taints": 0.0,
        "stalls": 1442992333.6491725,
        "access-preds": 11464746.860349873,
        "access-misps": 371518.5896331052,
        "access-misp-rate": 0.03223713240483404
    }
}