{
    "simpoint": {
        "interval": 27452,
        "weight": 0.552881,
        "waypoints": [
            383460646705,
            383463099037,
            383474848480
        ],
        "name": "3"
    },
    "stats": {
        "insts": 67873434.0,
        "ipc": 0.899251,
        "cycles": 75477706.0,
        "reg-taints": 0.0,
        "mem-taints": 0.0,
        "xmit-taints": 2928004.0,
        "loads": 22756525.0,
        "load-rate": 0.33527882204987597,
        "stalls": 171820244500,
        "access-preds": 0,
        "access-misps": 0,
        "access-misp-rate": 0
    }
}