{
    "simpoint": {
        "interval": 22068,
        "weight": 0.209001,
        "waypoints": [
            414029159328,
            414034740793,
            414055662685
        ],
        "name": "6"
    },
    "stats": {
        "insts": 50000168.0,
        "ipc": 1.054098,
        "cycles": 47434091.0,
        "reg-taints": 0.0,
        "mem-taints": 0.0,
        "xmit-taints": 0.0,
        "stalls": 3274074291,
        "access-preds": 18698823,
        "access-misps": 686141,
        "access-misp-rate": 0.036694341670596056
    }
}