{
    "simpoint": {
        "interval": 3354,
        "weight": 0.00322998,
        "waypoints": [
            37944203998,
            37949002768,
            37964226551
        ],
        "name": "0"
    },
    "stats": {
        "insts": 52796413.0,
        "ipc": 0.351311,
        "cycles": 150283937.0,
        "reg-taints": 0.0,
        "mem-taints": 0.0,
        "xmit-taints": 601776.0,
        "loads": 6046615.0,
        "load-rate": 0.11452700394627188,
        "stalls": 332648421369,
        "access-preds": 2171776,
        "access-misps": 490222,
        "access-misp-rate": 0.22572401573642953
    }
}