{
    "weight": 1.00000017,
    "stats": {
        "access-misps": 454261.0272066253,
        "insts": 64992977.294000894,
        "mem-taints": 0.0,
        "stalls": 327245980345.33105,
        "access-misp-rate": 0.06401401395110329,
        "reg-taints": 0.0,
        "xmit-taints": 3170232.7405357333,
        "loads": 21960447.012974083,
        "ipc": 0.8107560028608792,
        "cycles": 91440314.35310942,
        "load-rate": 0.3384647613530919,
        "access-preds": 7078771.562517613
    }
}