{
    "simpoint": {
        "interval": 2591,
        "weight": 0.116781,
        "waypoints": [
            3821921406,
            3822241872,
            3823665789
        ],
        "name": "0"
    },
    "stats": {
        "insts": 51048022.0,
        "ipc": 1.131858,
        "cycles": 45101064.0,
        "reg-taints": 0.0,
        "mem-taints": 0.0,
        "xmit-taints": 2345446.0,
        "loads": 12283298.0,
        "load-rate": 0.24062240844513036,
        "stalls": 2752679209,
        "access-preds": 3039258,
        "access-misps": 22048,
        "access-misp-rate": 0.00725440222580643
    }
}