{
    "simpoint": {
        "interval": 59710,
        "weight": 0.130334,
        "waypoints": [
            1019892430492,
            1019895355539,
            1019910840141
        ],
        "name": "5"
    },
    "stats": {
        "insts": 51602057.0,
        "ipc": 0.713157,
        "cycles": 72357229.0,
        "reg-taints": 0.0,
        "mem-taints": 0.0,
        "xmit-taints": 1162356.0,
        "loads": 12615789.0,
        "load-rate": 0.24448228875837255,
        "stalls": 174520978000,
        "access-preds": 0,
        "access-misps": 0,
        "access-misp-rate": 0
    }
}