{
    "simpoint": {
        "interval": 71898,
        "weight": 0.0163127,
        "waypoints": [
            154304820182,
            154305108565,
            154315679426
        ],
        "name": "4"
    },
    "stats": {
        "insts": 50000045.0,
        "ipc": 1.151642,
        "cycles": 43416305.0,
        "reg-taints": 0.0,
        "mem-taints": 0.0,
        "xmit-taints": 10445.0,
        "loads": 10603457.0,
        "load-rate": 0.21206894913794577,
        "stalls": 11982248545,
        "access-preds": 3324395,
        "access-misps": 561400,
        "access-misp-rate": 0.16887283250034968
    }
}