{
    "simpoint": {
        "interval": 3213,
        "weight": 0.381916,
        "waypoints": [
            75853572120,
            75859024262,
            75886276007
        ],
        "name": "4"
    },
    "stats": {
        "insts": 50000034.0,
        "ipc": 1.284523,
        "cycles": 38924985.0,
        "reg-taints": 0.0,
        "mem-taints": 0.0,
        "xmit-taints": 0.0,
        "loads": 20152434.0,
        "load-rate": 0.40304840592708396,
        "stalls": 5745196170,
        "access-preds": 24181573,
        "access-misps": 23063355,
        "access-misp-rate": 0.9537574333977363
    }
}