{
    "simpoint": {
        "interval": 5199,
        "weight": 0.0561818,
        "waypoints": [
            60945199305,
            60947328407,
            60959029466
        ],
        "name": "6"
    },
    "stats": {
        "insts": 53720298.0,
        "ipc": 1.262249,
        "cycles": 42559200.0,
        "reg-taints": 0.0,
        "mem-taints": 0.0,
        "xmit-taints": 3273731.0,
        "stalls": 136621628654,
        "access-preds": 3025135,
        "access-misps": 2693779,
        "access-misp-rate": 0.8904657147532259
    }
}