{
    "weight": 1.0000000999999998,
    "stats": {
        "insts": 50000040.407597765,
        "ipc": 1.0956916601065343,
        "cycles": 45668483.66670135,
        "reg-taints": 0.0,
        "mem-taints": 0.0,
        "xmit-taints": 0.0,
        "stalls": 2783235349.164268,
        "access-preds": 17148270.954736106,
        "access-misps": 514837.6346312366,
        "access-misp-rate": 0.030057806738414235
    }
}