{
    "weight": 1.00000036,
    "stats": {
        "access-misp-rate": 0.7816874133736947,
        "access-misps": 16140504.643867906,
        "load-rate": 0.34524858366939704,
        "insts": 50003577.249420986,
        "cycles": 52259692.69312205,
        "stalls": 233763724549.464,
        "mem-taints": 0.0,
        "reg-taints": 0.0,
        "xmit-taints": 0.0,
        "access-preds": 20865111.848226212,
        "loads": 17263625.026674133,
        "ipc": 0.9605604554909359
    }
}