{
    "simpoint": {
        "interval": 4298,
        "weight": 0.0964486,
        "waypoints": [
            55308186049,
            55310737988,
            55323443931
        ],
        "name": "4"
    },
    "stats": {
        "insts": 54739685.0,
        "ipc": 0.806346,
        "cycles": 67886104.0,
        "reg-taints": 0.0,
        "mem-taints": 0.0,
        "xmit-taints": 3437039.0,
        "stalls": 12568258512,
        "access-preds": 13008984,
        "access-misps": 805130,
        "access-misp-rate": 0.0618903059608652
    }
}