{
    "weight": 0.99999978,
    "stats": {
        "mem-taints": 0.0,
        "xmit-taints": 0.0,
        "ipc": 0.880090853797008,
        "insts": 50000032.712822534,
        "access-misp-rate": 0.04539750648634139,
        "reg-taints": 0.0,
        "stalls": 30896594414.328133,
        "load-rate": 0.34313804056591685,
        "cycles": 56920049.99273982,
        "loads": 17156913.1749618,
        "access-misps": 935515.5205042047,
        "access-preds": 20586251.10384651
    }
}