{
    "simpoint": {
        "interval": 32,
        "weight": 0.0996584,
        "waypoints": [
            689975628,
            695855026,
            725251708
        ],
        "name": "0"
    },
    "stats": {
        "insts": 50000154.0,
        "ipc": 2.864744,
        "cycles": 17453621.0,
        "reg-taints": 0.0,
        "mem-taints": 0.0,
        "xmit-taints": 0.0,
        "loads": 4419058.0,
        "load-rate": 0.08838088778686562,
        "stalls": 3667909991,
        "access-preds": 5302850,
        "access-misps": 215620,
        "access-misp-rate": 0.040661153907804296
    }
}