{
    "simpoint": {
        "interval": 984,
        "weight": 0.0721535,
        "waypoints": [
            11505589480,
            11508198340,
            11518382393
        ],
        "name": "0"
    },
    "stats": {
        "insts": 50000782.0,
        "ipc": 0.561697,
        "cycles": 89017358.0,
        "reg-taints": 0.0,
        "mem-taints": 0.0,
        "xmit-taints": 11368137.0,
        "loads": 9909288.0,
        "load-rate": 0.198182660423191,
        "stalls": 705194916693,
        "access-preds": 760548,
        "access-misps": 9470,
        "access-misp-rate": 0.012451548094268869
    }
}