{
    "simpoint": {
        "interval": 454408,
        "weight": 0.000704738,
        "waypoints": [
            7210576965887,
            7210580967750,
            7210600515645
        ],
        "name": "4"
    },
    "stats": {
        "insts": 50017203.0,
        "ipc": 1.084569,
        "cycles": 46117141.0,
        "reg-taints": 0.0,
        "mem-taints": 0.0,
        "xmit-taints": 2411356.0,
        "stalls": 3301965,
        "access-preds": 5879421,
        "access-misps": 1153,
        "access-misp-rate": 0.00019610774598383072
    }
}