{
    "simpoint": {
        "interval": 22480,
        "weight": 0.0592294,
        "waypoints": [
            351078840256,
            351081724897,
            351096183670
        ],
        "name": "4"
    },
    "stats": {
        "insts": 50000027.0,
        "ipc": 1.113577,
        "cycles": 44900377.0,
        "reg-taints": 0.0,
        "mem-taints": 0.0,
        "xmit-taints": 0.0,
        "loads": 12988216.0,
        "load-rate": 0.25976417972734295,
        "stalls": 390882605,
        "access-preds": 15580405,
        "access-misps": 171192,
        "access-misp-rate": 0.010987647625334515
    }
}