{
    "weight": 1.0000004999999998,
    "stats": {
        "insts": 50000114.875805266,
        "ipc": 0.6722988925607537,
        "cycles": 77301514.06438968,
        "pub-annot-reg-rate": 0,
        "pub-annot-load-rate": 0,
        "pub-annot-load-count": 0.0,
        "annot-load-count": 0.0,
        "prot-regs": 96707978.0048496,
        "unprot-regs": 15439427.314301446,
        "stalls": 0.0,
        "access-preds": 0.0,
        "access-misps": 0.0,
        "access-misp-rate": 0.0,
        "unprot-regs-inst": 0.30878784696618067,
        "unprot-regs-rate": 0.13786176458097874
    }
}