{
    "simpoint": {
        "interval": 9839,
        "weight": 0.105046,
        "waypoints": [
            151815996638,
            151819203984,
            151835425550
        ],
        "name": "2"
    },
    "stats": {
        "insts": 50000025.0,
        "ipc": 1.459433,
        "cycles": 34259902.0,
        "reg-taints": 0.0,
        "mem-taints": 0.0,
        "xmit-taints": 0.0,
        "loads": 12116700.0,
        "load-rate": 0.2423338788330606,
        "stalls": 342695298,
        "access-preds": 14561317,
        "access-misps": 182206,
        "access-misp-rate": 0.012513016508053495
    }
}