{
    "simpoint": {
        "interval": 13147,
        "weight": 0.116529,
        "waypoints": [
            105330703057,
            105332496957,
            105340591463
        ],
        "name": "0"
    },
    "stats": {
        "insts": 54378261.0,
        "ipc": 1.538189,
        "cycles": 35352142.0,
        "stalls": 0
    }
}