{
    "simpoint": {
        "interval": 10502,
        "weight": 0.0649377,
        "waypoints": [
            151694479111,
            151698258727,
            151719374333
        ],
        "name": "3"
    },
    "stats": {
        "insts": 52969832.0,
        "ipc": 1.866406,
        "cycles": 28380654.0,
        "loads": 13162074.0,
        "load-rate": 0.2484824569577642,
        "stalls": 0,
        "access-preds": 0,
        "access-misps": 0,
        "access-misp-rate": 0
    }
}