{
    "weight": 1.00000017,
    "stats": {
        "reg-taints": 0.0,
        "access-misps": 615464.3170078361,
        "ipc": 0.7660167613423604,
        "insts": 52554224.49719116,
        "mem-taints": 0.0,
        "load-rate": 0.34142431463195705,
        "stalls": 136102224516.46384,
        "access-preds": 15238380.86501999,
        "loads": 17924963.251411945,
        "access-misp-rate": 0.04332078939979449,
        "xmit-taints": 2590995.6289509227,
        "cycles": 79079081.95578958
    }
}