{
    "simpoint": {
        "interval": 61425,
        "weight": 0.036875,
        "waypoints": [
            132994094075,
            132995903347,
            133001066470
        ],
        "name": "2"
    },
    "stats": {
        "insts": 50000208.0,
        "ipc": 1.104044,
        "cycles": 45288222.0,
        "reg-taints": 0.0,
        "mem-taints": 0.0,
        "xmit-taints": 242706.0,
        "loads": 21224216.0,
        "load-rate": 0.42448255415257474,
        "stalls": 85833203013,
        "access-preds": 11107772,
        "access-misps": 1568794,
        "access-misp-rate": 0.14123390361271368
    }
}