{
    "simpoint": {
        "interval": 8330,
        "weight": 0.00348875,
        "waypoints": [
            102257062562,
            102260428533,
            102278767931
        ],
        "name": "2"
    },
    "stats": {
        "insts": 53100185.0,
        "ipc": 1.675861,
        "cycles": 31685314.0,
        "reg-taints": 0.0,
        "mem-taints": 0.0,
        "xmit-taints": 8345402.0,
        "stalls": 3941131139,
        "access-preds": 8208027,
        "access-misps": 525308,
        "access-misp-rate": 0.06399930214654509
    }
}