{
    "simpoint": {
        "interval": 5119,
        "weight": 0.286095,
        "waypoints": [
            46359042656,
            46361333575,
            46372788356
        ],
        "name": "9"
    },
    "stats": {
        "insts": 50000197.0,
        "ipc": 0.882873,
        "cycles": 56633497.0,
        "pub-annot-reg-rate": NaN,
        "pub-annot-load-rate": NaN,
        "pub-annot-load-count": 0.0,
        "annot-load-count": 0.0,
        "prot-regs": 45610275.0,
        "unprot-regs": 15742578.0,
        "loads": 14583009.0,
        "load-rate": 0.2916590308634184,
        "stalls": 755191806000,
        "access-preds": 0,
        "access-misps": 0,
        "access-misp-rate": 0,
        "unprot-regs-inst": 0.31485031948974124,
        "unprot-regs-rate": 0.25659080597278827
    }
}