{
    "simpoint": {
        "interval": 20608,
        "weight": 0.173667,
        "waypoints": [
            164880175011,
            164881697469,
            164890126069
        ],
        "name": "6"
    },
    "stats": {
        "insts": 54152888.0,
        "ipc": 1.084778,
        "cycles": 49920706.0,
        "reg-taints": 0.0,
        "mem-taints": 0.0,
        "xmit-taints": 1649015.0,
        "stalls": 66987792586,
        "access-preds": 6445603,
        "access-misps": 1559313,
        "access-misp-rate": 0.24191887089539954
    }
}