{
    "simpoint": {
        "interval": 813,
        "weight": 0.132794,
        "waypoints": [
            6815664798,
            6817274867,
            6824817495
        ],
        "name": "0"
    },
    "stats": {
        "insts": 50000039.0,
        "ipc": 1.684314,
        "cycles": 29685691.0,
        "pub-annot-reg-rate": NaN,
        "pub-annot-load-rate": NaN,
        "pub-annot-load-count": 0.0,
        "annot-load-count": 0.0,
        "prot-regs": 44668367.0,
        "unprot-regs": 56800789.0,
        "loads": 12365460.0,
        "load-rate": 0.24730900709897446,
        "stalls": 4723283000,
        "access-preds": 0,
        "access-misps": 0,
        "access-misp-rate": 0,
        "unprot-regs-inst": 1.1360148939083827,
        "unprot-regs-rate": 0.5597837928207464
    }
}