{
    "simpoint": {
        "interval": 8330,
        "weight": 0.00348875,
        "waypoints": [
            102257056404,
            102260422375,
            102278759114
        ],
        "name": "2"
    },
    "stats": {
        "insts": 50000016.0,
        "ipc": 1.642024,
        "cycles": 30450230.0,
        "reg-taints": 0.0,
        "mem-taints": 0.0,
        "xmit-taints": 0.0,
        "loads": 12833841.0,
        "load-rate": 0.25667673786344386,
        "stalls": 3171956380,
        "access-preds": 16079710,
        "access-misps": 705861,
        "access-misp-rate": 0.043897620044142584
    }
}