{
    "simpoint": {
        "interval": 22377,
        "weight": 0.227606,
        "waypoints": [
            520541835962,
            520546619243,
            520570544851
        ],
        "name": "4"
    },
    "stats": {
        "insts": 55014013.0,
        "ipc": 0.924392,
        "cycles": 59513754.0,
        "reg-taints": 0.0,
        "mem-taints": 0.0,
        "xmit-taints": 1553678.0,
        "loads": 14744814.0,
        "load-rate": 0.2680192408432375,
        "stalls": 10714902774,
        "access-preds": 10409015,
        "access-misps": 9965078,
        "access-misp-rate": 0.9573507195445486
    }
}