{
    "simpoint": {
        "interval": 89120,
        "weight": 0.021955,
        "waypoints": [
            190452688902,
            190453556279,
            190457771118
        ],
        "name": "5"
    },
    "stats": {
        "insts": 52943173.0,
        "ipc": 1.387738,
        "cycles": 38150702.0,
        "reg-taints": 0.0,
        "mem-taints": 0.0,
        "xmit-taints": 10323.0,
        "stalls": 1257203276414,
        "access-preds": 12262,
        "access-misps": 196,
        "access-misp-rate": 0.015984341869189365
    }
}