{
    "simpoint": {
        "interval": 180807,
        "weight": 0.0229584,
        "waypoints": [
            382590197347,
            382591125927,
            382595615663
        ],
        "name": "9"
    },
    "stats": {
        "insts": 51659616.0,
        "ipc": 2.29328,
        "cycles": 22526522.0,
        "reg-taints": 0.0,
        "mem-taints": 0.0,
        "xmit-taints": 5117.0,
        "loads": 11134298.0,
        "load-rate": 0.21553195439935133,
        "stalls": 1507478462,
        "access-preds": 12609,
        "access-misps": 174,
        "access-misp-rate": 0.013799666904591957
    }
}