{
    "weight": 0.99999985,
    "stats": {
        "ipc": 0.2733625386967308,
        "cycles": 193925447.83416146,
        "insts": 50000162.16376268,
        "stalls": 2089062416937.4258,
        "access-preds": 0.050249007537351134,
        "access-misp-rate": 0.012562251884337784,
        "reg-taints": 0.0,
        "mem-taints": 0.0,
        "load-rate": 0.3028210054838544,
        "loads": 15141099.207275983,
        "access-misps": 0.025124503768675567,
        "xmit-taints": 10626793.757904861
    }
}