{
    "simpoint": {
        "interval": 5119,
        "weight": 0.286095,
        "waypoints": [
            46359042681,
            46361333600,
            46372788381
        ],
        "name": "9"
    },
    "stats": {
        "insts": 50000196.0,
        "ipc": 1.069631,
        "cycles": 46745258.0,
        "reg-taints": 0.0,
        "mem-taints": 0.0,
        "xmit-taints": 14996.0,
        "stalls": 2582173936,
        "access-preds": 1992876,
        "access-misps": 125292,
        "access-misp-rate": 0.06286994273602572
    }
}