{
    "simpoint": {
        "interval": 5955,
        "weight": 0.114242,
        "waypoints": [
            47879211692,
            47881048665,
            47889161106
        ],
        "name": "3"
    },
    "stats": {
        "insts": 50000029.0,
        "ipc": 0.717476,
        "cycles": 69688737.0,
        "pub-annot-reg-rate": NaN,
        "pub-annot-load-rate": NaN,
        "pub-annot-load-count": 0.0,
        "annot-load-count": 0.0,
        "prot-regs": 67065549.0,
        "unprot-regs": 35615996.0,
        "loads": 12837287.0,
        "load-rate": 0.2567455910875572,
        "stalls": 208587163000,
        "access-preds": 0,
        "access-misps": 0,
        "access-misp-rate": 0,
        "unprot-regs-inst": 0.712319506854686,
        "unprot-regs-rate": 0.3468587855782653
    }
}