{
    "simpoint": {
        "interval": 2159,
        "weight": 0.445803,
        "waypoints": [
            19330789608,
            19332584004,
            19341555167
        ],
        "name": "5"
    },
    "stats": {
        "insts": 50000239.0,
        "ipc": 0.968469,
        "cycles": 51628132.0,
        "reg-taints": 0.0,
        "mem-taints": 0.0,
        "xmit-taints": 0.0,
        "loads": 21380447.0,
        "load-rate": 0.42760689603903695,
        "stalls": 446817405425,
        "access-preds": 25656639,
        "access-misps": 9950236,
        "access-misp-rate": 0.38782305040032716
    }
}