{
    "simpoint": {
        "interval": 29069,
        "weight": 0.24349,
        "waypoints": [
            679799077298,
            679803832986,
            679827701512
        ],
        "name": "5"
    },
    "stats": {
        "insts": 50000025.0,
        "ipc": 0.808148,
        "cycles": 61869853.0,
        "reg-taints": 0.0,
        "mem-taints": 0.0,
        "xmit-taints": 0.0,
        "stalls": 44497733000,
        "access-preds": 17318461,
        "access-misps": 16760872,
        "access-misp-rate": 0.9678037788692656
    }
}