{
    "simpoint": {
        "interval": 30732,
        "weight": 0.00641799,
        "waypoints": [
            435290893537,
            435295434266,
            435318174421
        ],
        "name": "5"
    },
    "stats": {
        "insts": 53116463.0,
        "ipc": 0.120322,
        "cycles": 441450817.0,
        "reg-taints": 0.0,
        "mem-taints": 0.0,
        "xmit-taints": 1289734.0,
        "stalls": 47067599749,
        "access-preds": 7484400,
        "access-misps": 706,
        "access-misp-rate": 9.432953877398322e-05
    }
}