{
    "simpoint": {
        "interval": 26494,
        "weight": 0.14016,
        "waypoints": [
            411545962080,
            411548965384,
            411564070365
        ],
        "name": "5"
    },
    "stats": {
        "insts": 59231515.0,
        "ipc": 1.376692,
        "cycles": 43024511.0,
        "reg-taints": 0.0,
        "mem-taints": 0.0,
        "xmit-taints": 2432080.0,
        "loads": 15268193.0,
        "load-rate": 0.2577714414362017,
        "stalls": 14755596050,
        "access-preds": 3802027,
        "access-misps": 148909,
        "access-misp-rate": 0.039165687145304336
    }
}