{
    "simpoint": {
        "interval": 35767,
        "weight": 0.00228647,
        "waypoints": [
            494546857124,
            494548840681,
            494556974179
        ],
        "name": "0"
    },
    "stats": {
        "insts": 50000303.0,
        "ipc": 0.925734,
        "cycles": 54011497.0,
        "pub-annot-reg-rate": NaN,
        "pub-annot-load-rate": NaN,
        "pub-annot-load-count": 0.0,
        "annot-load-count": 0.0,
        "prot-regs": 73147776.0,
        "unprot-regs": 17837932.0,
        "stalls": 0,
        "access-preds": 0,
        "access-misps": 0,
        "access-misp-rate": 0,
        "unprot-regs-inst": 0.356756478055743,
        "unprot-regs-rate": 0.19605202170872815
    }
}