{
    "simpoint": {
        "interval": 240400,
        "weight": 0.125733,
        "waypoints": [
            723408980859,
            723409716774,
            723412184715
        ],
        "name": "6"
    },
    "stats": {
        "insts": 50025684.0,
        "ipc": 0.408016,
        "cycles": 122607189.0,
        "pub-annot-reg-rate": NaN,
        "pub-annot-load-rate": NaN,
        "pub-annot-load-count": 0.0,
        "annot-load-count": 0.0,
        "prot-regs": 90567426.0,
        "unprot-regs": 9734465.0,
        "loads": 25896495.0,
        "load-rate": 0.5176639863634848,
        "stalls": 0,
        "access-preds": 0,
        "access-misps": 0,
        "access-misp-rate": 0,
        "unprot-regs-inst": 0.19458934334610997,
        "unprot-regs-rate": 0.0970516597737923
    }
}