{
    "simpoint": {
        "interval": 35869,
        "weight": 0.329405,
        "waypoints": [
            150569626068,
            150570559540,
            150577140941
        ],
        "name": "3"
    },
    "stats": {
        "insts": 50000143.0,
        "ipc": 0.619569,
        "cycles": 80701521.0,
        "pub-annot-reg-rate": NaN,
        "pub-annot-load-rate": NaN,
        "pub-annot-load-count": 0.0,
        "annot-load-count": 0.0,
        "prot-regs": 88276378.0,
        "unprot-regs": 4257310.0,
        "loads": 31093209.0,
        "load-rate": 0.6218624014735318,
        "stalls": 990912767000,
        "access-preds": 0,
        "access-misps": 0,
        "access-misp-rate": 0,
        "unprot-regs-inst": 0.08514595648256446,
        "unprot-regs-rate": 0.046008217029024065
    }
}