{
    "weight": 1.00000015,
    "stats": {
        "insts": 52981083.22627677,
        "ipc": 0.7594036881252968,
        "cycles": 70866587.9873946,
        "reg-taints": 0.0,
        "mem-taints": 0.0,
        "xmit-taints": 9517202.736285292,
        "stalls": 50701916807.64241,
        "access-preds": 5550691.918786862,
        "access-misps": 3279313.1703363745,
        "access-misp-rate": 0.5930259263878126
    }
}