{
    "simpoint": {
        "interval": 59710,
        "weight": 0.130334,
        "waypoints": [
            1023881862660,
            1023884787955,
            1023900323014
        ],
        "name": "5"
    },
    "stats": {
        "insts": 50000047.0,
        "ipc": 1.351144,
        "cycles": 37005726.0,
        "reg-taints": 0.0,
        "mem-taints": 0.0,
        "xmit-taints": 0.0,
        "stalls": 2937529247,
        "access-preds": 15126635,
        "access-misps": 1018049,
        "access-misp-rate": 0.06730174952988553
    }
}