{
    "simpoint": {
        "interval": 26494,
        "weight": 0.14016,
        "waypoints": [
            411545968218,
            411548971522,
            411564076503
        ],
        "name": "5"
    },
    "stats": {
        "insts": 59231514.0,
        "ipc": 1.393395,
        "cycles": 42508788.0,
        "reg-taints": 0.0,
        "mem-taints": 0.0,
        "xmit-taints": 2254175.0,
        "stalls": 16206371210,
        "access-preds": 3802027,
        "access-misps": 156428,
        "access-misp-rate": 0.04114331644672697
    }
}