{
    "simpoint": {
        "interval": 9839,
        "weight": 0.105046,
        "waypoints": [
            151815990500,
            151819197846,
            151835419412
        ],
        "name": "2"
    },
    "stats": {
        "insts": 50062113.0,
        "ipc": 1.4448,
        "cycles": 34649846.0,
        "loads": 12116700.0,
        "load-rate": 0.2420333316733954,
        "stalls": 0,
        "access-preds": 0,
        "access-misps": 0,
        "access-misp-rate": 0
    }
}