{
    "weight": 1.00000017,
    "stats": {
        "insts": 64992977.294000894,
        "ipc": 0.8175061883342278,
        "cycles": 90901077.75223483,
        "reg-taints": 0.0,
        "mem-taints": 0.0,
        "xmit-taints": 2927328.2989539388,
        "stalls": 334939117463.4381,
        "access-preds": 7078771.562517613,
        "access-misps": 456870.0511096513,
        "access-misp-rate": 0.06488382998332795
    }
}