{
    "weight": 0.9999993,
    "stats": {
        "insts": 50000062.97919289,
        "ipc": 1.0493669495049647,
        "cycles": 50092864.428674504,
        "reg-taints": 0.0,
        "mem-taints": 0.0,
        "xmit-taints": 0.0,
        "stalls": 5908608112.73818,
        "access-preds": 13546320.95947907,
        "access-misps": 12365571.939549757,
        "access-misp-rate": 0.9164928264567088
    }
}