{
    "weight": 0.999999552,
    "stats": {
        "access-misps": 953390.8100111348,
        "ipc": 1.6562790266457879,
        "insts": 50000039.7806376,
        "xmit-taints": 0.0,
        "mem-taints": 0.0,
        "loads": 15632609.750669343,
        "cycles": 33201995.435387816,
        "access-misp-rate": 0.05062328835900669,
        "access-preds": 18763088.47571091,
        "load-rate": 0.3126519433106775,
        "reg-taints": 0.0,
        "stalls": 11642086258.898981
    }
}