{
    "simpoint": {
        "interval": 6816,
        "weight": 0.0972148,
        "waypoints": [
            68203214195,
            68207351409,
            68235496377
        ],
        "name": "1"
    },
    "stats": {
        "insts": 50000012.0,
        "ipc": 1.624264,
        "cycles": 30783177.0,
        "reg-taints": 0.0,
        "mem-taints": 0.0,
        "xmit-taints": 0.0,
        "stalls": 17032203510,
        "access-preds": 14190217,
        "access-misps": 1125860,
        "access-misp-rate": 0.0793405766803989
    }
}