{
    "simpoint": {
        "interval": 20608,
        "weight": 0.173667,
        "waypoints": [
            164880175011,
            164881697469,
            164890126069
        ],
        "name": "6"
    },
    "stats": {
        "insts": 54152889.0,
        "ipc": 1.099771,
        "cycles": 49240144.0,
        "reg-taints": 0.0,
        "mem-taints": 0.0,
        "xmit-taints": 1649015.0,
        "stalls": 3153389045,
        "access-preds": 6445604,
        "access-misps": 2632218,
        "access-misp-rate": 0.4083741415079176
    }
}