{
    "weight": 1.00000017,
    "stats": {
        "ipc": 0.7473752825064319,
        "loads": 17908237.519286618,
        "reg-taints": 0.0,
        "stalls": 132640269219.97702,
        "load-rate": 0.35816460577128906,
        "access-preds": 21493039.92723903,
        "mem-taints": 0.0,
        "access-misps": 2666069.257508146,
        "insts": 50000020.20381808,
        "xmit-taints": 0.0,
        "access-misp-rate": 0.12380755803298064,
        "cycles": 77540296.56816718
    }
}