{
    "weight": 0.9999998099999998,
    "stats": {
        "insts": 50000064.42501562,
        "ipc": 1.2286828061613035,
        "cycles": 40716855.17464808,
        "reg-taints": 0.0,
        "mem-taints": 0.0,
        "xmit-taints": 0.0,
        "stalls": 505915833.0095309,
        "access-preds": 19665904.885435876,
        "access-misps": 464435.8236882266,
        "access-misp-rate": 0.024788233074256358
    }
}