{
    "simpoint": {
        "interval": 32441,
        "weight": 0.00615222,
        "waypoints": [
            71868953532,
            71869666244,
            71871757542
        ],
        "name": "1"
    },
    "stats": {
        "insts": 50000160.0,
        "ipc": 1.11957,
        "cycles": 44660158.0,
        "loads": 18916937.0,
        "load-rate": 0.37833752931990616,
        "stalls": 0,
        "access-preds": 0,
        "access-misps": 0,
        "access-misp-rate": 0
    }
}