{
    "simpoint": {
        "interval": 32,
        "weight": 0.0996584,
        "waypoints": [
            689975628,
            695855026,
            725251708
        ],
        "name": "0"
    },
    "stats": {
        "insts": 50000151.0,
        "ipc": 1.64982,
        "cycles": 30306434.0,
        "reg-taints": 0.0,
        "mem-taints": 0.0,
        "xmit-taints": 0.0,
        "stalls": 133672572025,
        "access-preds": 5302850,
        "access-misps": 0,
        "access-misp-rate": 0.0
    }
}