{
    "simpoint": {
        "interval": 3752,
        "weight": 0.0568152,
        "waypoints": [
            30278854373,
            30280437679,
            30288383754
        ],
        "name": "1"
    },
    "stats": {
        "insts": 53676323.0,
        "ipc": 1.970848,
        "cycles": 27235143.0,
        "reg-taints": 0.0,
        "mem-taints": 0.0,
        "xmit-taints": 1370395.0,
        "loads": 13095168.0,
        "load-rate": 0.24396544450334276,
        "stalls": 6700867200,
        "access-preds": 5227981,
        "access-misps": 220545,
        "access-misp-rate": 0.04218550143927455
    }
}