{
    "simpoint": {
        "interval": 22746,
        "weight": 0.00254273,
        "waypoints": [
            289013185169,
            289015845950,
            289029117941
        ],
        "name": "9"
    },
    "stats": {
        "insts": 55370749.0,
        "ipc": 1.328905,
        "cycles": 41666451.0,
        "reg-taints": 0.0,
        "mem-taints": 0.0,
        "xmit-taints": 1715827.0,
        "loads": 12273447.0,
        "load-rate": 0.2216593999839157,
        "stalls": 26697273000,
        "access-preds": 5668030,
        "access-misps": 5344254,
        "access-misp-rate": 0.9428768019929323
    }
}