{
    "simpoint": {
        "interval": 108130,
        "weight": 0.0553263,
        "waypoints": [
            229268601786,
            229270494796,
            229272893867
        ],
        "name": "6"
    },
    "stats": {
        "insts": 50000340.0,
        "ipc": 2.162871,
        "cycles": 23117579.0,
        "reg-taints": 0.0,
        "mem-taints": 0.0,
        "xmit-taints": 0.0,
        "loads": 13880526.0,
        "load-rate": 0.2776086322613006,
        "stalls": 83333677412,
        "access-preds": 15264090,
        "access-misps": 13583875,
        "access-misp-rate": 0.8899236705234311
    }
}