{
    "simpoint": {
        "interval": 5224,
        "weight": 0.114619,
        "waypoints": [
            61252514864,
            61254543932,
            61265832680
        ],
        "name": "7"
    },
    "stats": {
        "insts": 50000102.0,
        "ipc": 1.833396,
        "cycles": 27271851.0,
        "reg-taints": 0.0,
        "mem-taints": 0.0,
        "xmit-taints": 0.0,
        "loads": 9619299.0,
        "load-rate": 0.19238558753340143,
        "stalls": 526161436,
        "access-preds": 11484554,
        "access-misps": 370562,
        "access-misp-rate": 0.03226612021677115
    }
}