{
    "simpoint": {
        "interval": 153810,
        "weight": 0.0128253,
        "waypoints": [
            324995499735,
            324996366938,
            324999314713
        ],
        "name": "7"
    },
    "stats": {
        "insts": 50000064.0,
        "ipc": 1.589059,
        "cycles": 31465203.0,
        "reg-taints": 0.0,
        "mem-taints": 0.0,
        "xmit-taints": 9050.0,
        "loads": 14468341.0,
        "load-rate": 0.2893664496109445,
        "stalls": 10444251292,
        "access-preds": 623282,
        "access-misps": 1283,
        "access-misp-rate": 0.0020584582901479586
    }
}