{
    "weight": 0.9999986999999999,
    "stats": {
        "access-misps": 81203.96701995714,
        "cycles": 61988477.218152575,
        "mem-taints": 0.0,
        "reg-taints": 0.0,
        "ipc": 0.8215974910010384,
        "load-rate": 0.247316291208727,
        "access-preds": 2590893.3838168993,
        "access-misp-rate": 0.028412135556757277,
        "loads": 12507202.406503828,
        "insts": 50581603.41324564,
        "stalls": 27177994869.425346,
        "xmit-taints": 2645798.0140492185
    }
}