{
    "simpoint": {
        "interval": 19093,
        "weight": 0.0130689,
        "waypoints": [
            442361517955,
            442366307298,
            442386152419
        ],
        "name": "3"
    },
    "stats": {
        "insts": 54056630.0,
        "ipc": 0.927229,
        "cycles": 58299103.0,
        "reg-taints": 0.0,
        "mem-taints": 0.0,
        "xmit-taints": 1374855.0,
        "stalls": 1907861638,
        "access-preds": 9436992,
        "access-misps": 352511,
        "access-misp-rate": 0.037354169633713796
    }
}