{
    "simpoint": {
        "interval": 2681,
        "weight": 0.0726879,
        "waypoints": [
            34494367413,
            34496954367,
            34509934671
        ],
        "name": "3"
    },
    "stats": {
        "insts": 50000068.0,
        "ipc": 0.805367,
        "cycles": 62083562.0,
        "reg-taints": 0.0,
        "mem-taints": 0.0,
        "xmit-taints": 0.0,
        "loads": 17164907.0,
        "load-rate": 0.34329767311516457,
        "stalls": 45323529727,
        "access-preds": 20599255,
        "access-misps": 18126319,
        "access-misp-rate": 0.879950221500729
    }
}