{
    "simpoint": {
        "interval": 1726,
        "weight": 0.0593762,
        "waypoints": [
            20222950431,
            20223932841,
            20237556387
        ],
        "name": "3"
    },
    "stats": {
        "insts": 50000209.0,
        "ipc": 1.309742,
        "cycles": 38175628.0,
        "pub-annot-reg-rate": NaN,
        "pub-annot-load-rate": NaN,
        "pub-annot-load-count": 0.0,
        "annot-load-count": 0.0,
        "prot-regs": 92484900.0,
        "unprot-regs": 20239851.0,
        "loads": 9980516.0,
        "load-rate": 0.19960948563235006,
        "stalls": 144442472000,
        "access-preds": 0,
        "access-misps": 0,
        "access-misp-rate": 0,
        "unprot-regs-inst": 0.40479532795552914,
        "unprot-regs-rate": 0.1795510819092428
    }
}