{
    "simpoint": {
        "interval": 10502,
        "weight": 0.0649377,
        "waypoints": [
            151694479111,
            151698258727,
            151719374333
        ],
        "name": "3"
    },
    "stats": {
        "insts": 51899204.0,
        "ipc": 0.873141,
        "cycles": 59439689.0,
        "reg-taints": 0.0,
        "mem-taints": 0.0,
        "xmit-taints": 10930554.0,
        "loads": 12705727.0,
        "load-rate": 0.24481545034871827,
        "stalls": 13195429519,
        "access-preds": 6440154,
        "access-misps": 3574928,
        "access-misp-rate": 0.5550997693533416
    }
}