{
    "weight": 0.9999993,
    "stats": {
        "insts": 50000062.04117533,
        "ipc": 1.3807608525046966,
        "cycles": 39199210.97257688,
        "reg-taints": 0.0,
        "mem-taints": 0.0,
        "xmit-taints": 0.0,
        "stalls": 3741397712.659468,
        "access-preds": 13546320.95947907,
        "access-misps": 947300.3196440237,
        "access-misp-rate": 0.0651079789818177
    }
}