{
    "simpoint": {
        "interval": 41440,
        "weight": 0.14246,
        "waypoints": [
            644894324154,
            644897490433,
            644913410359
        ],
        "name": "7"
    },
    "stats": {
        "insts": 50062682.0,
        "ipc": 0.552312,
        "cycles": 90641988.0,
        "reg-taints": 0.0,
        "mem-taints": 0.0,
        "xmit-taints": 17064888.0,
        "stalls": 6469419698,
        "access-preds": 1199090,
        "access-misps": 51288,
        "access-misp-rate": 0.04277243576378754
    }
}