{
    "simpoint": {
        "interval": 37395,
        "weight": 0.007839,
        "waypoints": [
            364121378550,
            364123554746,
            364135261781
        ],
        "name": "5"
    },
    "stats": {
        "insts": 50000034.0,
        "ipc": 1.169054,
        "cycles": 42769646.0,
        "reg-taints": 0.0,
        "mem-taints": 0.0,
        "xmit-taints": 0.0,
        "stalls": 50276932393,
        "access-preds": 19209738,
        "access-misps": 8374114,
        "access-misp-rate": 0.4359306722455038
    }
}