{
    "simpoint": {
        "interval": 18656,
        "weight": 0.160564,
        "waypoints": [
            292245499067,
            292248588187,
            292264169099
        ],
        "name": "3"
    },
    "stats": {
        "insts": 55114006.0,
        "ipc": 1.427025,
        "cycles": 38621614.0,
        "reg-taints": 0.0,
        "mem-taints": 0.0,
        "xmit-taints": 2076051.0,
        "loads": 13633229.0,
        "load-rate": 0.2473641455132113,
        "stalls": 8743273949,
        "access-preds": 7389735,
        "access-misps": 521015,
        "access-misp-rate": 0.07050523462614018
    }
}