{
    "simpoint": {
        "interval": 22480,
        "weight": 0.0592294,
        "waypoints": [
            351078840256,
            351081724897,
            351096183670
        ],
        "name": "4"
    },
    "stats": {
        "insts": 54885483.0,
        "ipc": 1.469888,
        "cycles": 37339898.0,
        "reg-taints": 0.0,
        "mem-taints": 0.0,
        "xmit-taints": 2087825.0,
        "loads": 13940419.0,
        "load-rate": 0.25399100523539164,
        "stalls": 7298018506,
        "access-preds": 7612407,
        "access-misps": 490961,
        "access-misp-rate": 0.06449484374653115
    }
}