{
    "simpoint": {
        "interval": 29586,
        "weight": 0.0362736,
        "waypoints": [
            414697043933,
            414702257168,
            414727434303
        ],
        "name": "4"
    },
    "stats": {
        "insts": 54154082.0,
        "ipc": 0.286593,
        "cycles": 188958466.0,
        "reg-taints": 0.0,
        "mem-taints": 0.0,
        "xmit-taints": 6296545.0,
        "loads": 19830265.0,
        "load-rate": 0.3661822759732129,
        "stalls": 2590316556423,
        "access-preds": 7791802,
        "access-misps": 4332,
        "access-misp-rate": 0.0005559689530098429
    }
}