{
    "simpoint": {
        "interval": 20608,
        "weight": 0.173667,
        "waypoints": [
            164880175011,
            164881697469,
            164890126069
        ],
        "name": "6"
    },
    "stats": {
        "insts": 50000026.0,
        "ipc": 1.253018,
        "cycles": 39903682.0,
        "reg-taints": 0.0,
        "mem-taints": 0.0,
        "xmit-taints": 0.0,
        "stalls": 5887964714,
        "access-preds": 15656529,
        "access-misps": 872869,
        "access-misp-rate": 0.05575111827148917
    }
}