{
    "simpoint": {
        "interval": 37395,
        "weight": 0.007839,
        "waypoints": [
            364129597994,
            364131774190,
            364143481225
        ],
        "name": "5"
    },
    "stats": {
        "insts": 50000038.0,
        "ipc": 0.879105,
        "cycles": 56876082.0,
        "pub-annot-reg-rate": NaN,
        "pub-annot-load-rate": NaN,
        "pub-annot-load-count": 0.0,
        "annot-load-count": 0.0,
        "prot-regs": 60834120.0,
        "unprot-regs": 49222302.0,
        "loads": 15992110.0,
        "load-rate": 0.31984195692011275,
        "stalls": 167773540500,
        "access-preds": 0,
        "access-misps": 0,
        "access-misp-rate": 0,
        "unprot-regs-inst": 0.9844452918215782,
        "unprot-regs-rate": 0.4472460680213645
    }
}