{
    "simpoint": {
        "interval": 9839,
        "weight": 0.105046,
        "waypoints": [
            151815996638,
            151819203984,
            151835425550
        ],
        "name": "2"
    },
    "stats": {
        "insts": 50062115.0,
        "ipc": 0.481767,
        "cycles": 103913575.0,
        "reg-taints": 0.0,
        "mem-taints": 0.0,
        "xmit-taints": 16602253.0,
        "loads": 12116700.0,
        "load-rate": 0.24203332200407435,
        "stalls": 429545658686,
        "access-preds": 1298904,
        "access-misps": 1203124,
        "access-misp-rate": 0.9262609091972925
    }
}