{
    "simpoint": {
        "interval": 5199,
        "weight": 0.0561818,
        "waypoints": [
            60945199691,
            60947328793,
            60959029852
        ],
        "name": "6"
    },
    "stats": {
        "insts": 50000039.0,
        "ipc": 0.945434,
        "cycles": 52885821.0,
        "pub-annot-reg-rate": NaN,
        "pub-annot-load-rate": NaN,
        "pub-annot-load-count": 0.0,
        "annot-load-count": 0.0,
        "prot-regs": 90827292.0,
        "unprot-regs": 24989643.0,
        "loads": 10478715.0,
        "load-rate": 0.2095741365321735,
        "stalls": 171985782500,
        "access-preds": 0,
        "access-misps": 0,
        "access-misp-rate": 0,
        "unprot-regs-inst": 0.4997924701618733,
        "unprot-regs-rate": 0.21576847116529202
    }
}