{
    "simpoint": {
        "interval": 14696,
        "weight": 0.241658,
        "waypoints": [
            117669201327,
            117670773489,
            117678497461
        ],
        "name": "5"
    },
    "stats": {
        "insts": 54010671.0,
        "ipc": 1.490876,
        "cycles": 36227462.0,
        "reg-taints": 0.0,
        "mem-taints": 0.0,
        "xmit-taints": 1536443.0,
        "stalls": 65039838290,
        "access-preds": 5354093,
        "access-misps": 151421,
        "access-misp-rate": 0.02828135409676298
    }
}