{
    "simpoint": {
        "interval": 176856,
        "weight": 0.741968,
        "waypoints": [
            374065025263,
            374065313644,
            374066756543
        ],
        "name": "8"
    },
    "stats": {
        "insts": 50000123.0,
        "ipc": 1.384574,
        "cycles": 36112286.0,
        "reg-taints": 0.0,
        "mem-taints": 0.0,
        "xmit-taints": 0.0,
        "stalls": 898790388,
        "access-preds": 26929346,
        "access-misps": 437516,
        "access-misp-rate": 0.016246811192518376
    }
}