{
    "simpoint": {
        "interval": 39859,
        "weight": 0.212529,
        "waypoints": [
            391505260338,
            391507611345,
            391518596023
        ],
        "name": "6"
    },
    "stats": {
        "insts": 52984039.0,
        "ipc": 1.003975,
        "cycles": 52774249.0,
        "reg-taints": 0.0,
        "mem-taints": 0.0,
        "xmit-taints": 1522876.0,
        "loads": 13744803.0,
        "load-rate": 0.25941402843977224,
        "stalls": 10778702992,
        "access-preds": 12651775,
        "access-misps": 11055754,
        "access-misp-rate": 0.8738500329005219
    }
}