{
    "weight": 0.9999996,
    "stats": {
        "mem-taints": 0.0,
        "insts": 51357533.154355355,
        "access-misp-rate": 0.005424024987584483,
        "access-misps": 40623.116614146646,
        "reg-taints": 0.0,
        "stalls": 644384730006.5145,
        "load-rate": 0.371217476144185,
        "access-preds": 6517430.732483494,
        "loads": 19019989.313144926,
        "ipc": 1.2698961657847665,
        "xmit-taints": 1908133.432449673,
        "cycles": 42590645.47411409
    }
}