{
    "weight": 0.9999998099999998,
    "stats": {
        "xmit-taints": 2024318.7180636968,
        "access-preds": 6147203.816221936,
        "access-misp-rate": 0.03481197161530631,
        "load-rate": 0.32064987598080186,
        "mem-taints": 0.0,
        "access-misps": 117928.6619525958,
        "loads": 16565834.535154644,
        "cycles": 35781075.40866972,
        "insts": 51756451.53705375,
        "reg-taints": 0.0,
        "stalls": 61428493450.86778,
        "ipc": 1.5752188746439564
    }
}