{
    "simpoint": {
        "interval": 1033,
        "weight": 0.0814159,
        "waypoints": [
            2457093611,
            2457462439,
            2461062330
        ],
        "name": "0"
    },
    "stats": {
        "insts": 50000328.0,
        "ipc": 0.324329,
        "cycles": 154165311.0,
        "reg-taints": 0.0,
        "mem-taints": 0.0,
        "xmit-taints": 23972755.0,
        "loads": 17978119.0,
        "load-rate": 0.35956002128626036,
        "stalls": 5134863137435,
        "access-preds": 136448,
        "access-misps": 136394,
        "access-misp-rate": 0.9996042448405253
    }
}