{
    "weight": 1.0000004,
    "stats": {
        "insts": 50000096.64294424,
        "mem-taints": 0.0,
        "access-misp-rate": 0.9191958201956912,
        "load-rate": 0.41568750752867883,
        "reg-taints": 0.0,
        "ipc": 1.4883187562671973,
        "xmit-taints": 0.0,
        "loads": 20784415.437145524,
        "stalls": 59215354315.58931,
        "cycles": 34874160.321033366,
        "access-preds": 25168283.290889584,
        "access-misps": 23171890.785306886
    }
}