{
    "simpoint": {
        "interval": 706,
        "weight": 0.000253552,
        "waypoints": [
            6595850468,
            6600455051,
            6623794284
        ],
        "name": "0"
    },
    "stats": {
        "insts": 50000015.0,
        "ipc": 0.360132,
        "cycles": 138837864.0,
        "pub-annot-reg-rate": NaN,
        "pub-annot-load-rate": NaN,
        "pub-annot-load-count": 0.0,
        "annot-load-count": 0.0,
        "prot-regs": 85987398.0,
        "unprot-regs": 35340565.0,
        "loads": 16736840.0,
        "load-rate": 0.3347366995789901,
        "stalls": 179085760000,
        "access-preds": 0,
        "access-misps": 0,
        "access-misp-rate": 0,
        "unprot-regs-inst": 0.7068110879566736,
        "unprot-regs-rate": 0.29128128525490865
    }
}