{
    "simpoint": {
        "interval": 490852,
        "weight": 0.157265,
        "waypoints": [
            841131906266,
            841132130401,
            841133303706
        ],
        "name": "6"
    },
    "stats": {
        "insts": 50717090.0,
        "ipc": 1.01544,
        "cycles": 49945932.0,
        "reg-taints": 0.0,
        "mem-taints": 0.0,
        "xmit-taints": 990048.0,
        "loads": 17208341.0,
        "load-rate": 0.3393006381083773,
        "stalls": 84893976732,
        "access-preds": 4318456,
        "access-misps": 91449,
        "access-misp-rate": 0.021176318573119652
    }
}