{
    "simpoint": {
        "interval": 2681,
        "weight": 0.0726879,
        "waypoints": [
            34494367413,
            34496954367,
            34509934671
        ],
        "name": "3"
    },
    "stats": {
        "insts": 49982554.0,
        "ipc": 0.298882,
        "cycles": 167231730.0,
        "reg-taints": 0.0,
        "mem-taints": 0.0,
        "xmit-taints": 24020300.0,
        "loads": 17164907.0,
        "load-rate": 0.34341796539648617,
        "stalls": 1748929664844,
        "access-preds": 2701003,
        "access-misps": 184161,
        "access-misp-rate": 0.06818244926051545
    }
}