{
    "simpoint": {
        "interval": 9883,
        "weight": 0.0988081,
        "waypoints": [
            223451837714,
            223454836081,
            223470641629
        ],
        "name": "1"
    },
    "stats": {
        "insts": 50000050.0,
        "ipc": 1.166042,
        "cycles": 42880146.0,
        "reg-taints": 0.0,
        "mem-taints": 0.0,
        "xmit-taints": 0.0,
        "loads": 12196764.0,
        "load-rate": 0.24393503606496394,
        "stalls": 1068178213,
        "access-preds": 14779847,
        "access-misps": 1037918,
        "access-misp-rate": 0.07022521951681908
    }
}