{
    "weight": 1.0000005280000002,
    "stats": {
        "cycles": 34409067.90964929,
        "reg-taints": 0.0,
        "xmit-taints": 2141042.6508468585,
        "ipc": 1.4654492637000707,
        "mem-taints": 0.0,
        "access-misps": 21224.749626764195,
        "access-misp-rate": 0.0022451805038893476,
        "insts": 50172463.88719748,
        "stalls": 147683128753.50415,
        "access-preds": 6660873.147022675,
        "loads": 6157709.358592563,
        "load-rate": 0.12243245154718517
    }
}