{
    "simpoint": {
        "interval": 5224,
        "weight": 0.114619,
        "waypoints": [
            61252514864,
            61254543932,
            61265832680
        ],
        "name": "7"
    },
    "stats": {
        "insts": 50000102.0,
        "ipc": 1.786662,
        "cycles": 27985209.0,
        "reg-taints": 0.0,
        "mem-taints": 0.0,
        "xmit-taints": 0.0,
        "stalls": 8129889095,
        "access-preds": 11484554,
        "access-misps": 907540,
        "access-misp-rate": 0.07902265947811295
    }
}