{
    "simpoint": {
        "interval": 984,
        "weight": 0.0721535,
        "waypoints": [
            11505589094,
            11508197954,
            11518382007
        ],
        "name": "0"
    },
    "stats": {
        "insts": 50000163.0,
        "ipc": 1.770668,
        "cycles": 28238022.0,
        "reg-taints": 0.0,
        "mem-taints": 0.0,
        "xmit-taints": 0.0,
        "loads": 9906244.0,
        "load-rate": 0.19812423411499677,
        "stalls": 2995446094,
        "access-preds": 11866183,
        "access-misps": 628150,
        "access-misp-rate": 0.05293614635810016
    }
}