{
    "simpoint": {
        "interval": 41440,
        "weight": 0.14246,
        "waypoints": [
            644894318016,
            644897484295,
            644913404221
        ],
        "name": "7"
    },
    "stats": {
        "insts": 50000039.0,
        "ipc": 1.456902,
        "cycles": 34319428.0,
        "reg-taints": 0.0,
        "mem-taints": 0.0,
        "xmit-taints": 0.0,
        "loads": 12348332.0,
        "load-rate": 0.24696644736617104,
        "stalls": 4021926965,
        "access-preds": 14818740,
        "access-misps": 498342,
        "access-misp-rate": 0.03362917495009697
    }
}