{
    "simpoint": {
        "interval": 984,
        "weight": 0.0721535,
        "waypoints": [
            11505589094,
            11508197954,
            11518382007
        ],
        "name": "0"
    },
    "stats": {
        "insts": 50000163.0,
        "ipc": 1.791843,
        "cycles": 27904318.0,
        "reg-taints": 0.0,
        "mem-taints": 0.0,
        "xmit-taints": 0.0,
        "loads": 9906244.0,
        "load-rate": 0.19812423411499677,
        "stalls": 1264484564,
        "access-preds": 11866183,
        "access-misps": 329366,
        "access-misp-rate": 0.02775669311690204
    }
}