{
    "simpoint": {
        "interval": 29806,
        "weight": 0.283652,
        "waypoints": [
            543529764312,
            543533131560,
            543549661026
        ],
        "name": "2"
    },
    "stats": {
        "insts": 51978157.0,
        "ipc": 0.804388,
        "cycles": 64618266.0,
        "reg-taints": 0.0,
        "mem-taints": 0.0,
        "xmit-taints": 1848007.0,
        "stalls": 3594263359,
        "access-preds": 2124167,
        "access-misps": 146571,
        "access-misp-rate": 0.06900163687694988
    }
}