{
    "simpoint": {
        "interval": 108130,
        "weight": 0.0553263,
        "waypoints": [
            229268601786,
            229270494796,
            229272893867
        ],
        "name": "6"
    },
    "stats": {
        "insts": 50000340.0,
        "ipc": 0.703842,
        "cycles": 71039202.0,
        "reg-taints": 0.0,
        "mem-taints": 0.0,
        "xmit-taints": 11239482.0,
        "loads": 13880526.0,
        "load-rate": 0.2776086322613006,
        "stalls": 1222921272155,
        "access-preds": 607174,
        "access-misps": 606942,
        "access-misp-rate": 0.9996179019523234
    }
}