{
    "weight": 0.9999989000000001,
    "stats": {
        "access-preds": 14982818.48984984,
        "xmit-taints": 0.0,
        "cycles": 34002261.829079315,
        "stalls": 2378519818.288598,
        "access-misps": 329076.79488197435,
        "access-misp-rate": 0.021970847784805545,
        "loads": 12481002.800318481,
        "reg-taints": 0.0,
        "mem-taints": 0.0,
        "ipc": 1.4716805352865885,
        "load-rate": 0.2496198898568978,
        "insts": 50000033.21214053
    }
}