{
    "simpoint": {
        "interval": 4298,
        "weight": 0.0964486,
        "waypoints": [
            55308186049,
            55310737988,
            55323443931
        ],
        "name": "4"
    },
    "stats": {
        "insts": 54739687.0,
        "ipc": 0.788088,
        "cycles": 69458874.0,
        "reg-taints": 0.0,
        "mem-taints": 0.0,
        "xmit-taints": 3437039.0,
        "stalls": 97154776448,
        "access-preds": 13008984,
        "access-misps": 1462631,
        "access-misp-rate": 0.1124323775015789
    }
}