{
    "simpoint": {
        "interval": 14696,
        "weight": 0.241658,
        "waypoints": [
            117669201327,
            117670773489,
            117678497461
        ],
        "name": "5"
    },
    "stats": {
        "insts": 54010672.0,
        "ipc": 1.462986,
        "cycles": 36918094.0,
        "reg-taints": 0.0,
        "mem-taints": 0.0,
        "xmit-taints": 1536443.0,
        "stalls": 71873170519,
        "access-preds": 5354093,
        "access-misps": 451061,
        "access-misp-rate": 0.08424601515139912
    }
}