{
    "simpoint": {
        "interval": 8330,
        "weight": 0.00348875,
        "waypoints": [
            102257062562,
            102260428533,
            102278767931
        ],
        "name": "2"
    },
    "stats": {
        "insts": 50000017.0,
        "ipc": 1.651935,
        "cycles": 30267552.0,
        "reg-taints": 0.0,
        "mem-taints": 0.0,
        "xmit-taints": 0.0,
        "loads": 12833841.0,
        "load-rate": 0.2566767327299109,
        "stalls": 1132910461,
        "access-preds": 16079710,
        "access-misps": 589517,
        "access-misp-rate": 0.03666216617090731
    }
}