{
    "simpoint": {
        "interval": 4298,
        "weight": 0.0964486,
        "waypoints": [
            55308186049,
            55310737988,
            55323443931
        ],
        "name": "4"
    },
    "stats": {
        "insts": 50000045.0,
        "ipc": 0.803594,
        "cycles": 62220505.0,
        "reg-taints": 0.0,
        "mem-taints": 0.0,
        "xmit-taints": 0.0,
        "stalls": 41475912675,
        "access-preds": 20605222,
        "access-misps": 1847781,
        "access-misp-rate": 0.08967537452399202
    }
}