{
    "simpoint": {
        "interval": 5955,
        "weight": 0.114242,
        "waypoints": [
            47869786773,
            47871621730,
            47879731603
        ],
        "name": "3"
    },
    "stats": {
        "insts": 50000028.0,
        "ipc": 1.45124,
        "cycles": 34453317.0,
        "reg-taints": 0.0,
        "mem-taints": 0.0,
        "xmit-taints": 0.0,
        "stalls": 5974079505,
        "access-preds": 15588012,
        "access-misps": 697090,
        "access-misp-rate": 0.044719621719562445
    }
}