{
    "simpoint": {
        "interval": 66874,
        "weight": 0.00421115,
        "waypoints": [
            143913074110,
            143914730259,
            143922718087
        ],
        "name": "3"
    },
    "stats": {
        "insts": 50000056.0,
        "ipc": 1.435257,
        "cycles": 34837003.0,
        "loads": 5487841.0,
        "load-rate": 0.10975669707249928,
        "stalls": 0,
        "access-preds": 0,
        "access-misps": 0,
        "access-misp-rate": 0
    }
}