{
    "simpoint": {
        "interval": 29069,
        "weight": 0.24349,
        "waypoints": [
            679799077298,
            679803832986,
            679827701512
        ],
        "name": "5"
    },
    "stats": {
        "insts": 64543772.0,
        "ipc": 0.853026,
        "cycles": 75664511.0,
        "reg-taints": 0.0,
        "mem-taints": 0.0,
        "xmit-taints": 2714337.0,
        "loads": 18420083.0,
        "load-rate": 0.2853890070137209,
        "stalls": 54715324430,
        "access-preds": 6118870,
        "access-misps": 690464,
        "access-misp-rate": 0.11284175019243749
    }
}