{
    "simpoint": {
        "interval": 4298,
        "weight": 0.0964486,
        "waypoints": [
            55308186049,
            55310737988,
            55323443931
        ],
        "name": "4"
    },
    "stats": {
        "insts": 49973987.0,
        "ipc": 0.287729,
        "cycles": 173684186.0,
        "reg-taints": 0.0,
        "mem-taints": 0.0,
        "xmit-taints": 24018541.0,
        "loads": 17162503.0,
        "load-rate": 0.34342873223223114,
        "stalls": 748366918981,
        "access-preds": 2704569,
        "access-misps": 2111535,
        "access-misp-rate": 0.7807288333187284
    }
}