{
    "simpoint": {
        "interval": 49513,
        "weight": 0.00390034,
        "waypoints": [
            682877252850,
            682878883697,
            682888353662
        ],
        "name": "1"
    },
    "stats": {
        "insts": 50000094.0,
        "ipc": 1.215811,
        "cycles": 41124905.0,
        "reg-taints": 0.0,
        "mem-taints": 0.0,
        "xmit-taints": 0.0,
        "loads": 13991215.0,
        "load-rate": 0.27982377393130503,
        "stalls": 1673057619,
        "access-preds": 16694788,
        "access-misps": 494458,
        "access-misp-rate": 0.029617506972834873
    }
}