{
    "simpoint": {
        "interval": 23216,
        "weight": 0.183973,
        "waypoints": [
            185711373966,
            185713251653,
            185720987544
        ],
        "name": "7"
    },
    "stats": {
        "insts": 53800276.0,
        "ipc": 1.287475,
        "cycles": 41787449.0,
        "reg-taints": 0.0,
        "mem-taints": 0.0,
        "xmit-taints": 1478836.0,
        "stalls": 1382693638,
        "access-preds": 5705053,
        "access-misps": 298917,
        "access-misp-rate": 0.05239513112323409
    }
}