{
    "simpoint": {
        "interval": 41440,
        "weight": 0.14246,
        "waypoints": [
            644894324154,
            644897490433,
            644913410359
        ],
        "name": "7"
    },
    "stats": {
        "insts": 50000038.0,
        "ipc": 1.472122,
        "cycles": 33964609.0,
        "reg-taints": 0.0,
        "mem-taints": 0.0,
        "xmit-taints": 0.0,
        "stalls": 2558122990,
        "access-preds": 14818740,
        "access-misps": 277189,
        "access-misp-rate": 0.01870530153035953
    }
}