{
    "simpoint": {
        "interval": 22233,
        "weight": 0.0279864,
        "waypoints": [
            610432268432,
            610438045612,
            610465648206
        ],
        "name": "7"
    },
    "stats": {
        "insts": 50000118.0,
        "ipc": 1.413709,
        "cycles": 35368042.0,
        "loads": 20532961.0,
        "load-rate": 0.410658250846528,
        "stalls": 0,
        "access-preds": 0,
        "access-misps": 0,
        "access-misp-rate": 0
    }
}