{
    "simpoint": {
        "interval": 675,
        "weight": 0.078825,
        "waypoints": [
            8395669732,
            8398266403,
            8411283771
        ],
        "name": "2"
    },
    "stats": {
        "insts": 50000017.0,
        "ipc": 0.817695,
        "cycles": 61147480.0,
        "reg-taints": 0.0,
        "mem-taints": 0.0,
        "xmit-taints": 0.0,
        "loads": 17158951.0,
        "load-rate": 0.3431789033191729,
        "stalls": 54039906573,
        "access-preds": 20607973,
        "access-misps": 3501005,
        "access-misp-rate": 0.16988594657029102
    }
}