{
    "simpoint": {
        "interval": 23485,
        "weight": 0.196342,
        "waypoints": [
            446431669982,
            446437281494,
            446460005165
        ],
        "name": "7"
    },
    "stats": {
        "insts": 50000012.0,
        "ipc": 0.811403,
        "cycles": 61621641.0,
        "reg-taints": 0.0,
        "mem-taints": 0.0,
        "xmit-taints": 0.0,
        "loads": 14583619.0,
        "load-rate": 0.2916723099986456,
        "stalls": 18116426793,
        "access-preds": 17290370,
        "access-misps": 561354,
        "access-misp-rate": 0.03246628036299975
    }
}