{
    "simpoint": {
        "interval": 29069,
        "weight": 0.24349,
        "waypoints": [
            679799077298,
            679803832986,
            679827701512
        ],
        "name": "5"
    },
    "stats": {
        "insts": 50000027.0,
        "ipc": 1.104085,
        "cycles": 45286390.0,
        "reg-taints": 0.0,
        "mem-taints": 0.0,
        "xmit-taints": 0.0,
        "stalls": 2184151599,
        "access-preds": 17318461,
        "access-misps": 400258,
        "access-misp-rate": 0.02311163792209943
    }
}