{
    "weight": 1.0000000999999998,
    "stats": {
        "cycles": 46229560.19277339,
        "xmit-taints": 0.0,
        "mem-taints": 0.0,
        "loads": 14303525.809706723,
        "stalls": 25371855437.63474,
        "access-misps": 16563386.857016519,
        "insts": 50000040.407597765,
        "load-rate": 0.28607028648706834,
        "access-misp-rate": 0.9660895607164592,
        "access-preds": 17148270.967805006,
        "reg-taints": 0.0,
        "ipc": 1.08249410255479
    }
}