{
    "simpoint": {
        "interval": 370684,
        "weight": 0.0182343,
        "waypoints": [
            635536916468,
            635537412179,
            635540184426
        ],
        "name": "3"
    },
    "stats": {
        "insts": 50016071.0,
        "ipc": 0.924332,
        "cycles": 54110481.0,
        "reg-taints": 0.0,
        "mem-taints": 0.0,
        "xmit-taints": 2916859.0,
        "loads": 21359665.0,
        "load-rate": 0.42705603564902167,
        "stalls": 273442372615,
        "access-preds": 9737206,
        "access-misps": 8031369,
        "access-misp-rate": 0.8248124770082917
    }
}