{
    "simpoint": {
        "interval": 543,
        "weight": 0.0266456,
        "waypoints": [
            10191237702,
            10192885218,
            10201210939
        ],
        "name": "0"
    },
    "stats": {
        "insts": 55957757.0,
        "ipc": 1.223087,
        "cycles": 45751236.0,
        "reg-taints": 0.0,
        "mem-taints": 0.0,
        "xmit-taints": 1461206.0,
        "loads": 14337948.0,
        "load-rate": 0.2562280686125428,
        "stalls": 4050767432,
        "access-preds": 8539453,
        "access-misps": 532522,
        "access-misp-rate": 0.062360200354753405
    }
}