{
    "simpoint": {
        "interval": 706,
        "weight": 0.000253552,
        "waypoints": [
            6587638952,
            6592243535,
            6615582768
        ],
        "name": "0"
    },
    "stats": {
        "insts": 58287022.0,
        "ipc": 0.613068,
        "cycles": 95074266.0,
        "reg-taints": 0.0,
        "mem-taints": 0.0,
        "xmit-taints": 7282315.0,
        "loads": 16978660.0,
        "load-rate": 0.29129400366345704,
        "stalls": 61384515310,
        "access-preds": 1891227,
        "access-misps": 1670765,
        "access-misp-rate": 0.8834291177103542
    }
}