{
    "weight": 1.00000036,
    "stats": {
        "mem-taints": 0.0,
        "access-misp-rate": 0.01559128089159114,
        "load-rate": 0.3402568484694634,
        "loads": 17300152.54654714,
        "access-preds": 5294406.618218777,
        "xmit-taints": 1336067.1400836895,
        "reg-taints": 0.0,
        "insts": 50858824.89804052,
        "cycles": 52030522.04488154,
        "ipc": 0.9829217142329028,
        "access-misps": 63019.80737442935,
        "stalls": 103611562363.02168
    }
}