{
    "simpoint": {
        "interval": 5199,
        "weight": 0.0561818,
        "waypoints": [
            60945199305,
            60947328407,
            60959029466
        ],
        "name": "6"
    },
    "stats": {
        "insts": 50000039.0,
        "ipc": 0.801728,
        "cycles": 62365372.0,
        "reg-taints": 0.0,
        "mem-taints": 0.0,
        "xmit-taints": 0.0,
        "stalls": 470741880516,
        "access-preds": 12511412,
        "access-misps": 1610279,
        "access-misp-rate": 0.12870481764967856
    }
}