{
    "simpoint": {
        "interval": 12960,
        "weight": 0.306268,
        "waypoints": [
            165090540848,
            165093065340,
            165105724398
        ],
        "name": "7"
    },
    "stats": {
        "insts": 54703971.0,
        "ipc": 0.835264,
        "cycles": 65493032.0,
        "reg-taints": 0.0,
        "mem-taints": 0.0,
        "xmit-taints": 3469168.0,
        "stalls": 12358576508,
        "access-preds": 12982569,
        "access-misps": 783478,
        "access-misp-rate": 0.060348456457269745
    }
}