{
    "simpoint": {
        "interval": 43679,
        "weight": 0.0669796,
        "waypoints": [
            632458534034,
            632463526372,
            632488473628
        ],
        "name": "8"
    },
    "stats": {
        "insts": 50000768.0,
        "ipc": 0.282582,
        "cycles": 176942285.0,
        "reg-taints": 0.0,
        "mem-taints": 0.0,
        "xmit-taints": 27944.0,
        "stalls": 193801289466,
        "access-preds": 18845123,
        "access-misps": 5069,
        "access-misp-rate": 0.0002689820597084986
    }
}