{
    "weight": 1.0000008,
    "stats": {
        "access-preds": 2632959.08713353,
        "load-rate": 0.45569066102304495,
        "reg-taints": 0.0,
        "stalls": 2466299492491.265,
        "mem-taints": 0.0,
        "access-misps": 13977.047661261871,
        "loads": 22783935.21060343,
        "access-misp-rate": 0.050333358802588636,
        "cycles": 110938035.7062592,
        "xmit-taints": 15864370.17518126,
        "insts": 49999256.04372997,
        "ipc": 0.5341470207044834
    }
}