{
    "weight": 1.0000000999999998,
    "stats": {
        "load-rate": 0.2828971293033879,
        "stalls": 49709300594.69979,
        "insts": 64194071.51716816,
        "access-misp-rate": 0.04926067719314153,
        "mem-taints": 0.0,
        "cycles": 76003033.2049376,
        "xmit-taints": 3093317.953340705,
        "access-preds": 5989364.4649306545,
        "reg-taints": 0.0,
        "ipc": 0.8456306359661366,
        "access-misps": 294530.7852536216,
        "loads": 18162355.40400296
    }
}