{
    "simpoint": {
        "interval": 9883,
        "weight": 0.0988081,
        "waypoints": [
            223451837714,
            223454836081,
            223470641629
        ],
        "name": "1"
    },
    "stats": {
        "insts": 51811963.0,
        "ipc": 0.665323,
        "cycles": 77874939.0,
        "reg-taints": 0.0,
        "mem-taints": 0.0,
        "xmit-taints": 1516648.0,
        "stalls": 142767883300,
        "access-preds": 1905539,
        "access-misps": 108155,
        "access-misp-rate": 0.05675821906557672
    }
}