{
    "simpoint": {
        "interval": 23216,
        "weight": 0.183973,
        "waypoints": [
            185711373966,
            185713251653,
            185720987544
        ],
        "name": "7"
    },
    "stats": {
        "insts": 53800276.0,
        "ipc": 1.313186,
        "cycles": 40969277.0,
        "reg-taints": 0.0,
        "mem-taints": 0.0,
        "xmit-taints": 1478836.0,
        "loads": 13022772.0,
        "load-rate": 0.24205771732472153,
        "stalls": 155681278500,
        "access-preds": 5705053,
        "access-misps": 4716417,
        "access-misp-rate": 0.8267087089287338
    }
}