{
    "simpoint": {
        "interval": 31800,
        "weight": 0.243177,
        "waypoints": [
            744597648512,
            744602414654,
            744626229552
        ],
        "name": "6"
    },
    "stats": {
        "insts": 50000059.0,
        "ipc": 1.097182,
        "cycles": 45571331.0,
        "reg-taints": 0.0,
        "mem-taints": 0.0,
        "xmit-taints": 0.0,
        "stalls": 1956999377,
        "access-preds": 17167552,
        "access-misps": 318224,
        "access-misp-rate": 0.018536364415846825
    }
}