{
    "simpoint": {
        "interval": 59426,
        "weight": 0.137287,
        "waypoints": [
            177948812876,
            177949524165,
            177953140348
        ],
        "name": "3"
    },
    "stats": {
        "insts": 50000068.0,
        "ipc": 1.871465,
        "cycles": 26717073.0,
        "loads": 16256073.0,
        "load-rate": 0.32512101783541575,
        "stalls": 0,
        "access-preds": 0,
        "access-misps": 0,
        "access-misp-rate": 0
    }
}