{
    "weight": 0.9999993,
    "stats": {
        "stalls": 2740613877.8439155,
        "mem-taints": 0.0,
        "load-rate": 0.225117761388412,
        "ipc": 1.3884883592960515,
        "loads": 11255900.460964723,
        "cycles": 38929836.925706044,
        "reg-taints": 0.0,
        "access-preds": 13546320.95947907,
        "access-misp-rate": 0.05857485506267272,
        "xmit-taints": 0.0,
        "access-misps": 852709.9267547486,
        "insts": 50000062.26708149
    }
}