{
    "simpoint": {
        "interval": 19093,
        "weight": 0.0130689,
        "waypoints": [
            442361517955,
            442366307298,
            442386152419
        ],
        "name": "3"
    },
    "stats": {
        "insts": 50000066.0,
        "ipc": 1.063795,
        "cycles": 47001581.0,
        "reg-taints": 0.0,
        "mem-taints": 0.0,
        "xmit-taints": 0.0,
        "stalls": 1558007562,
        "access-preds": 18866931,
        "access-misps": 262657,
        "access-misp-rate": 0.01392155406727252
    }
}