{
    "simpoint": {
        "interval": 77284,
        "weight": 0.168161,
        "waypoints": [
            126611404721,
            126611774514,
            126613691663
        ],
        "name": "6"
    },
    "stats": {
        "insts": 50113782.0,
        "ipc": 0.716295,
        "cycles": 69962525.0,
        "reg-taints": 0.0,
        "mem-taints": 0.0,
        "xmit-taints": 3085242.0,
        "stalls": 39276860927,
        "access-preds": 2172325,
        "access-misps": 9884,
        "access-misp-rate": 0.004549963748518292
    }
}