{
    "simpoint": {
        "interval": 6816,
        "weight": 0.0972148,
        "waypoints": [
            68203212738,
            68207349952,
            68235494920
        ],
        "name": "1"
    },
    "stats": {
        "insts": 50000011.0,
        "ipc": 1.658101,
        "cycles": 30154978.0,
        "loads": 11695058.0,
        "load-rate": 0.2339011085417561,
        "stalls": 0,
        "access-preds": 0,
        "access-misps": 0,
        "access-misp-rate": 0
    }
}