{
    "simpoint": {
        "interval": 23638,
        "weight": 0.106128,
        "waypoints": [
            36605019184,
            36605340413,
            36606980302
        ],
        "name": "2"
    },
    "stats": {
        "insts": 50000235.0,
        "ipc": 0.751638,
        "cycles": 66521691.0,
        "pub-annot-reg-rate": NaN,
        "pub-annot-load-rate": NaN,
        "pub-annot-load-count": 0.0,
        "annot-load-count": 0.0,
        "prot-regs": 95544262.0,
        "unprot-regs": 37891929.0,
        "loads": 12027024.0,
        "load-rate": 0.2405393494650575,
        "stalls": 18523779500,
        "access-preds": 0,
        "access-misps": 0,
        "access-misp-rate": 0,
        "unprot-regs-inst": 0.7578350181754145,
        "unprot-regs-rate": 0.28397040350170066
    }
}