{
    "simpoint": {
        "interval": 49513,
        "weight": 0.00390034,
        "waypoints": [
            682877250790,
            682878881637,
            682888351602
        ],
        "name": "1"
    },
    "stats": {
        "insts": 50000095.0,
        "ipc": 0.770635,
        "cycles": 64881681.0,
        "pub-annot-reg-rate": NaN,
        "pub-annot-load-rate": NaN,
        "pub-annot-load-count": 0.0,
        "annot-load-count": 0.0,
        "prot-regs": 79073269.0,
        "unprot-regs": 8879488.0,
        "loads": 13991216.0,
        "load-rate": 0.27982378833480215,
        "stalls": 214595173000,
        "access-preds": 0,
        "access-misps": 0,
        "access-misp-rate": 0,
        "unprot-regs-inst": 0.1775894225800971,
        "unprot-regs-rate": 0.1009574719755516
    }
}