{
    "simpoint": {
        "interval": 305904,
        "weight": 0.0723263,
        "waypoints": [
            920106369889,
            920106576928,
            920108950804
        ],
        "name": "8"
    },
    "stats": {
        "insts": 50000457.0,
        "ipc": 0.877808,
        "cycles": 56960577.0,
        "reg-taints": 0.0,
        "mem-taints": 0.0,
        "xmit-taints": 1478551.0,
        "loads": 19872976.0,
        "load-rate": 0.39745588725319053,
        "stalls": 406571491686,
        "access-preds": 13450221,
        "access-misps": 9968441,
        "access-misp-rate": 0.741135851968529
    }
}