{
    "weight": 0.99999985,
    "stats": {
        "loads": 15141099.191293932,
        "pub-annot-load-count": 0.0,
        "unprot-regs": 15783364.938732391,
        "pub-annot-load-rate": 0,
        "load-rate": 0.30282100382401894,
        "unprot-regs-rate": 0.2350979730887708,
        "prot-regs": 51350224.82438513,
        "access-misp-rate": 0.0,
        "unprot-regs-inst": 0.3156662857113733,
        "access-misps": 0.0,
        "insts": 50000162.39654481,
        "access-preds": 0.0,
        "ipc": 0.27512533826140073,
        "pub-annot-reg-rate": 0,
        "annot-load-count": 0.0,
        "stalls": 12246737210.283583,
        "cycles": 194371107.8159188
    }
}