{
    "simpoint": {
        "interval": 1157649,
        "weight": 0.00732065,
        "waypoints": [
            21270634060931,
            21270637975187,
            21270657572159
        ],
        "name": "7"
    },
    "stats": {
        "insts": 52458295.0,
        "ipc": 1.154488,
        "cycles": 45438574.0,
        "reg-taints": 0.0,
        "mem-taints": 0.0,
        "xmit-taints": 339273.0,
        "loads": 5722796.0,
        "load-rate": 0.10909229893956714,
        "stalls": 8740197276,
        "access-preds": 229854,
        "access-misps": 229632,
        "access-misp-rate": 0.9990341695163016
    }
}