{
    "simpoint": {
        "interval": 10502,
        "weight": 0.0649377,
        "waypoints": [
            151694479111,
            151698258727,
            151719374333
        ],
        "name": "3"
    },
    "stats": {
        "insts": 50000014.0,
        "ipc": 0.848752,
        "cycles": 58910038.0,
        "reg-taints": 0.0,
        "mem-taints": 0.0,
        "xmit-taints": 0.0,
        "loads": 12492422.0,
        "load-rate": 0.24984837004245639,
        "stalls": 19287843322,
        "access-preds": 15122782,
        "access-misps": 7198082,
        "access-misp-rate": 0.47597604726431947
    }
}