{
    "weight": 1.0000000999999998,
    "stats": {
        "insts": 50000041.09886099,
        "ipc": 1.0974610849672914,
        "cycles": 45597660.183455095,
        "reg-taints": 0.0,
        "mem-taints": 0.0,
        "xmit-taints": 0.0,
        "stalls": 2120269783.022625,
        "access-preds": 17148271.198226083,
        "access-misps": 325647.14788208524,
        "access-misp-rate": 0.01907577761723212
    }
}