{
    "simpoint": {
        "interval": 5199,
        "weight": 0.0561818,
        "waypoints": [
            60945199305,
            60947328407,
            60959029466
        ],
        "name": "6"
    },
    "stats": {
        "insts": 50000037.0,
        "ipc": 1.671307,
        "cycles": 29916725.0,
        "reg-taints": 0.0,
        "mem-taints": 0.0,
        "xmit-taints": 0.0,
        "stalls": 6483589815,
        "access-preds": 12511412,
        "access-misps": 577982,
        "access-misp-rate": 0.04619638454876236
    }
}