{
    "simpoint": {
        "interval": 3354,
        "weight": 0.00322998,
        "waypoints": [
            37944203998,
            37949002768,
            37964226551
        ],
        "name": "0"
    },
    "stats": {
        "insts": 52796413.0,
        "ipc": 0.35284,
        "cycles": 149632591.0,
        "reg-taints": 0.0,
        "mem-taints": 0.0,
        "xmit-taints": 601776.0,
        "stalls": 310197820665,
        "access-preds": 2171776,
        "access-misps": 5804,
        "access-misp-rate": 0.002672467142099369
    }
}