{
    "simpoint": {
        "interval": 18656,
        "weight": 0.160564,
        "waypoints": [
            292245499067,
            292248588187,
            292264169099
        ],
        "name": "3"
    },
    "stats": {
        "insts": 50000023.0,
        "ipc": 1.094727,
        "cycles": 45673520.0,
        "loads": 12603245.0,
        "load-rate": 0.25206478405019933,
        "stalls": 0,
        "access-preds": 0,
        "access-misps": 0,
        "access-misp-rate": 0
    }
}