{
    "simpoint": {
        "interval": 23638,
        "weight": 0.106128,
        "waypoints": [
            36605019184,
            36605340413,
            36606980302
        ],
        "name": "2"
    },
    "stats": {
        "insts": 50000230.0,
        "ipc": 1.071664,
        "cycles": 46656635.0,
        "reg-taints": 0.0,
        "mem-taints": 0.0,
        "xmit-taints": 0.0,
        "loads": 12027024.0,
        "load-rate": 0.2405393735188818,
        "stalls": 1468927881,
        "access-preds": 14447801,
        "access-misps": 473684,
        "access-misp-rate": 0.0327858890082996
    }
}