{
    "simpoint": {
        "interval": 675,
        "weight": 0.078825,
        "waypoints": [
            8395755208,
            8398351879,
            8411369247
        ],
        "name": "2"
    },
    "stats": {
        "insts": 50000016.0,
        "ipc": 0.723968,
        "cycles": 69063807.0,
        "reg-taints": 0.0,
        "mem-taints": 0.0,
        "xmit-taints": 0.0,
        "loads": 17158951.0,
        "load-rate": 0.34317891018274876,
        "stalls": 33202307050,
        "access-preds": 20607973,
        "access-misps": 18156572,
        "access-misp-rate": 0.8810459912772596
    }
}