{
    "simpoint": {
        "interval": 1137,
        "weight": 0.0122339,
        "waypoints": [
            9780061725,
            9782244550,
            9789444800
        ],
        "name": "1"
    },
    "stats": {
        "insts": 54944417.0,
        "ipc": 1.684705,
        "cycles": 32613672.0,
        "reg-taints": 0.0,
        "mem-taints": 0.0,
        "xmit-taints": 1443136.0,
        "stalls": 31712960651,
        "access-preds": 6832218,
        "access-misps": 45115,
        "access-misp-rate": 0.006603272904933654
    }
}