{
    "weight": 0.99999978,
    "stats": {
        "xmit-taints": 3450384.1873354614,
        "load-rate": 0.32479769062034736,
        "insts": 54719003.582815565,
        "cycles": 81291465.73593238,
        "access-preds": 12957599.849098546,
        "reg-taints": 0.0,
        "ipc": 0.6746321377000902,
        "stalls": 221968142635.68552,
        "mem-taints": 0.0,
        "access-misps": 1420827.4754401143,
        "loads": 17771992.660981067,
        "access-misp-rate": 0.10978137305552334
    }
}