{
    "simpoint": {
        "interval": 12960,
        "weight": 0.306268,
        "waypoints": [
            165090455372,
            165092979864,
            165105638922
        ],
        "name": "7"
    },
    "stats": {
        "insts": 54703971.0,
        "ipc": 0.846296,
        "cycles": 64639277.0,
        "reg-taints": 0.0,
        "mem-taints": 0.0,
        "xmit-taints": 3469168.0,
        "loads": 17796350.0,
        "load-rate": 0.32532098995153386,
        "stalls": 79179431073,
        "access-preds": 12982569,
        "access-misps": 483056,
        "access-misp-rate": 0.03720804410898952
    }
}