{
    "simpoint": {
        "interval": 167709,
        "weight": 0.179295,
        "waypoints": [
            2310481481309,
            2310484665090,
            2310500980707
        ],
        "name": "4"
    },
    "stats": {
        "insts": 50817128.0,
        "ipc": 0.946908,
        "cycles": 53666356.0,
        "reg-taints": 0.0,
        "mem-taints": 0.0,
        "xmit-taints": 934538.0,
        "loads": 12790873.0,
        "load-rate": 0.2517039727235274,
        "stalls": 57002774525,
        "access-preds": 10772881,
        "access-misps": 8495007,
        "access-misp-rate": 0.7885547979226727
    }
}