{
    "simpoint": {
        "interval": 23485,
        "weight": 0.196342,
        "waypoints": [
            446431669982,
            446437281494,
            446460005165
        ],
        "name": "7"
    },
    "stats": {
        "insts": 50000012.0,
        "ipc": 1.156518,
        "cycles": 43233224.0,
        "pub-annot-reg-rate": NaN,
        "pub-annot-load-rate": NaN,
        "pub-annot-load-count": 0.0,
        "annot-load-count": 0.0,
        "prot-regs": 61653479.0,
        "unprot-regs": 71533078.0,
        "loads": 14583619.0,
        "load-rate": 0.2916723099986456,
        "stalls": 17573632000,
        "access-preds": 0,
        "access-misps": 0,
        "access-misp-rate": 0,
        "unprot-regs-inst": 1.430661216641308,
        "unprot-regs-rate": 0.5370893250134846
    }
}