{
    "simpoint": {
        "interval": 5199,
        "weight": 0.0561818,
        "waypoints": [
            60945199691,
            60947328793,
            60959029852
        ],
        "name": "6"
    },
    "stats": {
        "insts": 50000037.0,
        "ipc": 1.63341,
        "cycles": 30610823.0,
        "reg-taints": 0.0,
        "mem-taints": 0.0,
        "xmit-taints": 0.0,
        "loads": 10478714.0,
        "load-rate": 0.20957412491514757,
        "stalls": 7805355089,
        "access-preds": 12511412,
        "access-misps": 992216,
        "access-misp-rate": 0.0793048778187466
    }
}