{
    "simpoint": {
        "interval": 2591,
        "weight": 0.116781,
        "waypoints": [
            3821921351,
            3822241817,
            3823665734
        ],
        "name": "0"
    },
    "stats": {
        "insts": 50075876.0,
        "ipc": 0.888834,
        "cycles": 56338808.0,
        "reg-taints": 0.0,
        "mem-taints": 0.0,
        "xmit-taints": 2321425.0,
        "stalls": 9310922560,
        "access-preds": 6683012,
        "access-misps": 6230837,
        "access-misp-rate": 0.9323396396714535
    }
}