{
    "simpoint": {
        "interval": 813,
        "weight": 0.132794,
        "waypoints": [
            6815664798,
            6817274867,
            6824817495
        ],
        "name": "0"
    },
    "stats": {
        "insts": 50000042.0,
        "ipc": 1.265229,
        "cycles": 39518566.0,
        "loads": 12365462.0,
        "load-rate": 0.2473090322604129,
        "stalls": 0,
        "access-preds": 0,
        "access-misps": 0,
        "access-misp-rate": 0
    }
}