{
    "weight": 0.9999989000000001,
    "stats": {
        "mem-taints": 0.0,
        "access-misp-rate": 0.09072622076558157,
        "cycles": 41399229.99310959,
        "insts": 50000033.870745756,
        "access-misps": 1359680.8689318558,
        "reg-taints": 0.0,
        "loads": 12481002.800318481,
        "load-rate": 0.24961988657707304,
        "stalls": 25450122991.40447,
        "ipc": 1.2089185052697555,
        "xmit-taints": 0.0,
        "access-preds": 14982818.48984984
    }
}