{
    "simpoint": {
        "interval": 9429,
        "weight": 0.225821,
        "waypoints": [
            120385812297,
            120388351334,
            120401014998
        ],
        "name": "6"
    },
    "stats": {
        "insts": 49975512.0,
        "ipc": 0.337189,
        "cycles": 148212082.0,
        "reg-taints": 0.0,
        "mem-taints": 0.0,
        "xmit-taints": 23942297.0,
        "stalls": 9930455628,
        "access-preds": 2766096,
        "access-misps": 190916,
        "access-misp-rate": 0.06902001955102065
    }
}