{
    "weight": 1.00000015,
    "stats": {
        "insts": 50000050.15132893,
        "ipc": 1.1141985088877737,
        "cycles": 47938031.951145664,
        "reg-taints": 0.0,
        "mem-taints": 0.0,
        "xmit-taints": 0.0,
        "stalls": 24454016575.91006,
        "access-preds": 17204941.10152444,
        "access-misps": 1009200.6115291083,
        "access-misp-rate": 0.059687040951357934
    }
}