{
    "simpoint": {
        "interval": 167709,
        "weight": 0.179295,
        "waypoints": [
            2310481481309,
            2310484665090,
            2310500980707
        ],
        "name": "4"
    },
    "stats": {
        "insts": 50817130.0,
        "ipc": 1.358664,
        "cycles": 37402275.0,
        "reg-taints": 0.0,
        "mem-taints": 0.0,
        "xmit-taints": 934538.0,
        "stalls": 5404325082,
        "access-preds": 10772881,
        "access-misps": 651312,
        "access-misp-rate": 0.06045847902710519
    }
}