{
    "weight": 1.0000000999999998,
    "stats": {
        "insts": 64194071.0631409,
        "ipc": 0.8324961476627852,
        "cycles": 77121042.0949465,
        "reg-taints": 0.0,
        "mem-taints": 0.0,
        "xmit-taints": 1825533.0006816003,
        "stalls": 66855603713.87923,
        "access-preds": 5989364.4649306545,
        "access-misps": 816117.3262003677,
        "access-misp-rate": 0.13603639618034286
    }
}