{
    "simpoint": {
        "interval": 40254,
        "weight": 0.0627946,
        "waypoints": [
            944599758658,
            944604507473,
            944628141398
        ],
        "name": "7"
    },
    "stats": {
        "insts": 50000032.0,
        "ipc": 1.048504,
        "cycles": 47687033.0,
        "reg-taints": 0.0,
        "mem-taints": 0.0,
        "xmit-taints": 0.0,
        "loads": 14115491.0,
        "load-rate": 0.28230963932183084,
        "stalls": 31336676931,
        "access-preds": 16953804,
        "access-misps": 16347276,
        "access-misp-rate": 0.9642246660395508
    }
}