{
    "simpoint": {
        "interval": 32813,
        "weight": 0.0318631,
        "waypoints": [
            319545681560,
            319548380288,
            319561805792
        ],
        "name": "4"
    },
    "stats": {
        "insts": 50000018.0,
        "ipc": 0.336151,
        "cycles": 148742542.0,
        "reg-taints": 0.0,
        "mem-taints": 0.0,
        "xmit-taints": 35318013.0,
        "loads": 17989984.0,
        "load-rate": 0.35979955047216183,
        "stalls": 1641374819336,
        "access-preds": 54107,
        "access-misps": 327,
        "access-misp-rate": 0.006043580313083335
    }
}