{
    "weight": 1.00000015,
    "stats": {
        "insts": 52981082.85376752,
        "ipc": 1.1300782909921565,
        "cycles": 50374056.75210889,
        "reg-taints": 0.0,
        "mem-taints": 0.0,
        "xmit-taints": 9517202.736285292,
        "stalls": 31284534524.774635,
        "access-preds": 5550692.127787831,
        "access-misps": 471812.16085142584,
        "access-misp-rate": 0.08311144745793038
    }
}