{
    "simpoint": {
        "interval": 5955,
        "weight": 0.114242,
        "waypoints": [
            47869786773,
            47871621730,
            47879731603
        ],
        "name": "3"
    },
    "stats": {
        "insts": 54078481.0,
        "ipc": 1.253448,
        "cycles": 43143768.0,
        "reg-taints": 0.0,
        "mem-taints": 0.0,
        "xmit-taints": 1564082.0,
        "stalls": 59483181603,
        "access-preds": 6293559,
        "access-misps": 870501,
        "access-misp-rate": 0.13831617372618576
    }
}