{
    "simpoint": {
        "interval": 32437,
        "weight": 0.0757771,
        "waypoints": [
            456178692713,
            456182062923,
            456198943119
        ],
        "name": "6"
    },
    "stats": {
        "insts": 50000038.0,
        "ipc": 0.329035,
        "cycles": 151959836.0,
        "reg-taints": 0.0,
        "mem-taints": 0.0,
        "xmit-taints": 24746264.0,
        "stalls": 23375625967,
        "access-preds": 759721,
        "access-misps": 743604,
        "access-misp-rate": 0.9787856331469053
    }
}