{
    "simpoint": {
        "interval": 29069,
        "weight": 0.24349,
        "waypoints": [
            679799077298,
            679803832986,
            679827701512
        ],
        "name": "5"
    },
    "stats": {
        "insts": 64543778.0,
        "ipc": 0.893448,
        "cycles": 72241246.0,
        "reg-taints": 0.0,
        "mem-taints": 0.0,
        "xmit-taints": 1751473.0,
        "stalls": 55185770475,
        "access-preds": 6118870,
        "access-misps": 620142,
        "access-misp-rate": 0.10134910530865993
    }
}