{
    "simpoint": {
        "interval": 77284,
        "weight": 0.168161,
        "waypoints": [
            126611406986,
            126611776779,
            126613693928
        ],
        "name": "6"
    },
    "stats": {
        "insts": 50000091.0,
        "ipc": 1.100963,
        "cycles": 45414870.0,
        "reg-taints": 0.0,
        "mem-taints": 0.0,
        "xmit-taints": 0.0,
        "loads": 12964052.0,
        "load-rate": 0.25928056810936606,
        "stalls": 439484984,
        "access-preds": 15521934,
        "access-misps": 680692,
        "access-misp-rate": 0.043853555877766265
    }
}