{
    "simpoint": {
        "interval": 1726,
        "weight": 0.0593762,
        "waypoints": [
            20222950431,
            20223932841,
            20237556387
        ],
        "name": "3"
    },
    "stats": {
        "insts": 50000209.0,
        "ipc": 1.519405,
        "cycles": 32907755.0,
        "reg-taints": 0.0,
        "mem-taints": 0.0,
        "xmit-taints": 0.0,
        "loads": 9980516.0,
        "load-rate": 0.19960948563235006,
        "stalls": 238966619083,
        "access-preds": 12468517,
        "access-misps": 9368019,
        "access-misp-rate": 0.7513338595119211
    }
}