{
    "simpoint": {
        "interval": 0,
        "weight": 0.884413,
        "waypoints": [
            0,
            5891192,
            35727372
        ],
        "name": "0"
    },
    "stats": {
        "insts": 50005840.0,
        "ipc": 1.565332,
        "cycles": 31945837.0,
        "reg-taints": 0.0,
        "mem-taints": 0.0,
        "xmit-taints": 359160.0,
        "loads": 7200000.0,
        "load-rate": 0.14398318276425315,
        "stalls": 98105710,
        "access-preds": 1322902,
        "access-misps": 1316573,
        "access-misp-rate": 0.9952158209754011
    }
}