{
    "weight": 1.00000015,
    "stats": {
        "insts": 51931537.52124637,
        "ipc": 0.7673453334979999,
        "cycles": 68172617.07227708,
        "reg-taints": 0.0,
        "mem-taints": 0.0,
        "xmit-taints": 9481584.382285044,
        "stalls": 22065316533.695087,
        "access-preds": 8319264.219918617,
        "access-misps": 4154834.4419348347,
        "access-misp-rate": 0.5046777034465276
    }
}