{
    "simpoint": {
        "interval": 1090,
        "weight": 0.12072,
        "waypoints": [
            9241524267,
            9242987113,
            9250300694
        ],
        "name": "0"
    },
    "stats": {
        "insts": 50294890.0,
        "ipc": 1.68455,
        "cycles": 29856568.0,
        "reg-taints": 0.0,
        "mem-taints": 0.0,
        "xmit-taints": 56483.0,
        "stalls": 31952911008
    }
}