{
    "simpoint": {
        "interval": 23485,
        "weight": 0.196342,
        "waypoints": [
            446431746896,
            446437358408,
            446460082081
        ],
        "name": "7"
    },
    "stats": {
        "insts": 51946920.0,
        "ipc": 0.761887,
        "cycles": 68181888.0,
        "reg-taints": 0.0,
        "mem-taints": 0.0,
        "xmit-taints": 9668796.0,
        "loads": 14786418.0,
        "load-rate": 0.2846447489090787,
        "stalls": 22302794306,
        "access-preds": 9076296,
        "access-misps": 3979442,
        "access-misp-rate": 0.4384433914451446
    }
}