{
    "simpoint": {
        "interval": 14696,
        "weight": 0.241658,
        "waypoints": [
            117669201327,
            117670773489,
            117678497461
        ],
        "name": "5"
    },
    "stats": {
        "insts": 50000034.0,
        "ipc": 1.760603,
        "cycles": 28399373.0,
        "reg-taints": 0.0,
        "mem-taints": 0.0,
        "xmit-taints": 0.0,
        "loads": 12452716.0,
        "load-rate": 0.24905415064317757,
        "stalls": 1385259840,
        "access-preds": 14960719,
        "access-misps": 61666,
        "access-misp-rate": 0.004121860720731403
    }
}