{
    "simpoint": {
        "interval": 10502,
        "weight": 0.0649377,
        "waypoints": [
            151694490622,
            151698270238,
            151719385844
        ],
        "name": "3"
    },
    "stats": {
        "insts": 49998847.0,
        "ipc": 0.551683,
        "cycles": 90629717.0,
        "reg-taints": 0.0,
        "mem-taints": 0.0,
        "xmit-taints": 27030707.0,
        "stalls": 3029944783,
        "access-preds": 1185411,
        "access-misps": 195610,
        "access-misp-rate": 0.16501449708160293
    }
}