{
    "simpoint": {
        "interval": 1157649,
        "weight": 0.00732065,
        "waypoints": [
            21270634060931,
            21270637975187,
            21270657572159
        ],
        "name": "7"
    },
    "stats": {
        "insts": 50000073.0,
        "ipc": 1.127232,
        "cycles": 44356522.0,
        "reg-taints": 0.0,
        "mem-taints": 0.0,
        "xmit-taints": 0.0,
        "stalls": 2126745347,
        "access-preds": 6872827,
        "access-misps": 6814107,
        "access-misp-rate": 0.99145620863147
    }
}