{
    "weight": 0.99999978,
    "stats": {
        "load-rate": 0.34313804208104925,
        "reg-taints": 0.0,
        "cycles": 61377159.697417945,
        "ipc": 0.816372705002955,
        "access-preds": 20586251.24786454,
        "access-misps": 2466725.331451523,
        "xmit-taints": 0.0,
        "loads": 17156913.248221684,
        "mem-taints": 0.0,
        "stalls": 47530509912.983574,
        "access-misp-rate": 0.11966212587397318,
        "insts": 50000032.70528202
    }
}