{
    "simpoint": {
        "interval": 9429,
        "weight": 0.225821,
        "waypoints": [
            120385812297,
            120388351334,
            120401014998
        ],
        "name": "6"
    },
    "stats": {
        "insts": 50000043.0,
        "ipc": 0.87652,
        "cycles": 57043806.0,
        "reg-taints": 0.0,
        "mem-taints": 0.0,
        "xmit-taints": 0.0,
        "stalls": 31760863229,
        "access-preds": 20627460,
        "access-misps": 18159890,
        "access-misp-rate": 0.8803745104826285
    }
}