{
    "simpoint": {
        "interval": 61425,
        "weight": 0.036875,
        "waypoints": [
            132525790787,
            132527433867,
            132532314934
        ],
        "name": "2"
    },
    "stats": {
        "insts": 50045250.0,
        "ipc": 1.038016,
        "cycles": 48212411.0,
        "reg-taints": 0.0,
        "mem-taints": 0.0,
        "xmit-taints": 2950563.0,
        "loads": 21224216.0,
        "load-rate": 0.4241005090393194,
        "stalls": 410029870852,
        "access-preds": 7954261,
        "access-misps": 5277915,
        "access-misp-rate": 0.6635330422273044
    }
}