{
    "simpoint": {
        "interval": 5199,
        "weight": 0.0561818,
        "waypoints": [
            60945199691,
            60947328793,
            60959029852
        ],
        "name": "6"
    },
    "stats": {
        "insts": 50000037.0,
        "ipc": 1.336132,
        "cycles": 37421468.0,
        "loads": 10478714.0,
        "load-rate": 0.20957412491514757,
        "stalls": 0,
        "access-preds": 0,
        "access-misps": 0,
        "access-misp-rate": 0
    }
}