{
    "simpoint": {
        "interval": 5955,
        "weight": 0.114242,
        "waypoints": [
            47879211692,
            47881048665,
            47889161106
        ],
        "name": "3"
    },
    "stats": {
        "insts": 50000025.0,
        "ipc": 1.034461,
        "cycles": 48334379.0,
        "pub-annot-reg-rate": NaN,
        "pub-annot-load-rate": NaN,
        "pub-annot-load-count": 0.0,
        "annot-load-count": 0.0,
        "prot-regs": 57045515.0,
        "unprot-regs": 45636020.0,
        "loads": 12837285.0,
        "load-rate": 0.2567455716272142,
        "stalls": 66237463000,
        "access-preds": 0,
        "access-misps": 0,
        "access-misp-rate": 0,
        "unprot-regs-inst": 0.9127199436400282,
        "unprot-regs-rate": 0.4444423235394757
    }
}