{
    "simpoint": {
        "interval": 40254,
        "weight": 0.0627946,
        "waypoints": [
            944599758658,
            944604507473,
            944628141398
        ],
        "name": "7"
    },
    "stats": {
        "insts": 50031890.0,
        "ipc": 0.419147,
        "cycles": 119366052.0,
        "reg-taints": 0.0,
        "mem-taints": 0.0,
        "xmit-taints": 18239339.0,
        "loads": 14116003.0,
        "load-rate": 0.2821401110371805,
        "stalls": 255399454188,
        "access-preds": 1940979,
        "access-misps": 15615,
        "access-misp-rate": 0.008044909295772906
    }
}