{
    "simpoint": {
        "interval": 6816,
        "weight": 0.0972148,
        "waypoints": [
            68203212738,
            68207349952,
            68235494920
        ],
        "name": "1"
    },
    "stats": {
        "insts": 50000012.0,
        "ipc": 1.62959,
        "cycles": 30682572.0,
        "reg-taints": 0.0,
        "mem-taints": 0.0,
        "xmit-taints": 0.0,
        "loads": 11695059.0,
        "load-rate": 0.23390112386373027,
        "stalls": 13246038835,
        "access-preds": 14190217,
        "access-misps": 1035707,
        "access-misp-rate": 0.07298739688054101
    }
}