{
    "simpoint": {
        "interval": 88330,
        "weight": 0.0564765,
        "waypoints": [
            1467833091303,
            1467834869888,
            1467841370580
        ],
        "name": "6"
    },
    "stats": {
        "insts": 50000101.0,
        "ipc": 1.26914,
        "cycles": 39396847.0,
        "reg-taints": 0.0,
        "mem-taints": 0.0,
        "xmit-taints": 0.0,
        "loads": 7098708.0,
        "load-rate": 0.1419738732127761,
        "stalls": 172399679,
        "access-preds": 8620233,
        "access-misps": 335540,
        "access-misp-rate": 0.03892470191931007
    }
}