{
    "simpoint": {
        "interval": 813,
        "weight": 0.132794,
        "waypoints": [
            6815664798,
            6817274867,
            6824817495
        ],
        "name": "0"
    },
    "stats": {
        "insts": 50000040.0,
        "ipc": 1.763162,
        "cycles": 28358159.0,
        "reg-taints": 0.0,
        "mem-taints": 0.0,
        "xmit-taints": 0.0,
        "loads": 12365461.0,
        "load-rate": 0.24730902215278228,
        "stalls": 993205021,
        "access-preds": 14877199,
        "access-misps": 71186,
        "access-misp-rate": 0.004784906083463695
    }
}