{
    "simpoint": {
        "interval": 88330,
        "weight": 0.0564765,
        "waypoints": [
            1473827797215,
            1473829575800,
            1473836076492
        ],
        "name": "6"
    },
    "stats": {
        "insts": 50104594.0,
        "ipc": 1.217677,
        "cycles": 41147694.0,
        "reg-taints": 0.0,
        "mem-taints": 0.0,
        "xmit-taints": 274389.0,
        "stalls": 436558014,
        "access-preds": 4434023,
        "access-misps": 127212,
        "access-misp-rate": 0.02868997296585967
    }
}