{
    "simpoint": {
        "interval": 984,
        "weight": 0.0721535,
        "waypoints": [
            11505589094,
            11508197954,
            11518382007
        ],
        "name": "0"
    },
    "stats": {
        "insts": 50016621.0,
        "ipc": 0.502923,
        "cycles": 99451944.0,
        "reg-taints": 0.0,
        "mem-taints": 0.0,
        "xmit-taints": 13331546.0,
        "loads": 9907621.0,
        "load-rate": 0.19808657206171523,
        "stalls": 1048898855743,
        "access-preds": 400276,
        "access-misps": 368675,
        "access-misp-rate": 0.9210519741378449
    }
}