{
    "simpoint": {
        "interval": 11980,
        "weight": 0.055951,
        "waypoints": [
            170259628107,
            170266642461,
            170300372194
        ],
        "name": "1"
    },
    "stats": {
        "insts": 50000045.0,
        "ipc": 0.858956,
        "cycles": 58210281.0,
        "reg-taints": 0.0,
        "mem-taints": 0.0,
        "xmit-taints": 0.0,
        "loads": 13780053.0,
        "load-rate": 0.2756008119592692,
        "stalls": 109251654000,
        "access-preds": 16314056,
        "access-misps": 12449719,
        "access-misp-rate": 0.7631283722453815
    }
}