{
    "simpoint": {
        "interval": 88958,
        "weight": 0.101931,
        "waypoints": [
            265938818822,
            265939975860,
            265945689452
        ],
        "name": "5"
    },
    "stats": {
        "insts": 50000187.0,
        "ipc": 0.360481,
        "cycles": 138704001.0,
        "pub-annot-reg-rate": NaN,
        "pub-annot-load-rate": NaN,
        "pub-annot-load-count": 0.0,
        "annot-load-count": 0.0,
        "prot-regs": 76661284.0,
        "unprot-regs": 20916661.0,
        "loads": 16941589.0,
        "load-rate": 0.3388305127738822,
        "stalls": 0,
        "access-preds": 0,
        "access-misps": 0,
        "access-misp-rate": 0,
        "unprot-regs-inst": 0.41833165543960865,
        "unprot-regs-rate": 0.21435849053800016
    }
}