{
    "simpoint": {
        "interval": 49730,
        "weight": 0.258708,
        "waypoints": [
            863602062661,
            863605102206,
            863619822249
        ],
        "name": "4"
    },
    "stats": {
        "insts": 50000052.0,
        "ipc": 1.221588,
        "cycles": 40930365.0,
        "reg-taints": 0.0,
        "mem-taints": 0.0,
        "xmit-taints": 0.0,
        "loads": 12404834.0,
        "load-rate": 0.24809642197972115,
        "stalls": 1452971424,
        "access-preds": 14897152,
        "access-misps": 1125342,
        "access-misp-rate": 0.07554074765431674
    }
}