{
    "weight": 1.00000015,
    "stats": {
        "loads": 14304409.713644395,
        "ipc": 0.9816135563625166,
        "stalls": 0.0,
        "cycles": 51154825.75163864,
        "access-misps": 0.0,
        "access-misp-rate": 0.0,
        "access-preds": 0.0,
        "insts": 50000050.0319198,
        "load-rate": 0.2860878894678138
    }
}