{
    "simpoint": {
        "interval": 49730,
        "weight": 0.258708,
        "waypoints": [
            863602062661,
            863605102206,
            863619822249
        ],
        "name": "4"
    },
    "stats": {
        "insts": 50093011.0,
        "ipc": 0.902364,
        "cycles": 55513058.0,
        "reg-taints": 0.0,
        "mem-taints": 0.0,
        "xmit-taints": 428542.0,
        "loads": 12414886.0,
        "load-rate": 0.24783668923395322,
        "stalls": 48773987026,
        "access-preds": 5520049,
        "access-misps": 4080563,
        "access-misp-rate": 0.7392258655674977
    }
}