{
    "weight": 0.999999552,
    "stats": {
        "access-misp-rate": 0.15630097338733,
        "mem-taints": 0.0,
        "cycles": 43140511.75004461,
        "ipc": 1.4001521528747285,
        "load-rate": 0.2858944169605166,
        "loads": 15907545.307360515,
        "reg-taints": 0.0,
        "insts": 55678062.14225138,
        "stalls": 112941970578.32748,
        "access-preds": 6430225.357604964,
        "access-misps": 1018399.5566410376,
        "xmit-taints": 3639291.688467056
    }
}