{
    "simpoint": {
        "interval": 22377,
        "weight": 0.227606,
        "waypoints": [
            520541835962,
            520546619243,
            520570544851
        ],
        "name": "4"
    },
    "stats": {
        "insts": 50033261.0,
        "ipc": 0.405476,
        "cycles": 123394030.0,
        "reg-taints": 0.0,
        "mem-taints": 0.0,
        "xmit-taints": 17139674.0,
        "loads": 14644682.0,
        "load-rate": 0.29269893081724174,
        "stalls": 318054061319,
        "access-preds": 2026860,
        "access-misps": 5761,
        "access-misp-rate": 0.0028423275411227217
    }
}