{
    "simpoint": {
        "interval": 52123,
        "weight": 0.310505,
        "waypoints": [
            82623633671,
            82623983873,
            82625784597
        ],
        "name": "4"
    },
    "stats": {
        "insts": 49969472.0,
        "ipc": 0.354432,
        "cycles": 140984486.0,
        "reg-taints": 0.0,
        "mem-taints": 0.0,
        "xmit-taints": 22380486.0,
        "loads": 12468218.0,
        "load-rate": 0.24951670491935557,
        "stalls": 404302359153,
        "access-preds": 546434,
        "access-misps": 26301,
        "access-misp-rate": 0.04813207084478638
    }
}