{
    "weight": 1.00000015,
    "stats": {
        "insts": 50000049.55277942,
        "ipc": 1.1084882393061641,
        "cycles": 48534680.052155994,
        "reg-taints": 0.0,
        "mem-taints": 0.0,
        "xmit-taints": 0.0,
        "stalls": 24479763104.95458,
        "access-preds": 17204941.10152444,
        "access-misps": 2036387.5300541206,
        "access-misp-rate": 0.11609921835604385
    }
}