{
    "weight": 0.99999944,
    "stats": {
        "insts": 50572749.79661784,
        "ipc": 1.4876170435568346,
        "cycles": 35551644.61742997,
        "reg-taints": 0.0,
        "mem-taints": 0.0,
        "xmit-taints": 28912.868716366476,
        "stalls": 100405875149.60037
    }
}