{
    "simpoint": {
        "interval": 10502,
        "weight": 0.0649377,
        "waypoints": [
            151694479111,
            151698258727,
            151719374333
        ],
        "name": "3"
    },
    "stats": {
        "insts": 50000012.0,
        "ipc": 0.520065,
        "cycles": 96141806.0,
        "pub-annot-reg-rate": NaN,
        "pub-annot-load-rate": NaN,
        "pub-annot-load-count": 0.0,
        "annot-load-count": 0.0,
        "prot-regs": 87729721.0,
        "unprot-regs": 50767939.0,
        "loads": 12492422.0,
        "load-rate": 0.2498483800363888,
        "stalls": 611984105000,
        "access-preds": 0,
        "access-misps": 0,
        "access-misp-rate": 0,
        "unprot-regs-inst": 1.0153585363139512,
        "unprot-regs-rate": 0.36656170941805083
    }
}