{
    "simpoint": {
        "interval": 32433,
        "weight": 0.18707,
        "waypoints": [
            504049475799,
            504052618509,
            504068428076
        ],
        "name": "6"
    },
    "stats": {
        "insts": 50000029.0,
        "ipc": 0.970107,
        "cycles": 51540732.0,
        "pub-annot-reg-rate": NaN,
        "pub-annot-load-rate": NaN,
        "pub-annot-load-count": 0.0,
        "annot-load-count": 0.0,
        "prot-regs": 96701055.0,
        "unprot-regs": 39766388.0,
        "loads": 12393070.0,
        "load-rate": 0.24786125624047137,
        "stalls": 15407411000,
        "access-preds": 0,
        "access-misps": 0,
        "access-misp-rate": 0,
        "unprot-regs-inst": 0.7953272987101667,
        "unprot-regs-rate": 0.2913983520596924
    }
}