{
    "simpoint": {
        "interval": 3585,
        "weight": 0.134108,
        "waypoints": [
            33454489991,
            33456525914,
            33466700112
        ],
        "name": "2"
    },
    "stats": {
        "insts": 50000033.0,
        "ipc": 1.003907,
        "cycles": 49805442.0,
        "reg-taints": 0.0,
        "mem-taints": 0.0,
        "xmit-taints": 0.0,
        "loads": 16533099.0,
        "load-rate": 0.33066176176323725,
        "stalls": 41449074312,
        "access-preds": 19847717,
        "access-misps": 1993380,
        "access-misp-rate": 0.10043371738925944
    }
}