{
    "simpoint": {
        "interval": 1499,
        "weight": 0.22881,
        "waypoints": [
            12885111241,
            12886742793,
            12895044776
        ],
        "name": "0"
    },
    "stats": {
        "insts": 50202527.0,
        "ipc": 0.322675,
        "cycles": 155582543.0,
        "reg-taints": 0.0,
        "mem-taints": 0.0,
        "xmit-taints": 28071520.0,
        "stalls": 13956808178,
        "access-preds": 585683,
        "access-misps": 12325,
        "access-misp-rate": 0.021043806974079836
    }
}