{
    "simpoint": {
        "interval": 23362,
        "weight": 0.250902,
        "waypoints": [
            186957428971,
            186959118451,
            186966849986
        ],
        "name": "6"
    },
    "stats": {
        "insts": 54350076.0,
        "ipc": 1.789614,
        "cycles": 30369712.0,
        "stalls": 0
    }
}