{
    "simpoint": {
        "interval": 31800,
        "weight": 0.243177,
        "waypoints": [
            744597648512,
            744602414654,
            744626229552
        ],
        "name": "6"
    },
    "stats": {
        "insts": 50035163.0,
        "ipc": 0.441498,
        "cycles": 113330534.0,
        "reg-taints": 0.0,
        "mem-taints": 0.0,
        "xmit-taints": 21005120.0,
        "stalls": 8981204243,
        "access-preds": 1889367,
        "access-misps": 24458,
        "access-misp-rate": 0.012945076313918894
    }
}