{
    "simpoint": {
        "interval": 39859,
        "weight": 0.212529,
        "waypoints": [
            391505260338,
            391507611345,
            391518596023
        ],
        "name": "6"
    },
    "stats": {
        "insts": 50036634.0,
        "ipc": 1.359795,
        "cycles": 36797188.0,
        "loads": 13522874.0,
        "load-rate": 0.27025946629423553,
        "stalls": 0,
        "access-preds": 0,
        "access-misps": 0,
        "access-misp-rate": 0
    }
}