{
    "simpoint": {
        "interval": 14696,
        "weight": 0.241658,
        "waypoints": [
            117695835509,
            117697407701,
            117705131894
        ],
        "name": "5"
    },
    "stats": {
        "insts": 50701601.0,
        "ipc": 1.244422,
        "cycles": 40743092.0,
        "reg-taints": 0.0,
        "mem-taints": 0.0,
        "xmit-taints": 1503774.0,
        "loads": 12457518.0,
        "load-rate": 0.24570265542502298,
        "stalls": 2802140106,
        "access-preds": 9813820,
        "access-misps": 151513,
        "access-misp-rate": 0.015438738432129385
    }
}