{
    "simpoint": {
        "interval": 675,
        "weight": 0.078825,
        "waypoints": [
            8395669732,
            8398266403,
            8411283771
        ],
        "name": "2"
    },
    "stats": {
        "insts": 50012025.0,
        "ipc": 1.01289,
        "cycles": 49375558.0,
        "loads": 17158951.0,
        "load-rate": 0.34309650529047764,
        "stalls": 0,
        "access-preds": 0,
        "access-misps": 0,
        "access-misp-rate": 0
    }
}