{
    "weight": 1.0000004999999998,
    "stats": {
        "insts": 50000114.36603572,
        "ipc": 1.8982993192092408,
        "cycles": 26540454.208380602,
        "reg-taints": 0.0,
        "mem-taints": 0.0,
        "xmit-taints": 0.0,
        "stalls": 5956240566.839129,
        "access-preds": 11464747.242348881,
        "access-misps": 605166.9385998307,
        "access-misp-rate": 0.05307640860123454
    }
}