{
    "simpoint": {
        "interval": 39859,
        "weight": 0.212529,
        "waypoints": [
            391505260338,
            391507611345,
            391518596023
        ],
        "name": "6"
    },
    "stats": {
        "insts": 56763498.0,
        "ipc": 1.103092,
        "cycles": 51458532.0,
        "reg-taints": 0.0,
        "mem-taints": 0.0,
        "xmit-taints": 1620394.0,
        "loads": 14720159.0,
        "load-rate": 0.2593243813127937,
        "stalls": 49821876611,
        "access-preds": 8064441,
        "access-misps": 1359656,
        "access-misp-rate": 0.16859891466748905
    }
}