{
    "weight": 1.0000005280000002,
    "stats": {
        "stalls": 9465064559.365852,
        "reg-taints": 0.0,
        "cycles": 44230437.86996691,
        "access-preds": 7346378.8094512,
        "ipc": 1.1307774950352145,
        "loads": 6126249.600157425,
        "mem-taints": 0.0,
        "xmit-taints": 0.0,
        "access-misps": 2702819.132719764,
        "insts": 50000269.426065765,
        "load-rate": 0.12252435503067134,
        "access-misp-rate": 0.23184547277006842
    }
}