{
    "weight": 1.0000004999999998,
    "stats": {
        "insts": 50000114.36603572,
        "ipc": 1.8340907995893003,
        "cycles": 27631221.51684054,
        "reg-taints": 0.0,
        "mem-taints": 0.0,
        "xmit-taints": 0.0,
        "stalls": 13512248015.734447,
        "access-preds": 11464747.242348881,
        "access-misps": 1079602.9856244074,
        "access-misp-rate": 0.0910534878515224
    }
}