{
    "simpoint": {
        "interval": 20608,
        "weight": 0.173667,
        "waypoints": [
            164880175011,
            164881697469,
            164890126069
        ],
        "name": "6"
    },
    "stats": {
        "insts": 54152888.0,
        "ipc": 1.12212,
        "cycles": 48259442.0,
        "reg-taints": 0.0,
        "mem-taints": 0.0,
        "xmit-taints": 1649015.0,
        "loads": 13841294.0,
        "load-rate": 0.25559659902164406,
        "stalls": 46959720659,
        "access-preds": 6445603,
        "access-misps": 317902,
        "access-misp-rate": 0.04932075400858539
    }
}