{
    "simpoint": {
        "interval": 144622,
        "weight": 0.238082,
        "waypoints": [
            1993201664675,
            1993204853834,
            1993220675312
        ],
        "name": "3"
    },
    "stats": {
        "insts": 50000057.0,
        "ipc": 0.855492,
        "cycles": 58445965.0,
        "reg-taints": 0.0,
        "mem-taints": 0.0,
        "xmit-taints": 9388963.0,
        "loads": 16987237.0,
        "load-rate": 0.33974435269143793,
        "stalls": 120645937539,
        "access-preds": 1037248,
        "access-misps": 1015513,
        "access-misp-rate": 0.979045512741408
    }
}