{
    "simpoint": {
        "interval": 5224,
        "weight": 0.114619,
        "waypoints": [
            61252514864,
            61254543932,
            61265832680
        ],
        "name": "7"
    },
    "stats": {
        "insts": 50012859.0,
        "ipc": 0.610928,
        "cycles": 81863781.0,
        "reg-taints": 0.0,
        "mem-taints": 0.0,
        "xmit-taints": 12550238.0,
        "stalls": 6436968883,
        "access-preds": 305303,
        "access-misps": 31229,
        "access-misp-rate": 0.10228854613285818
    }
}