{
    "simpoint": {
        "interval": 19093,
        "weight": 0.0130689,
        "waypoints": [
            442361517955,
            442366307298,
            442386152419
        ],
        "name": "3"
    },
    "stats": {
        "insts": 50013683.0,
        "ipc": 0.345645,
        "cycles": 144696825.0,
        "reg-taints": 0.0,
        "mem-taints": 0.0,
        "xmit-taints": 25409096.0,
        "loads": 15985064.0,
        "load-rate": 0.31961381448352844,
        "stalls": 1363927251929,
        "access-preds": 2208607,
        "access-misps": 40376,
        "access-misp-rate": 0.01828120620825706
    }
}