{
    "simpoint": {
        "interval": 27452,
        "weight": 0.552881,
        "waypoints": [
            383460646705,
            383463099037,
            383474848480
        ],
        "name": "3"
    },
    "stats": {
        "insts": 50000016.0,
        "ipc": 0.432563,
        "cycles": 115590148.0,
        "reg-taints": 0.0,
        "mem-taints": 0.0,
        "xmit-taints": 16337693.0,
        "loads": 17802890.0,
        "load-rate": 0.3560576860615405,
        "stalls": 346898733102,
        "access-preds": 2346194,
        "access-misps": 28175,
        "access-misp-rate": 0.012008810865597644
    }
}