{
    "weight": 1.0000004999999998,
    "stats": {
        "load-rate": 0.19147798248149556,
        "insts": 50010514.87679817,
        "ipc": 0.6649126865424569,
        "xmit-taints": 9784840.974789314,
        "access-misps": 801061.1066727468,
        "access-misp-rate": 0.9955633912397734,
        "loads": 9575967.227870189,
        "mem-taints": 0.0,
        "cycles": 78728781.57762712,
        "access-preds": 804546.9168325417,
        "reg-taints": 0.0,
        "stalls": 682214382172.9275
    }
}