{
    "simpoint": {
        "interval": 22068,
        "weight": 0.209001,
        "waypoints": [
            414029159328,
            414034740793,
            414055662685
        ],
        "name": "6"
    },
    "stats": {
        "insts": 54443294.0,
        "ipc": 1.007331,
        "cycles": 54047049.0,
        "reg-taints": 0.0,
        "mem-taints": 0.0,
        "xmit-taints": 7318891.0,
        "loads": 16718897.0,
        "load-rate": 0.307088270595824,
        "stalls": 41291637961,
        "access-preds": 7716642,
        "access-misps": 747306,
        "access-misp-rate": 0.09684341971546691
    }
}