{
    "simpoint": {
        "interval": 2591,
        "weight": 0.116781,
        "waypoints": [
            3821921351,
            3822241817,
            3823665734
        ],
        "name": "0"
    },
    "stats": {
        "insts": 50000107.0,
        "ipc": 1.167859,
        "cycles": 42813481.0,
        "reg-taints": 0.0,
        "mem-taints": 0.0,
        "xmit-taints": 0.0,
        "stalls": 125503532,
        "access-preds": 14360028,
        "access-misps": 64368,
        "access-misp-rate": 0.0044824425133432886
    }
}