{
    "weight": 0.9999986999999999,
    "stats": {
        "insts": 50000302.119542964,
        "ipc": 1.1192720474381617,
        "cycles": 44893184.12941997,
        "reg-taints": 0.0,
        "mem-taints": 0.0,
        "xmit-taints": 0.0,
        "stalls": 93442515.9225987,
        "access-preds": 14768492.469401011,
        "access-misps": 289438.18738984363,
        "access-misp-rate": 0.01937443833768599
    }
}