{
    "simpoint": {
        "interval": 49730,
        "weight": 0.258708,
        "waypoints": [
            863602062661,
            863605102206,
            863619822249
        ],
        "name": "4"
    },
    "stats": {
        "insts": 51490980.0,
        "ipc": 0.510478,
        "cycles": 100868149.0,
        "reg-taints": 0.0,
        "mem-taints": 0.0,
        "xmit-taints": 909002.0,
        "stalls": 67346220130,
        "access-preds": 1625304,
        "access-misps": 689732,
        "access-misp-rate": 0.4243710715041617
    }
}