{
    "simpoint": {
        "interval": 88958,
        "weight": 0.101931,
        "waypoints": [
            265938818822,
            265939975860,
            265945689452
        ],
        "name": "5"
    },
    "stats": {
        "insts": 49999127.0,
        "ipc": 0.356995,
        "cycles": 140055667.0,
        "reg-taints": 0.0,
        "mem-taints": 0.0,
        "xmit-taints": 24623029.0,
        "loads": 16941579.0,
        "load-rate": 0.33883749610268193,
        "stalls": 2917426779376,
        "access-preds": 753246,
        "access-misps": 732497,
        "access-misp-rate": 0.9724538862469897
    }
}