{
    "simpoint": {
        "interval": 153465,
        "weight": 0.323146,
        "waypoints": [
            804238807499,
            804239313244,
            804242422212
        ],
        "name": "5"
    },
    "stats": {
        "insts": 50000101.0,
        "ipc": 0.435288,
        "cycles": 114866717.0,
        "reg-taints": 0.0,
        "mem-taints": 0.0,
        "xmit-taints": 20220451.0,
        "loads": 12509631.0,
        "load-rate": 0.2501921146119285,
        "stalls": 3378859401165,
        "access-preds": 459258,
        "access-misps": 9057,
        "access-misp-rate": 0.019720941170322564
    }
}