{
    "simpoint": {
        "interval": 6337,
        "weight": 0.0160066,
        "waypoints": [
            143980617389,
            143984953023,
            144006443864
        ],
        "name": "1"
    },
    "stats": {
        "insts": 50000014.0,
        "ipc": 0.8817,
        "cycles": 56708633.0,
        "reg-taints": 0.0,
        "mem-taints": 0.0,
        "xmit-taints": 0.0,
        "stalls": 5988727240,
        "access-preds": 16212446,
        "access-misps": 15528206,
        "access-misp-rate": 0.9577953875682916
    }
}