{
    "simpoint": {
        "interval": 363772,
        "weight": 0.323049,
        "waypoints": [
            623663176221,
            623663396778,
            623664491729
        ],
        "name": "2"
    },
    "stats": {
        "insts": 50000076.0,
        "ipc": 1.135991,
        "cycles": 44014482.0,
        "pub-annot-reg-rate": NaN,
        "pub-annot-load-rate": NaN,
        "pub-annot-load-count": 0.0,
        "annot-load-count": 0.0,
        "prot-regs": 75324210.0,
        "unprot-regs": 43785007.0,
        "loads": 20057974.0,
        "load-rate": 0.40115887023851726,
        "stalls": 326920783500,
        "access-preds": 0,
        "access-misps": 0,
        "access-misp-rate": 0,
        "unprot-regs-inst": 0.8756988089378104,
        "unprot-regs-rate": 0.3676038521855114
    }
}