{
    "simpoint": {
        "interval": 19093,
        "weight": 0.0130689,
        "waypoints": [
            442361517955,
            442366307298,
            442386152419
        ],
        "name": "3"
    },
    "stats": {
        "insts": 50000066.0,
        "ipc": 1.078818,
        "cycles": 46347093.0,
        "reg-taints": 0.0,
        "mem-taints": 0.0,
        "xmit-taints": 0.0,
        "loads": 15985012.0,
        "load-rate": 0.31969981799624025,
        "stalls": 163522663,
        "access-preds": 18866931,
        "access-misps": 61422,
        "access-misp-rate": 0.0032555374268342847
    }
}