{
    "simpoint": {
        "interval": 490852,
        "weight": 0.157265,
        "waypoints": [
            841037946962,
            841038171097,
            841039344402
        ],
        "name": "6"
    },
    "stats": {
        "insts": 50012162.0,
        "ipc": 0.486267,
        "cycles": 102849202.0,
        "pub-annot-reg-rate": NaN,
        "pub-annot-load-rate": NaN,
        "pub-annot-load-count": 0.0,
        "annot-load-count": 0.0,
        "prot-regs": 83596539.0,
        "unprot-regs": 33816631.0,
        "loads": 17182615.0,
        "load-rate": 0.3435687303420316,
        "stalls": 2405451227000,
        "access-preds": 0,
        "access-misps": 0,
        "access-misp-rate": 0,
        "unprot-regs-inst": 0.6761681488594714,
        "unprot-regs-rate": 0.2880139510755054
    }
}