{
    "simpoint": {
        "interval": 5199,
        "weight": 0.0561818,
        "waypoints": [
            60945199691,
            60947328793,
            60959029852
        ],
        "name": "6"
    },
    "stats": {
        "insts": 50000037.0,
        "ipc": 1.611291,
        "cycles": 31031040.0,
        "reg-taints": 0.0,
        "mem-taints": 0.0,
        "xmit-taints": 0.0,
        "loads": 10478714.0,
        "load-rate": 0.20957412491514757,
        "stalls": 8928607268,
        "access-preds": 12511412,
        "access-misps": 1133633,
        "access-misp-rate": 0.09060791859463983
    }
}