{
    "simpoint": {
        "interval": 76,
        "weight": 0.00188513,
        "waypoints": [
            669872540,
            672241956,
            684083627
        ],
        "name": "1"
    },
    "stats": {
        "insts": 50000189.0,
        "ipc": 0.836304,
        "cycles": 59787079.0,
        "reg-taints": 0.0,
        "mem-taints": 0.0,
        "xmit-taints": 0.0,
        "loads": 16555524.0,
        "load-rate": 0.3311092284071166,
        "stalls": 20694280211,
        "access-preds": 19864658,
        "access-misps": 1462410,
        "access-misp-rate": 0.07361868500328574
    }
}