{
    "simpoint": {
        "interval": 5199,
        "weight": 0.0561818,
        "waypoints": [
            60945199305,
            60947328407,
            60959029466
        ],
        "name": "6"
    },
    "stats": {
        "insts": 50000039.0,
        "ipc": 0.682238,
        "cycles": 73288222.0,
        "pub-annot-reg-rate": NaN,
        "pub-annot-load-rate": NaN,
        "pub-annot-load-count": 0.0,
        "annot-load-count": 0.0,
        "prot-regs": 95935522.0,
        "unprot-regs": 19881413.0,
        "stalls": 0,
        "unprot-regs-inst": 0.3976279498501991,
        "unprot-regs-rate": 0.1716623998036211
    }
}