{
    "simpoint": {
        "interval": 28250,
        "weight": 0.0185516,
        "waypoints": [
            108231999550,
            108232995193,
            108237570833
        ],
        "name": "1"
    },
    "stats": {
        "insts": 50000176.0,
        "ipc": 1.35338,
        "cycles": 36944656.0,
        "reg-taints": 0.0,
        "mem-taints": 0.0,
        "xmit-taints": 0.0,
        "loads": 34946734.0,
        "load-rate": 0.6989322197585864,
        "stalls": 588309290499,
        "access-preds": 41933415,
        "access-misps": 34037515,
        "access-misp-rate": 0.8117038643287221
    }
}