{
    "simpoint": {
        "interval": 32813,
        "weight": 0.0318631,
        "waypoints": [
            319545681560,
            319548380288,
            319561805792
        ],
        "name": "4"
    },
    "stats": {
        "insts": 63189711.0,
        "ipc": 0.551595,
        "cycles": 114558221.0,
        "reg-taints": 0.0,
        "mem-taints": 0.0,
        "xmit-taints": 13234066.0,
        "loads": 18029311.0,
        "load-rate": 0.28532035856280463,
        "stalls": 69751698777,
        "access-preds": 381095,
        "access-misps": 345282,
        "access-misp-rate": 0.9060260564950996
    }
}