{
    "simpoint": {
        "interval": 668,
        "weight": 0.0957473,
        "waypoints": [
            15211472340,
            15216035563,
            15238938714
        ],
        "name": "0"
    },
    "stats": {
        "insts": 63801708.0,
        "ipc": 1.167533,
        "cycles": 54646610.0,
        "reg-taints": 0.0,
        "mem-taints": 0.0,
        "xmit-taints": 4207617.0,
        "loads": 17597697.0,
        "load-rate": 0.2758185878033234,
        "stalls": 4905266395,
        "access-preds": 5702945,
        "access-misps": 322627,
        "access-misp-rate": 0.05657199920392008
    }
}