{
    "simpoint": {
        "interval": 5119,
        "weight": 0.286095,
        "waypoints": [
            46359042656,
            46361333575,
            46372788356
        ],
        "name": "9"
    },
    "stats": {
        "insts": 50000197.0,
        "ipc": 0.808315,
        "cycles": 61857315.0,
        "pub-annot-reg-rate": NaN,
        "pub-annot-load-rate": NaN,
        "pub-annot-load-count": 0.0,
        "annot-load-count": 0.0,
        "prot-regs": 45610893.0,
        "unprot-regs": 15741960.0,
        "loads": 14583009.0,
        "load-rate": 0.2916590308634184,
        "stalls": 590128863500,
        "access-preds": 0,
        "access-misps": 0,
        "access-misp-rate": 0,
        "unprot-regs-inst": 0.3148379595384394,
        "unprot-regs-rate": 0.2565807330915809
    }
}