{
    "simpoint": {
        "interval": 3165,
        "weight": 0.00287799,
        "waypoints": [
            28898632978,
            28898633722,
            28900436003
        ],
        "name": "7"
    },
    "stats": {
        "insts": 54542550.0,
        "ipc": 0.238262,
        "cycles": 228918048.0,
        "reg-taints": 0.0,
        "mem-taints": 0.0,
        "xmit-taints": 7337.0,
        "stalls": 13012840094,
        "access-preds": 973808,
        "access-misps": 802236,
        "access-misp-rate": 0.8238133184364885
    }
}