{
    "simpoint": {
        "interval": 3585,
        "weight": 0.134108,
        "waypoints": [
            33454489991,
            33456525914,
            33466700112
        ],
        "name": "2"
    },
    "stats": {
        "insts": 56505330.0,
        "ipc": 0.964236,
        "cycles": 58601148.0,
        "reg-taints": 0.0,
        "mem-taints": 0.0,
        "xmit-taints": 4902323.0,
        "stalls": 100203900833,
        "access-preds": 5115457,
        "access-misps": 1423924,
        "access-misp-rate": 0.27835714384853594
    }
}