{
    "simpoint": {
        "interval": 180807,
        "weight": 0.0229584,
        "waypoints": [
            382590197347,
            382591125927,
            382595615663
        ],
        "name": "9"
    },
    "stats": {
        "insts": 50000078.0,
        "ipc": 1.376175,
        "cycles": 36332658.0,
        "reg-taints": 0.0,
        "mem-taints": 0.0,
        "xmit-taints": 5117.0,
        "loads": 11134298.0,
        "load-rate": 0.22268561261044434,
        "stalls": 2993187291,
        "access-preds": 5990379,
        "access-misps": 779,
        "access-misp-rate": 0.00013004185544854507
    }
}