{
    "simpoint": {
        "interval": 2681,
        "weight": 0.0726879,
        "waypoints": [
            34494367413,
            34496954367,
            34509934671
        ],
        "name": "3"
    },
    "stats": {
        "insts": 50000068.0,
        "ipc": 0.793604,
        "cycles": 63003785.0,
        "reg-taints": 0.0,
        "mem-taints": 0.0,
        "xmit-taints": 0.0,
        "stalls": 57565722196,
        "access-preds": 20599255,
        "access-misps": 3344604,
        "access-misp-rate": 0.162365289424302
    }
}