{
    "simpoint": {
        "interval": 45938,
        "weight": 0.0723623,
        "waypoints": [
            802661694351,
            802665613806,
            802685215602
        ],
        "name": "3"
    },
    "stats": {
        "insts": 50053041.0,
        "ipc": 0.431692,
        "cycles": 115946122.0,
        "reg-taints": 0.0,
        "mem-taints": 0.0,
        "xmit-taints": 21475211.0,
        "stalls": 12559725622,
        "access-preds": 282222,
        "access-misps": 5316,
        "access-misp-rate": 0.018836235304122286
    }
}