{
    "simpoint": {
        "interval": 706,
        "weight": 0.000253552,
        "waypoints": [
            6587638952,
            6592243535,
            6615582768
        ],
        "name": "0"
    },
    "stats": {
        "insts": 50000018.0,
        "ipc": 1.06524,
        "cycles": 46937810.0,
        "reg-taints": 0.0,
        "mem-taints": 0.0,
        "xmit-taints": 0.0,
        "stalls": 7776796291,
        "access-preds": 20085561,
        "access-misps": 5630565,
        "access-misp-rate": 0.2803289885704462
    }
}