{
    "weight": 0.9999989000000001,
    "stats": {
        "insts": 50000033.21214053,
        "ipc": 1.477593852088237,
        "cycles": 33865328.71183198,
        "xmit-taints": 0.0,
        "access-misps": 216252.8658456524,
        "mem-taints": 0.0,
        "stalls": 2964280357.392162,
        "reg-taints": 0.0,
        "access-preds": 14982818.48984984,
        "access-misp-rate": 0.014435676248445644
    }
}