{
    "simpoint": {
        "interval": 108130,
        "weight": 0.0553263,
        "waypoints": [
            229978831386,
            229980724396,
            229983123467
        ],
        "name": "6"
    },
    "stats": {
        "insts": 50108511.0,
        "ipc": 1.502831,
        "cycles": 33342744.0,
        "reg-taints": 0.0,
        "mem-taints": 0.0,
        "xmit-taints": 466353.0,
        "loads": 13880526.0,
        "load-rate": 0.27700934877110994,
        "stalls": 2329394947,
        "access-preds": 846712,
        "access-misps": 606,
        "access-misp-rate": 0.0007157097100312739
    }
}