{
    "weight": 0.9999989000000001,
    "stats": {
        "insts": 59904131.883948766,
        "ipc": 1.3392963185647504,
        "cycles": 44773339.04630455,
        "reg-taints": 0.0,
        "mem-taints": 0.0,
        "xmit-taints": 2312791.94547974,
        "stalls": 17956198647.174408,
        "access-preds": 3669426.7331985063,
        "access-misps": 391254.4720491192,
        "access-misp-rate": 0.10681548749232526
    }
}