{
    "simpoint": {
        "interval": 32433,
        "weight": 0.18707,
        "waypoints": [
            504049481937,
            504052624647,
            504068434214
        ],
        "name": "6"
    },
    "stats": {
        "insts": 60363386.0,
        "ipc": 1.313344,
        "cycles": 45961582.0,
        "reg-taints": 0.0,
        "mem-taints": 0.0,
        "xmit-taints": 2322495.0,
        "stalls": 18144257479,
        "access-preds": 3625397,
        "access-misps": 407340,
        "access-misp-rate": 0.11235735010538156
    }
}