{
    "simpoint": {
        "interval": 4974,
        "weight": 0.0263685,
        "waypoints": [
            7237046679,
            7237187907,
            7237683187
        ],
        "name": "1"
    },
    "stats": {
        "insts": 53464602.0,
        "ipc": 1.227378,
        "cycles": 43560007.0,
        "reg-taints": 0.0,
        "mem-taints": 0.0,
        "xmit-taints": 2106358.0,
        "loads": 12909299.0,
        "load-rate": 0.2414550659144531,
        "stalls": 37684428595,
        "access-preds": 5245449,
        "access-misps": 91518,
        "access-misp-rate": 0.017447124164204054
    }
}