{
    "weight": 1.0000008,
    "stats": {
        "insts": 50700493.907545365,
        "ipc": 0.9908266010161192,
        "cycles": 56212756.60836382,
        "reg-taints": 0.0,
        "mem-taints": 0.0,
        "xmit-taints": 2141414.1200800035,
        "stalls": 93153512310.09608,
        "access-preds": 6837723.621311103,
        "access-misps": 6802536.768574085,
        "access-misp-rate": 0.9921849983304925
    }
}