{
    "simpoint": {
        "interval": 6816,
        "weight": 0.0972148,
        "waypoints": [
            68203214195,
            68207351409,
            68235496377
        ],
        "name": "1"
    },
    "stats": {
        "insts": 50297703.0,
        "ipc": 1.666018,
        "cycles": 30190368.0,
        "reg-taints": 0.0,
        "mem-taints": 0.0,
        "xmit-taints": 16600688.0,
        "stalls": 1532821242,
        "access-preds": 3948082,
        "access-misps": 305058,
        "access-misp-rate": 0.07726739211596922
    }
}