{
    "weight": 1.0000000999999998,
    "stats": {
        "ipc": 0.42348032027906807,
        "mem-taints": 0.0,
        "xmit-taints": 17886106.365784265,
        "reg-taints": 0.0,
        "access-preds": 1978548.634370537,
        "stalls": 275223284226.1161,
        "loads": 14304057.801782124,
        "load-rate": 0.28585999238301524,
        "cycles": 118235230.2231146,
        "access-misp-rate": 0.004892428991480401,
        "access-misps": 9680.46112415389,
        "insts": 50039019.44886678
    }
}