{
    "simpoint": {
        "interval": 488,
        "weight": 0.13597,
        "waypoints": [
            7591993457,
            7595102746,
            7610810749
        ],
        "name": "0"
    },
    "stats": {
        "insts": 50060826.0,
        "ipc": 0.480885,
        "cycles": 104101370.0,
        "reg-taints": 0.0,
        "mem-taints": 0.0,
        "xmit-taints": 16922247.0,
        "loads": 12339240.0,
        "load-rate": 0.24648494613332989,
        "stalls": 656155220739,
        "access-preds": 1265378,
        "access-misps": 52782,
        "access-misp-rate": 0.041712436916083576
    }
}