{
    "simpoint": {
        "interval": 1702,
        "weight": 0.11988,
        "waypoints": [
            19943467240,
            19945786097,
            19954634375
        ],
        "name": "2"
    },
    "stats": {
        "insts": 51880209.0,
        "ipc": 0.239257,
        "cycles": 216838688.0,
        "reg-taints": 0.0,
        "mem-taints": 0.0,
        "xmit-taints": 626830.0,
        "loads": 11375811.0,
        "load-rate": 0.2192707242177841,
        "stalls": 1544690629465,
        "access-preds": 1212116,
        "access-misps": 1126606,
        "access-misp-rate": 0.9294539466519706
    }
}