{
    "simpoint": {
        "interval": 3354,
        "weight": 0.00322998,
        "waypoints": [
            37944203998,
            37949002768,
            37964226551
        ],
        "name": "0"
    },
    "stats": {
        "insts": 50000036.0,
        "ipc": 0.356744,
        "cycles": 140156526.0,
        "reg-taints": 0.0,
        "mem-taints": 0.0,
        "xmit-taints": 0.0,
        "stalls": 115584936528,
        "access-preds": 8805717,
        "access-misps": 712908,
        "access-misp-rate": 0.08095967653741314
    }
}