{
    "weight": 1.00000015,
    "stats": {
        "ipc": 1.1162439968751006,
        "access-misp-rate": 0.05462158369119329,
        "insts": 50000050.262588665,
        "load-rate": 0.28608789045204375,
        "access-misps": 924545.9906882514,
        "reg-taints": 0.0,
        "loads": 14304409.821415378,
        "mem-taints": 0.0,
        "stalls": 22788666820.0193,
        "access-preds": 17204941.209295418,
        "xmit-taints": 0.0,
        "cycles": 47857140.3762061
    }
}