{
    "weight": 0.999999552,
    "stats": {
        "insts": 55678062.35478047,
        "ipc": 1.4261710663988973,
        "cycles": 42327301.2291595,
        "reg-taints": 0.0,
        "mem-taints": 0.0,
        "xmit-taints": 3608090.504527926,
        "stalls": 88131704998.50362,
        "access-preds": 6430225.357604964,
        "access-misps": 174164.16883677963,
        "access-misp-rate": 0.023730642592048358
    }
}