{
    "simpoint": {
        "interval": 22746,
        "weight": 0.00254273,
        "waypoints": [
            289013185169,
            289015845950,
            289029117941
        ],
        "name": "9"
    },
    "stats": {
        "insts": 50000045.0,
        "ipc": 1.516738,
        "cycles": 32965516.0,
        "reg-taints": 0.0,
        "mem-taints": 0.0,
        "xmit-taints": 0.0,
        "stalls": 1145793481,
        "access-preds": 13259543,
        "access-misps": 203085,
        "access-misp-rate": 0.015316138723634744
    }
}