{
    "weight": 0.9999993,
    "stats": {
        "access-preds": 15331773.547965685,
        "loads": 12728770.926826848,
        "access-misp-rate": 0.02298579039770343,
        "reg-taints": 0.0,
        "xmit-taints": 0.0,
        "stalls": 3220627074.266193,
        "access-misps": 361962.1517335062,
        "ipc": 1.6008561956715368,
        "mem-taints": 0.0,
        "cycles": 32099775.147232503,
        "load-rate": 0.2545752348167807,
        "insts": 50000036.25527667
    }
}