{
    "weight": 1.00000015,
    "stats": {
        "insts": 52981082.85376752,
        "ipc": 1.1227367439344884,
        "cycles": 50927695.74967669,
        "reg-taints": 0.0,
        "mem-taints": 0.0,
        "xmit-taints": 9517202.736285292,
        "stalls": 39702586301.46056,
        "access-preds": 5550692.127787831,
        "access-misps": 818777.4234842866,
        "access-misp-rate": 0.1581020034637377
    }
}