{
    "simpoint": {
        "interval": 675,
        "weight": 0.078825,
        "waypoints": [
            8395755208,
            8398351879,
            8411369247
        ],
        "name": "2"
    },
    "stats": {
        "insts": 50000017.0,
        "ipc": 0.855943,
        "cycles": 58415117.0,
        "reg-taints": 0.0,
        "mem-taints": 0.0,
        "xmit-taints": 0.0,
        "stalls": 30100938817,
        "access-preds": 20607973,
        "access-misps": 1234153,
        "access-misp-rate": 0.059887161148745684
    }
}