{
    "simpoint": {
        "interval": 12232,
        "weight": 0.18073,
        "waypoints": [
            175709486129,
            175711250457,
            175720075089
        ],
        "name": "2"
    },
    "stats": {
        "insts": 50000011.0,
        "ipc": 0.499134,
        "cycles": 100173434.0,
        "pub-annot-reg-rate": NaN,
        "pub-annot-load-rate": NaN,
        "pub-annot-load-count": 0.0,
        "annot-load-count": 0.0,
        "prot-regs": 75581886.0,
        "unprot-regs": 28839423.0,
        "loads": 17445835.0,
        "load-rate": 0.3489166232383429,
        "stalls": 118214996000,
        "access-preds": 0,
        "access-misps": 0,
        "access-misp-rate": 0,
        "unprot-regs-inst": 0.5767883331065667,
        "unprot-regs-rate": 0.27618331235437776
    }
}