{
    "simpoint": {
        "interval": 22746,
        "weight": 0.00254273,
        "waypoints": [
            289013098400,
            289015758930,
            289029029641
        ],
        "name": "9"
    },
    "stats": {
        "insts": 49997622.0,
        "ipc": 0.718481,
        "cycles": 69587974.0,
        "reg-taints": 0.0,
        "mem-taints": 0.0,
        "xmit-taints": 11000015.0,
        "loads": 11050882.0,
        "load-rate": 0.22102815209891383,
        "stalls": 164371370326,
        "access-preds": 2874196,
        "access-misps": 2505731,
        "access-misp-rate": 0.871802410134869
    }
}