{
    "simpoint": {
        "interval": 11244,
        "weight": 0.0981097,
        "waypoints": [
            255279592077,
            255284103721,
            255306639867
        ],
        "name": "2"
    },
    "stats": {
        "insts": 50000069.0,
        "ipc": 0.411401,
        "cycles": 121536055.0,
        "pub-annot-reg-rate": NaN,
        "pub-annot-load-rate": NaN,
        "pub-annot-load-count": 0.0,
        "annot-load-count": 0.0,
        "prot-regs": 105680734.0,
        "unprot-regs": 31910087.0,
        "loads": 13581330.0,
        "load-rate": 0.2716262251558093,
        "stalls": 461372116500,
        "access-preds": 0,
        "access-misps": 0,
        "access-misp-rate": 0,
        "unprot-regs-inst": 0.6382008592828142,
        "unprot-regs-rate": 0.2319201729307219
    }
}