{
    "simpoint": {
        "interval": 4974,
        "weight": 0.0263685,
        "waypoints": [
            7237046426,
            7237187654,
            7237682934
        ],
        "name": "1"
    },
    "stats": {
        "insts": 53464606.0,
        "ipc": 0.427334,
        "cycles": 125112044.0,
        "reg-taints": 0.0,
        "mem-taints": 0.0,
        "xmit-taints": 2106358.0,
        "loads": 12909302.0,
        "load-rate": 0.24145510396167513,
        "stalls": 462318995117,
        "access-preds": 5245449,
        "access-misps": 4968874,
        "access-misp-rate": 0.9472733411381943
    }
}