{
    "simpoint": {
        "interval": 45938,
        "weight": 0.0723623,
        "waypoints": [
            802661694351,
            802665613806,
            802685215602
        ],
        "name": "3"
    },
    "stats": {
        "insts": 50000081.0,
        "ipc": 0.379817,
        "cycles": 131642560.0,
        "pub-annot-reg-rate": NaN,
        "pub-annot-load-rate": NaN,
        "pub-annot-load-count": 0.0,
        "annot-load-count": 0.0,
        "prot-regs": 85491187.0,
        "unprot-regs": 22547238.0,
        "stalls": 0,
        "access-preds": 0,
        "access-misps": 0,
        "access-misp-rate": 0,
        "unprot-regs-inst": 0.45094402947067225,
        "unprot-regs-rate": 0.2086964707232635
    }
}