{
    "simpoint": {
        "interval": 813,
        "weight": 0.132794,
        "waypoints": [
            6815664798,
            6817274867,
            6824817495
        ],
        "name": "0"
    },
    "stats": {
        "insts": 50703049.0,
        "ipc": 1.254428,
        "cycles": 40419257.0,
        "reg-taints": 0.0,
        "mem-taints": 0.0,
        "xmit-taints": 1534229.0,
        "loads": 12370153.0,
        "load-rate": 0.24397256662020464,
        "stalls": 2166061981,
        "access-preds": 9749346,
        "access-misps": 123410,
        "access-misp-rate": 0.012658284976243534
    }
}