{
    "simpoint": {
        "interval": 668,
        "weight": 0.0957473,
        "waypoints": [
            15211472340,
            15216035563,
            15238938714
        ],
        "name": "0"
    },
    "stats": {
        "insts": 63801708.0,
        "ipc": 0.358123,
        "cycles": 178155821.0,
        "reg-taints": 0.0,
        "mem-taints": 0.0,
        "xmit-taints": 1856976.0,
        "loads": 17597697.0,
        "load-rate": 0.2758185878033234,
        "stalls": 545965366729,
        "access-preds": 5702945,
        "access-misps": 5232585,
        "access-misp-rate": 0.9175233147084533
    }
}