{
    "weight": 0.999999552,
    "stats": {
        "load-rate": 0.31265194298734045,
        "cycles": 36962854.76059941,
        "access-preds": 18763089.3451003,
        "loads": 15632610.351842616,
        "reg-taints": 0.0,
        "access-misps": 1054514.0013086407,
        "insts": 50000041.83360763,
        "xmit-taints": 0.0,
        "access-misp-rate": 0.057931807428390956,
        "stalls": 27498859183.87726,
        "ipc": 1.5398130974501916,
        "mem-taints": 0.0
    }
}