{
    "weight": 1.00000015,
    "stats": {
        "insts": 52981082.85376752,
        "mem-taints": 0.0,
        "reg-taints": 0.0,
        "loads": 14913157.826344227,
        "stalls": 40405724160.52281,
        "xmit-taints": 9526551.994676,
        "load-rate": 0.28111688511088484,
        "ipc": 1.124874693825596,
        "access-preds": 5550692.127787831,
        "access-misp-rate": 0.18707685040925406,
        "access-misps": 929276.347379848,
        "cycles": 50800492.12256223
    }
}