{
    "weight": 1.0000004999999998,
    "stats": {
        "access-misps": 174117.36728481637,
        "load-rate": 0.1901188058485697,
        "ipc": 1.644644267264667,
        "loads": 10178825.639573483,
        "access-misp-rate": 0.08247974949146786,
        "reg-taints": 0.0,
        "access-preds": 2023052.398538901,
        "cycles": 33304922.181218613,
        "xmit-taints": 970050.542439129,
        "insts": 53583620.30268096,
        "stalls": 66968981031.66328,
        "mem-taints": 0.0
    }
}