{
    "simpoint": {
        "interval": 39859,
        "weight": 0.212529,
        "waypoints": [
            391499302195,
            391501655814,
            391512639171
        ],
        "name": "6"
    },
    "stats": {
        "insts": 56763497.0,
        "ipc": 1.013965,
        "cycles": 55981700.0,
        "reg-taints": 0.0,
        "mem-taints": 0.0,
        "xmit-taints": 1473585.0,
        "stalls": 68146614000,
        "access-preds": 8064441,
        "access-misps": 7090303,
        "access-misp-rate": 0.8792057626808851
    }
}