{
    "simpoint": {
        "interval": 40254,
        "weight": 0.0627946,
        "waypoints": [
            944599758658,
            944604507473,
            944628141398
        ],
        "name": "7"
    },
    "stats": {
        "insts": 63548034.0,
        "ipc": 0.827507,
        "cycles": 76794559.0,
        "reg-taints": 0.0,
        "mem-taints": 0.0,
        "xmit-taints": 3293273.0,
        "loads": 17791815.0,
        "load-rate": 0.2799742789839887,
        "stalls": 46065382294,
        "access-preds": 5955679,
        "access-misps": 305850,
        "access-misp-rate": 0.05135434599480596
    }
}