{
    "weight": 0.9999998099999998,
    "stats": {
        "load-rate": 0.32744781208924634,
        "insts": 50000063.05902635,
        "cycles": 27233176.419559304,
        "access-preds": 0.0,
        "access-misps": 0.0,
        "ipc": 1.855226428460082,
        "stalls": 0.0,
        "access-misp-rate": 0.0,
        "loads": 16372411.51813057
    }
}