{
    "simpoint": {
        "interval": 14696,
        "weight": 0.241658,
        "waypoints": [
            117669201327,
            117670773489,
            117678497461
        ],
        "name": "5"
    },
    "stats": {
        "insts": 54010672.0,
        "ipc": 1.431336,
        "cycles": 37734448.0,
        "reg-taints": 0.0,
        "mem-taints": 0.0,
        "xmit-taints": 1536443.0,
        "loads": 13116980.0,
        "load-rate": 0.2428590408947328,
        "stalls": 87378963054,
        "access-preds": 5354093,
        "access-misps": 1479997,
        "access-misp-rate": 0.2764234763946013
    }
}