{
    "weight": 1.00000015,
    "stats": {
        "xmit-taints": 9526551.994676,
        "mem-taints": 0.0,
        "ipc": 0.9769343254345512,
        "access-preds": 5550691.918786862,
        "insts": 52981083.161339074,
        "access-misps": 3268880.284442307,
        "load-rate": 0.2811168799569614,
        "stalls": 66572841142.38956,
        "access-misp-rate": 0.5911969949049773,
        "loads": 14913157.628815457,
        "reg-taints": 0.0,
        "cycles": 58452028.28231605
    }
}