{
    "simpoint": {
        "interval": 5199,
        "weight": 0.0561818,
        "waypoints": [
            60945199305,
            60947328407,
            60959029466
        ],
        "name": "6"
    },
    "stats": {
        "insts": 51588686.0,
        "ipc": 1.530522,
        "cycles": 33706600.0,
        "reg-taints": 0.0,
        "mem-taints": 0.0,
        "xmit-taints": 1125277.0,
        "loads": 10736527.0,
        "load-rate": 0.2081178613465751,
        "stalls": 12701028029,
        "access-preds": 5698011,
        "access-misps": 433230,
        "access-misp-rate": 0.07603179425241545
    }
}