{
    "simpoint": {
        "interval": 26494,
        "weight": 0.14016,
        "waypoints": [
            411545968218,
            411548971522,
            411564076503
        ],
        "name": "5"
    },
    "stats": {
        "insts": 50000047.0,
        "ipc": 1.514423,
        "cycles": 33015913.0,
        "reg-taints": 0.0,
        "mem-taints": 0.0,
        "xmit-taints": 0.0,
        "stalls": 3776496878,
        "access-preds": 15243523,
        "access-misps": 433263,
        "access-misp-rate": 0.028422760276610597
    }
}