{
    "simpoint": {
        "interval": 3354,
        "weight": 0.00322998,
        "waypoints": [
            37944203998,
            37949002768,
            37964226551
        ],
        "name": "0"
    },
    "stats": {
        "insts": 52796413.0,
        "ipc": 0.349326,
        "cycles": 151137769.0,
        "reg-taints": 0.0,
        "mem-taints": 0.0,
        "xmit-taints": 601776.0,
        "loads": 6046615.0,
        "load-rate": 0.11452700394627188,
        "stalls": 336649919716,
        "access-preds": 2171776,
        "access-misps": 392,
        "access-misp-rate": 0.00018049743619968174
    }
}