{
    "weight": 0.999999552,
    "stats": {
        "cycles": 36164698.83159136,
        "access-misps": 0.0,
        "access-misp-rate": 0.0,
        "stalls": 0.0,
        "load-rate": 0.31265194298734045,
        "ipc": 1.5568306259068843,
        "insts": 50000041.83360763,
        "access-preds": 0.0,
        "loads": 15632610.351842616
    }
}