{
    "simpoint": {
        "interval": 668,
        "weight": 0.0957473,
        "waypoints": [
            15211472340,
            15216035563,
            15238938714
        ],
        "name": "0"
    },
    "stats": {
        "insts": 50056435.0,
        "ipc": 0.410233,
        "cycles": 122019658.0,
        "reg-taints": 0.0,
        "mem-taints": 0.0,
        "xmit-taints": 18747360.0,
        "loads": 13840291.0,
        "load-rate": 0.27649374151395323,
        "stalls": 292552114909,
        "access-preds": 1931720,
        "access-misps": 7705,
        "access-misp-rate": 0.003988673306690411
    }
}