{
    "simpoint": {
        "interval": 32813,
        "weight": 0.0318631,
        "waypoints": [
            319545681560,
            319548380288,
            319561805792
        ],
        "name": "4"
    },
    "stats": {
        "insts": 50000033.0,
        "ipc": 0.434839,
        "cycles": 114985164.0,
        "pub-annot-reg-rate": NaN,
        "pub-annot-load-rate": NaN,
        "pub-annot-load-count": 0.0,
        "annot-load-count": 0.0,
        "prot-regs": 59376897.0,
        "unprot-regs": 54400063.0,
        "loads": 17989984.0,
        "load-rate": 0.35979944253236795,
        "stalls": 142763568500,
        "access-preds": 0,
        "access-misps": 0,
        "access-misp-rate": 0,
        "unprot-regs-inst": 1.0880005419196423,
        "unprot-regs-rate": 0.478128990263055
    }
}