{
    "simpoint": {
        "interval": 40254,
        "weight": 0.0627946,
        "waypoints": [
            944599758658,
            944604507473,
            944628141398
        ],
        "name": "7"
    },
    "stats": {
        "insts": 50000033.0,
        "ipc": 1.059386,
        "cycles": 47197186.0,
        "reg-taints": 0.0,
        "mem-taints": 0.0,
        "xmit-taints": 0.0,
        "loads": 14115491.0,
        "load-rate": 0.28230963367564177,
        "stalls": 2650296892,
        "access-preds": 16953804,
        "access-misps": 420953,
        "access-misp-rate": 0.024829412915237194
    }
}