{
    "simpoint": {
        "interval": 2681,
        "weight": 0.0726879,
        "waypoints": [
            34494367413,
            34496954367,
            34509934671
        ],
        "name": "3"
    },
    "stats": {
        "insts": 50000068.0,
        "ipc": 0.864069,
        "cycles": 57865850.0,
        "reg-taints": 0.0,
        "mem-taints": 0.0,
        "xmit-taints": 0.0,
        "loads": 17164907.0,
        "load-rate": 0.34329767311516457,
        "stalls": 27834540431,
        "access-preds": 20599255,
        "access-misps": 1852170,
        "access-misp-rate": 0.08991441680779232
    }
}