{
    "weight": 1.00000017,
    "stats": {
        "loads": 17908237.309187334,
        "insts": 50000021.55236049,
        "access-preds": 1003874.9769109536,
        "cycles": 157461524.69321305,
        "load-rate": 0.35816459203689693,
        "ipc": 0.3486045962262986,
        "access-misp-rate": 0.9293070748912203,
        "reg-taints": 0.0,
        "mem-taints": 0.0,
        "stalls": 749896798428.8907,
        "xmit-taints": 21242381.945827387,
        "access-misps": 987803.7646193499
    }
}