{
    "simpoint": {
        "interval": 20606,
        "weight": 0.0051787,
        "waypoints": [
            279262549482,
            279266351517,
            279285361611
        ],
        "name": "1"
    },
    "stats": {
        "insts": 50000429.0,
        "ipc": 1.13097,
        "cycles": 44210210.0,
        "reg-taints": 0.0,
        "mem-taints": 0.0,
        "xmit-taints": 833453.0,
        "loads": 6775713.0,
        "load-rate": 0.13551309729762517,
        "stalls": 142716891,
        "access-preds": 6626472,
        "access-misps": 125662,
        "access-misp-rate": 0.018963635551466903
    }
}