{
    "weight": 1.00000015,
    "stats": {
        "insts": 52981082.74599654,
        "reg-taints": 0.0,
        "loads": 14913157.718573242,
        "stalls": 29387053343.50054,
        "access-misp-rate": 0.05058937055614913,
        "xmit-taints": 9526551.994676,
        "cycles": 50131606.82886768,
        "mem-taints": 0.0,
        "access-preds": 5550692.127787831,
        "load-rate": 0.2811168835699125,
        "access-misps": 285508.86001937103,
        "ipc": 1.1335072592489113
    }
}