{
    "weight": 1.00000015,
    "stats": {
        "loads": 14304409.713644395,
        "insts": 50000050.33619871,
        "stalls": 3014872787.771707,
        "mem-taints": 0.0,
        "load-rate": 0.28608788783923045,
        "cycles": 34779409.33811641,
        "access-misp-rate": 0.034875061880261286,
        "reg-taints": 0.0,
        "access-misps": 632346.9709881044,
        "ipc": 1.5552987549295367,
        "access-preds": 17204941.10152444,
        "xmit-taints": 0.0
    }
}