{
    "simpoint": {
        "interval": 12227,
        "weight": 0.107771,
        "waypoints": [
            190884791740,
            190888375851,
            190913417170
        ],
        "name": "5"
    },
    "stats": {
        "insts": 51927743.0,
        "ipc": 1.38636,
        "cycles": 37456165.0,
        "reg-taints": 0.0,
        "mem-taints": 0.0,
        "xmit-taints": 13087385.0,
        "stalls": 18424053100,
        "access-preds": 4742262,
        "access-misps": 464394,
        "access-misp-rate": 0.09792668561964733
    }
}