{
    "simpoint": {
        "interval": 71898,
        "weight": 0.0163127,
        "waypoints": [
            154304820182,
            154305108565,
            154315679426
        ],
        "name": "4"
    },
    "stats": {
        "insts": 50006518.0,
        "ipc": 0.508442,
        "cycles": 98352499.0,
        "reg-taints": 0.0,
        "mem-taints": 0.0,
        "xmit-taints": 14867440.0,
        "stalls": 45098972998,
        "access-preds": 1,
        "access-misps": 1,
        "access-misp-rate": 1.0
    }
}