{
    "simpoint": {
        "interval": 908,
        "weight": 0.0694995,
        "waypoints": [
            14066695134,
            14069716101,
            14084752322
        ],
        "name": "1"
    },
    "stats": {
        "insts": 59906079.0,
        "ipc": 1.356506,
        "cycles": 44162051.0,
        "reg-taints": 0.0,
        "mem-taints": 0.0,
        "xmit-taints": 2347374.0,
        "stalls": 16728715318,
        "access-preds": 3722217,
        "access-misps": 133028,
        "access-misp-rate": 0.03573891581280726
    }
}