{
    "weight": 0.99999985,
    "stats": {
        "access-preds": 18176546.645231348,
        "insts": 50000162.49704282,
        "stalls": 10660879907.575563,
        "xmit-taints": 0.0,
        "access-misp-rate": 0.01629406509408489,
        "loads": 15141099.24154294,
        "ipc": 0.2750836415232462,
        "load-rate": 0.3028210042234206,
        "access-misps": 296417.84515282675,
        "cycles": 194405268.35177332,
        "mem-taints": 0.0,
        "reg-taints": 0.0
    }
}