{
    "simpoint": {
        "interval": 88330,
        "weight": 0.0564765,
        "waypoints": [
            1473827797215,
            1473829575800,
            1473836076492
        ],
        "name": "6"
    },
    "stats": {
        "insts": 50000278.0,
        "ipc": 0.700685,
        "cycles": 71359103.0,
        "reg-taints": 0.0,
        "mem-taints": 0.0,
        "xmit-taints": 11275718.0,
        "loads": 7098709.0,
        "load-rate": 0.14197339062794812,
        "stalls": 237317546293,
        "access-preds": 44752,
        "access-misps": 980,
        "access-misp-rate": 0.021898462638541293
    }
}