{
    "simpoint": {
        "interval": 23638,
        "weight": 0.106128,
        "waypoints": [
            36605019184,
            36605340413,
            36606980302
        ],
        "name": "2"
    },
    "stats": {
        "insts": 50000230.0,
        "ipc": 1.082434,
        "cycles": 46192391.0,
        "reg-taints": 0.0,
        "mem-taints": 0.0,
        "xmit-taints": 0.0,
        "loads": 12027024.0,
        "load-rate": 0.2405393735188818,
        "stalls": 18737389,
        "access-preds": 14447801,
        "access-misps": 360443,
        "access-misp-rate": 0.024947948826260828
    }
}