{
    "weight": 1.00000015,
    "stats": {
        "insts": 54739470.42758233,
        "ipc": 1.0774911907524214,
        "cycles": 50837869.14721018,
        "stalls": 0.0
    }
}