{
    "simpoint": {
        "interval": 22480,
        "weight": 0.0592294,
        "waypoints": [
            351078840256,
            351081724897,
            351096183670
        ],
        "name": "4"
    },
    "stats": {
        "insts": 50000027.0,
        "ipc": 0.538458,
        "cycles": 92857848.0,
        "pub-annot-reg-rate": NaN,
        "pub-annot-load-rate": NaN,
        "pub-annot-load-count": 0.0,
        "annot-load-count": 0.0,
        "prot-regs": 100509553.0,
        "unprot-regs": 32015725.0,
        "loads": 12988216.0,
        "load-rate": 0.25976417972734295,
        "stalls": 398558752500,
        "access-preds": 0,
        "access-misps": 0,
        "access-misp-rate": 0,
        "unprot-regs-inst": 0.6403141542303568,
        "unprot-regs-rate": 0.24158202482699187
    }
}