{
    "weight": 0.999999552,
    "stats": {
        "cycles": 33202255.486588467,
        "load-rate": 0.31265194320699297,
        "insts": 50000039.79682271,
        "stalls": 11260836171.251259,
        "ipc": 1.6562480219827058,
        "access-misps": 956723.9655792606,
        "loads": 15632609.750669343,
        "access-misp-rate": 0.05079742886383938,
        "xmit-taints": 0.0,
        "reg-taints": 0.0,
        "access-preds": 18763088.47571091,
        "mem-taints": 0.0
    }
}