{
    "simpoint": {
        "interval": 144622,
        "weight": 0.238082,
        "waypoints": [
            1993201664675,
            1993204853834,
            1993220675312
        ],
        "name": "3"
    },
    "stats": {
        "insts": 51828016.0,
        "ipc": 1.213851,
        "cycles": 42697178.0,
        "reg-taints": 0.0,
        "mem-taints": 0.0,
        "xmit-taints": 2471438.0,
        "loads": 17052731.0,
        "load-rate": 0.3290253479893963,
        "stalls": 1363885710,
        "access-preds": 4143101,
        "access-misps": 20885,
        "access-misp-rate": 0.005040910178149169
    }
}