{
    "simpoint": {
        "interval": 37395,
        "weight": 0.007839,
        "waypoints": [
            364121378550,
            364123554746,
            364135261781
        ],
        "name": "5"
    },
    "stats": {
        "insts": 50000195.0,
        "ipc": 0.432746,
        "cycles": 115541793.0,
        "reg-taints": 0.0,
        "mem-taints": 0.0,
        "xmit-taints": 27617427.0,
        "loads": 15992116.0,
        "load-rate": 0.31984107261981676,
        "stalls": 1477276882770,
        "access-preds": 640773,
        "access-misps": 919,
        "access-misp-rate": 0.001434205248972725
    }
}