{
    "simpoint": {
        "interval": 27452,
        "weight": 0.552881,
        "waypoints": [
            383460646705,
            383463099037,
            383474848480
        ],
        "name": "3"
    },
    "stats": {
        "insts": 50000016.0,
        "ipc": 0.453286,
        "cycles": 110305760.0,
        "reg-taints": 0.0,
        "mem-taints": 0.0,
        "xmit-taints": 18943977.0,
        "stalls": 10589735305,
        "access-preds": 1218178,
        "access-misps": 41334,
        "access-misp-rate": 0.03393100187328946
    }
}