{
    "simpoint": {
        "interval": 12232,
        "weight": 0.18073,
        "waypoints": [
            175709486129,
            175711250457,
            175720075089
        ],
        "name": "2"
    },
    "stats": {
        "insts": 50000009.0,
        "ipc": 0.65538,
        "cycles": 76291624.0,
        "reg-taints": 0.0,
        "mem-taints": 0.0,
        "xmit-taints": 0.0,
        "stalls": 50960158500,
        "access-preds": 20938283,
        "access-misps": 18428774,
        "access-misp-rate": 0.8801473358632128
    }
}