{
    "simpoint": {
        "interval": 675,
        "weight": 0.078825,
        "waypoints": [
            8395755208,
            8398351879,
            8411369247
        ],
        "name": "2"
    },
    "stats": {
        "insts": 54783753.0,
        "ipc": 0.820176,
        "cycles": 66795147.0,
        "reg-taints": 0.0,
        "mem-taints": 0.0,
        "xmit-taints": 3424479.0,
        "loads": 17779703.0,
        "load-rate": 0.3245433550344753,
        "stalls": 85317198731,
        "access-preds": 12949515,
        "access-misps": 872259,
        "access-misp-rate": 0.06735843002614383
    }
}