{
    "simpoint": {
        "interval": 10743,
        "weight": 0.0118779,
        "waypoints": [
            87084637672,
            87086249039,
            87094400852
        ],
        "name": "1"
    },
    "stats": {
        "insts": 50000022.0,
        "ipc": 0.845348,
        "cycles": 59147271.0,
        "reg-taints": 0.0,
        "mem-taints": 0.0,
        "xmit-taints": 12168752.0,
        "loads": 12687552.0,
        "load-rate": 0.2537509283495915,
        "stalls": 305218050692,
        "access-preds": 985387,
        "access-misps": 982560,
        "access-misp-rate": 0.9971310764197214
    }
}