{
    "weight": 0.9999993,
    "stats": {
        "insts": 54007797.21496745,
        "ipc": 1.1842677121259986,
        "cycles": 46458587.899311036,
        "reg-taints": 0.0,
        "mem-taints": 0.0,
        "xmit-taints": 1564130.54251888,
        "stalls": 141415508627.05505,
        "access-preds": 5912968.560965292,
        "access-misps": 4928833.924329347,
        "access-misp-rate": 0.8329808213060242
    }
}