{
    "simpoint": {
        "interval": 10502,
        "weight": 0.0649377,
        "waypoints": [
            151694490622,
            151698270238,
            151719385844
        ],
        "name": "3"
    },
    "stats": {
        "insts": 50000012.0,
        "ipc": 1.350941,
        "cycles": 37011249.0,
        "reg-taints": 0.0,
        "mem-taints": 0.0,
        "xmit-taints": 0.0,
        "stalls": 18888363000,
        "access-preds": 15122782,
        "access-misps": 7182965,
        "access-misp-rate": 0.4749764296013789
    }
}