{
    "simpoint": {
        "interval": 18839,
        "weight": 0.0429057,
        "waypoints": [
            514977120595,
            514982905473,
            515010856165
        ],
        "name": "4"
    },
    "stats": {
        "insts": 50000201.0,
        "ipc": 1.904343,
        "cycles": 26255877.0,
        "reg-taints": 0.0,
        "mem-taints": 0.0,
        "xmit-taints": 0.0,
        "loads": 20209061.0,
        "load-rate": 0.4041795951980273,
        "stalls": 141475821022,
        "access-preds": 23797899,
        "access-misps": 1713466,
        "access-misp-rate": 0.07200072577835548
    }
}