{
    "simpoint": {
        "interval": 199545,
        "weight": 0.019483,
        "waypoints": [
            1060367728919,
            1060369059445,
            1060373785266
        ],
        "name": "7"
    },
    "stats": {
        "insts": 50000202.0,
        "ipc": 0.395874,
        "cycles": 126303358.0,
        "reg-taints": 0.0,
        "mem-taints": 0.0,
        "xmit-taints": 18286737.0,
        "loads": 34520365.0,
        "load-rate": 0.6904045107657765,
        "stalls": 6218280034500,
        "access-preds": 0,
        "access-misps": 0,
        "access-misp-rate": 0
    }
}