{
    "simpoint": {
        "interval": 1726,
        "weight": 0.0593762,
        "waypoints": [
            20222950045,
            20223932455,
            20237556001
        ],
        "name": "3"
    },
    "stats": {
        "insts": 51783854.0,
        "ipc": 1.143654,
        "cycles": 45279318.0,
        "reg-taints": 0.0,
        "mem-taints": 0.0,
        "xmit-taints": 446763.0,
        "stalls": 8551124555,
        "access-preds": 2497005,
        "access-misps": 2188485,
        "access-misp-rate": 0.8764439798879057
    }
}