{
    "weight": 1.0000000999999998,
    "stats": {
        "xmit-taints": 3093317.953340705,
        "stalls": 49756856415.71523,
        "cycles": 76035930.38347869,
        "insts": 64194071.51716816,
        "access-misps": 299456.2736330727,
        "reg-taints": 0.0,
        "ipc": 0.8452838146522187,
        "loads": 18162355.63160894,
        "load-rate": 0.2828971328068904,
        "access-misp-rate": 0.0500670587756726,
        "access-preds": 5989364.4649306545,
        "mem-taints": 0.0
    }
}