{
    "simpoint": {
        "interval": 12227,
        "weight": 0.107771,
        "waypoints": [
            190884768096,
            190888352207,
            190913393526
        ],
        "name": "5"
    },
    "stats": {
        "insts": 51197450.0,
        "ipc": 0.812205,
        "cycles": 63035109.0,
        "reg-taints": 0.0,
        "mem-taints": 0.0,
        "xmit-taints": 13077290.0,
        "loads": 13067771.0,
        "load-rate": 0.25524261462240794,
        "stalls": 16060199262,
        "access-preds": 6892966,
        "access-misps": 3194197,
        "access-misp-rate": 0.4633995003021921
    }
}