{
    "simpoint": {
        "interval": 2591,
        "weight": 0.116781,
        "waypoints": [
            3821921351,
            3822241817,
            3823665734
        ],
        "name": "0"
    },
    "stats": {
        "insts": 50075871.0,
        "ipc": 1.147727,
        "cycles": 43630463.0,
        "reg-taints": 0.0,
        "mem-taints": 0.0,
        "xmit-taints": 2321425.0,
        "stalls": 2611018135,
        "access-preds": 6683012,
        "access-misps": 317665,
        "access-misp-rate": 0.04753320808042841
    }
}