{
    "simpoint": {
        "interval": 11810,
        "weight": 0.113973,
        "waypoints": [
            35916113193,
            35916257226,
            35919673531
        ],
        "name": "1"
    },
    "stats": {
        "insts": 50289882.0,
        "ipc": 0.944742,
        "cycles": 53231320.0,
        "reg-taints": 0.0,
        "mem-taints": 0.0,
        "xmit-taints": 1947642.0,
        "loads": 17787558.0,
        "load-rate": 0.3537005316496865,
        "stalls": 516879342660,
        "access-preds": 2480479,
        "access-misps": 4347,
        "access-misp-rate": 0.001752484096821622
    }
}