{
    "simpoint": {
        "interval": 76,
        "weight": 0.00188513,
        "waypoints": [
            669958016,
            672327432,
            684169103
        ],
        "name": "1"
    },
    "stats": {
        "insts": 50000189.0,
        "ipc": 1.014576,
        "cycles": 49281876.0,
        "reg-taints": 0.0,
        "mem-taints": 0.0,
        "xmit-taints": 0.0,
        "stalls": 30478968133,
        "access-preds": 19864658,
        "access-misps": 2041585,
        "access-misp-rate": 0.1027747369222264
    }
}