{
    "simpoint": {
        "interval": 27452,
        "weight": 0.552881,
        "waypoints": [
            383460646705,
            383463099037,
            383474848480
        ],
        "name": "3"
    },
    "stats": {
        "insts": 50000015.0,
        "ipc": 0.79275,
        "cycles": 63071615.0,
        "reg-taints": 0.0,
        "mem-taints": 0.0,
        "xmit-taints": 0.0,
        "loads": 17802889.0,
        "load-rate": 0.35605767318269804,
        "stalls": 98874528379,
        "access-preds": 21378428,
        "access-misps": 17626536,
        "access-misp-rate": 0.8245010344072071
    }
}