{
    "simpoint": {
        "interval": 675,
        "weight": 0.078825,
        "waypoints": [
            8395755208,
            8398351879,
            8411369247
        ],
        "name": "2"
    },
    "stats": {
        "insts": 50000016.0,
        "ipc": 0.729402,
        "cycles": 68549327.0,
        "reg-taints": 0.0,
        "mem-taints": 0.0,
        "xmit-taints": 0.0,
        "loads": 17158951.0,
        "load-rate": 0.34317891018274876,
        "stalls": 26892484863,
        "access-preds": 20607973,
        "access-misps": 1781066,
        "access-misp-rate": 0.086426064319863
    }
}