{
    "simpoint": {
        "interval": 505610,
        "weight": 0.110571,
        "waypoints": [
            866374915454,
            866375079983,
            866377132915
        ],
        "name": "7"
    },
    "stats": {
        "insts": 50076112.0,
        "ipc": 0.395297,
        "cycles": 126679590.0,
        "reg-taints": 0.0,
        "mem-taints": 0.0,
        "xmit-taints": 25405225.0,
        "loads": 14895932.0,
        "load-rate": 0.2974658256216058,
        "stalls": 2319572820000,
        "access-preds": 729047,
        "access-misps": 39450,
        "access-misp-rate": 0.054111737652030666
    }
}