{
    "simpoint": {
        "interval": 76,
        "weight": 0.00188513,
        "waypoints": [
            669958016,
            672327432,
            684169103
        ],
        "name": "1"
    },
    "stats": {
        "insts": 54934132.0,
        "ipc": 0.879812,
        "cycles": 62438480.0,
        "reg-taints": 0.0,
        "mem-taints": 0.0,
        "xmit-taints": 3347287.0,
        "loads": 17285551.0,
        "load-rate": 0.3146595817696728,
        "stalls": 72483842679,
        "access-preds": 12386996,
        "access-misps": 11443736,
        "access-misp-rate": 0.9238507867444213
    }
}