{
    "weight": 1.0000004999999998,
    "stats": {
        "insts": 50000114.6057956,
        "loads": 9574986.921497941,
        "stalls": 19939586010.253197,
        "load-rate": 0.1914992989853751,
        "access-preds": 0.0,
        "reg-taints": 0.0,
        "cycles": 28482012.936605036,
        "mem-taints": 0.0,
        "xmit-taints": 0.0,
        "ipc": 1.7839151746552129,
        "access-misps": 0.0,
        "access-misp-rate": 0.0
    }
}