{
    "simpoint": {
        "interval": 61474,
        "weight": 0.157277,
        "waypoints": [
            184391802437,
            184392289732,
            184394670641
        ],
        "name": "4"
    },
    "stats": {
        "insts": 50000091.0,
        "ipc": 0.367556,
        "cycles": 136034073.0,
        "pub-annot-reg-rate": NaN,
        "pub-annot-load-rate": NaN,
        "pub-annot-load-count": 0.0,
        "annot-load-count": 0.0,
        "prot-regs": 87910841.0,
        "unprot-regs": 10156430.0,
        "loads": 25157169.0,
        "load-rate": 0.503142464280715,
        "stalls": 0,
        "access-preds": 0,
        "access-misps": 0,
        "access-misp-rate": 0,
        "unprot-regs-inst": 0.20312823030662083,
        "unprot-regs-rate": 0.10356594913301911
    }
}