{
    "weight": 0.9999993,
    "stats": {
        "cycles": 51031004.46827982,
        "insts": 50283838.67947377,
        "loads": 11285083.463226821,
        "reg-taints": 0.0,
        "xmit-taints": 960529.7681711377,
        "load-rate": 0.2243119993626935,
        "access-misp-rate": 0.0997249979089116,
        "ipc": 1.037872391147674,
        "mem-taints": 0.0,
        "stalls": 9586518861.229433,
        "access-preds": 5918531.962682774,
        "access-misps": 647569.9310053518
    }
}