{
    "weight": 1.00000015,
    "stats": {
        "insts": 52981083.26911006,
        "ipc": 0.9787560424325437,
        "cycles": 58262236.889233515,
        "reg-taints": 0.0,
        "mem-taints": 0.0,
        "xmit-taints": 9517202.736285292,
        "stalls": 68021930161.59556,
        "access-preds": 5550691.918786862,
        "access-misps": 3269003.316113353,
        "access-misp-rate": 0.591214454505613
    }
}