{
    "simpoint": {
        "interval": 59710,
        "weight": 0.130334,
        "waypoints": [
            1023881862660,
            1023884787955,
            1023900323014
        ],
        "name": "5"
    },
    "stats": {
        "insts": 50210604.0,
        "ipc": 1.02238,
        "cycles": 49111468.0,
        "reg-taints": 0.0,
        "mem-taints": 0.0,
        "xmit-taints": 841415.0,
        "loads": 12556142.0,
        "load-rate": 0.2500695271460985,
        "stalls": 48873329124,
        "access-preds": 5928098,
        "access-misps": 4545693,
        "access-misp-rate": 0.766804631097529
    }
}