{
    "weight": 0.99999985,
    "stats": {
        "access-misps": 2791.389214008382,
        "insts": 50000163.50198609,
        "access-preds": 5093185.118676668,
        "xmit-taints": 1581.5839052375857,
        "mem-taints": 0.0,
        "stalls": 29772524.81377647,
        "cycles": 195747199.47771174,
        "access-misp-rate": 0.0005163972589716498,
        "ipc": 0.27553769227055386,
        "loads": 15141099.46479852,
        "load-rate": 0.30282100235109605,
        "reg-taints": 0.0
    }
}