{
    "weight": 1.00000036,
    "stats": {
        "cycles": 114184015.54543883,
        "insts": 50029464.41493199,
        "reg-taints": 0.0,
        "ipc": 0.45573354253602466,
        "load-rate": 0.3450742820125405,
        "loads": 17263625.44491648,
        "stalls": 2166027166721.4822,
        "access-misp-rate": 0.8625140538284811,
        "access-preds": 4567433.77574674,
        "mem-taints": 0.0,
        "access-misps": 4321866.897126497,
        "xmit-taints": 19040130.83557132
    }
}