{
    "simpoint": {
        "interval": 43791,
        "weight": 0.226075,
        "waypoints": [
            68311095938,
            68311429319,
            68313054420
        ],
        "name": "3"
    },
    "stats": {
        "insts": 50000284.0,
        "ipc": 0.842912,
        "cycles": 59318543.0,
        "reg-taints": 0.0,
        "mem-taints": 0.0,
        "xmit-taints": 0.0,
        "loads": 12017173.0,
        "load-rate": 0.24034209485690122,
        "stalls": 20797000649,
        "access-preds": 14395548,
        "access-misps": 1310269,
        "access-misp-rate": 0.09101904283185329
    }
}