{
    "simpoint": {
        "interval": 488,
        "weight": 0.13597,
        "waypoints": [
            7591993457,
            7595102746,
            7610810749
        ],
        "name": "0"
    },
    "stats": {
        "insts": 55638221.0,
        "ipc": 1.116206,
        "cycles": 49845854.0,
        "reg-taints": 0.0,
        "mem-taints": 0.0,
        "xmit-taints": 1836882.0,
        "loads": 13494435.0,
        "load-rate": 0.24253893739700988,
        "stalls": 2290051323,
        "access-preds": 7283776,
        "access-misps": 489082,
        "access-misp-rate": 0.06714676563364937
    }
}