{
    "simpoint": {
        "interval": 18656,
        "weight": 0.160564,
        "waypoints": [
            292245505205,
            292248594325,
            292264175237
        ],
        "name": "3"
    },
    "stats": {
        "insts": 59822878.0,
        "ipc": 1.35999,
        "cycles": 43987743.0,
        "reg-taints": 0.0,
        "mem-taints": 0.0,
        "xmit-taints": 2310131.0,
        "stalls": 17681126171,
        "access-preds": 3726923,
        "access-misps": 356777,
        "access-misp-rate": 0.09572964077873355
    }
}