{
    "weight": 0.999999552,
    "stats": {
        "insts": 50000040.98298413,
        "ipc": 1.0248362200137064,
        "cycles": 50868661.606822126,
        "reg-taints": 0.0,
        "mem-taints": 0.0,
        "xmit-taints": 0.0,
        "stalls": 134751883563.08429,
        "access-preds": 18763087.842674524,
        "access-misps": 9514711.156174272,
        "access-misp-rate": 0.5222720749803654
    }
}