{
    "simpoint": {
        "interval": 1973,
        "weight": 0.153827,
        "waypoints": [
            417949998,
            417992228,
            418203265
        ],
        "name": "0"
    },
    "stats": {
        "insts": 50200823.0,
        "ipc": 1.58581,
        "cycles": 31656269.0,
        "reg-taints": 0.0,
        "mem-taints": 0.0,
        "xmit-taints": 143028.0,
        "stalls": 164320128,
        "access-preds": 16114785,
        "access-misps": 48969,
        "access-misp-rate": 0.003038762229840485
    }
}