{
    "simpoint": {
        "interval": 23485,
        "weight": 0.196342,
        "waypoints": [
            446431746896,
            446437358408,
            446460082081
        ],
        "name": "7"
    },
    "stats": {
        "insts": 50000017.0,
        "ipc": 0.658098,
        "cycles": 75976523.0,
        "reg-taints": 0.0,
        "mem-taints": 0.0,
        "xmit-taints": 0.0,
        "stalls": 438627798004,
        "access-preds": 17290370,
        "access-misps": 1034330,
        "access-misp-rate": 0.05982116056510069
    }
}