{
    "simpoint": {
        "interval": 9429,
        "weight": 0.225821,
        "waypoints": [
            120385726821,
            120388265858,
            120400929522
        ],
        "name": "6"
    },
    "stats": {
        "insts": 54701577.0,
        "ipc": 0.799202,
        "cycles": 68445235.0,
        "reg-taints": 0.0,
        "mem-taints": 0.0,
        "xmit-taints": 3446933.0,
        "loads": 17792564.0,
        "load-rate": 0.3252660156397319,
        "stalls": 103237847201,
        "access-preds": 13011047,
        "access-misps": 1605493,
        "access-misp-rate": 0.12339460460022933
    }
}