{
    "weight": 1.0000004999999998,
    "stats": {
        "cycles": 33193212.053777173,
        "xmit-taints": 913887.0073446963,
        "ipc": 1.649290502567649,
        "insts": 53583620.30268096,
        "mem-taints": 0.0,
        "reg-taints": 0.0
    }
}