{
    "simpoint": {
        "interval": 3001,
        "weight": 0.00983381,
        "waypoints": [
            27808943613,
            27811820590,
            27826030172
        ],
        "name": "6"
    },
    "stats": {
        "insts": 50000082.0,
        "ipc": 0.815795,
        "cycles": 61289996.0,
        "reg-taints": 0.0,
        "mem-taints": 0.0,
        "xmit-taints": 0.0,
        "stalls": 2015726556,
        "access-preds": 14188318,
        "access-misps": 63493,
        "access-misp-rate": 0.004475019519579417
    }
}