{
    "simpoint": {
        "interval": 26494,
        "weight": 0.14016,
        "waypoints": [
            411545968218,
            411548971522,
            411564076503
        ],
        "name": "5"
    },
    "stats": {
        "insts": 59231517.0,
        "ipc": 1.393231,
        "cycles": 42513776.0,
        "reg-taints": 0.0,
        "mem-taints": 0.0,
        "xmit-taints": 2254175.0,
        "stalls": 16107097896,
        "access-preds": 3802027,
        "access-misps": 138624,
        "access-misp-rate": 0.03646055117441302
    }
}