{
    "simpoint": {
        "interval": 56756,
        "weight": 0.0459802,
        "waypoints": [
            90612428953,
            90612646021,
            90613692640
        ],
        "name": "5"
    },
    "stats": {
        "insts": 50002006.0,
        "ipc": 1.222645,
        "cycles": 40896586.0,
        "pub-annot-reg-rate": NaN,
        "pub-annot-load-rate": NaN,
        "pub-annot-load-count": 0.0,
        "annot-load-count": 0.0,
        "prot-regs": 75945506.0,
        "unprot-regs": 56029431.0,
        "loads": 11983334.0,
        "load-rate": 0.23965706495855385,
        "stalls": 2910999500,
        "access-preds": 0,
        "access-misps": 0,
        "access-misp-rate": 0,
        "unprot-regs-inst": 1.120543663788209,
        "unprot-regs-rate": 0.42454599542638916
    }
}