{
    "simpoint": {
        "interval": 23485,
        "weight": 0.196342,
        "waypoints": [
            446431746896,
            446437358408,
            446460082081
        ],
        "name": "7"
    },
    "stats": {
        "insts": 53143069.0,
        "ipc": 1.133801,
        "cycles": 46871603.0,
        "reg-taints": 0.0,
        "mem-taints": 0.0,
        "xmit-taints": 9711505.0,
        "stalls": 19011203675,
        "access-preds": 6046616,
        "access-misps": 2740613,
        "access-misp-rate": 0.4532474031755944
    }
}