{
    "simpoint": {
        "interval": 43,
        "weight": 0.0725347,
        "waypoints": [
            805065643,
            808811170,
            827560338
        ],
        "name": "1"
    },
    "stats": {
        "insts": 50131865.0,
        "ipc": 1.295518,
        "cycles": 38696380.0,
        "reg-taints": 0.0,
        "mem-taints": 0.0,
        "xmit-taints": 39325.0,
        "loads": 3141344.0,
        "load-rate": 0.06266162250297291,
        "stalls": 193879188,
        "access-preds": 228735,
        "access-misps": 223921,
        "access-misp-rate": 0.9789538111788751
    }
}