{
    "weight": 0.9999989000000001,
    "stats": {
        "insts": 59904131.463468306,
        "ipc": 1.3468533034380337,
        "cycles": 44521227.48531443,
        "reg-taints": 0.0,
        "mem-taints": 0.0,
        "xmit-taints": 2312791.94547974,
        "stalls": 16620340831.534292,
        "access-preds": 3669426.7331985063,
        "access-misps": 137877.7747359522,
        "access-misp-rate": 0.03761450062178663
    }
}