{
    "simpoint": {
        "interval": 5199,
        "weight": 0.0561818,
        "waypoints": [
            60945199305,
            60947328407,
            60959029466
        ],
        "name": "6"
    },
    "stats": {
        "insts": 53720297.0,
        "ipc": 1.062392,
        "cycles": 50565420.0,
        "reg-taints": 0.0,
        "mem-taints": 0.0,
        "xmit-taints": 1490078.0,
        "loads": 10926791.0,
        "load-rate": 0.20340153741145547,
        "stalls": 30795758445,
        "access-preds": 3025135,
        "access-misps": 2701034,
        "access-misp-rate": 0.8928639548317678
    }
}