{
    "weight": 1.00000015,
    "stats": {
        "insts": 52981082.74599654,
        "ipc": 1.1317336434976535,
        "cycles": 50341926.910881765,
        "reg-taints": 0.0,
        "mem-taints": 0.0,
        "xmit-taints": 9517202.736285292,
        "stalls": 30723179098.860535,
        "access-preds": 5550692.127787831,
        "access-misps": 285484.22760256584,
        "access-misp-rate": 0.05058796660943929
    }
}