{
    "simpoint": {
        "interval": 974975,
        "weight": 0.0136773,
        "waypoints": [
            17617732618670,
            17617736620531,
            17617755690918
        ],
        "name": "6"
    },
    "stats": {
        "insts": 52447059.0,
        "ipc": 1.053956,
        "cycles": 49762103.0,
        "reg-taints": 0.0,
        "mem-taints": 0.0,
        "xmit-taints": 16067.0,
        "stalls": 8376238272,
        "access-preds": 28090,
        "access-misps": 26253,
        "access-misp-rate": 0.9346030615877536
    }
}