{
    "simpoint": {
        "interval": 32052,
        "weight": 0.019445,
        "waypoints": [
            129468818660,
            129469733367,
            129474085303
        ],
        "name": "2"
    },
    "stats": {
        "insts": 50434972.0,
        "ipc": 1.364152,
        "cycles": 36971673.0,
        "reg-taints": 0.0,
        "mem-taints": 0.0,
        "xmit-taints": 398341.0,
        "stalls": 7418889451,
        "access-preds": 14220615,
        "access-misps": 70954,
        "access-misp-rate": 0.004989516979399274
    }
}