{
    "simpoint": {
        "interval": 11244,
        "weight": 0.0981097,
        "waypoints": [
            255279592077,
            255284103721,
            255306639867
        ],
        "name": "2"
    },
    "stats": {
        "insts": 54572778.0,
        "ipc": 0.892362,
        "cycles": 61155434.0,
        "reg-taints": 0.0,
        "mem-taints": 0.0,
        "xmit-taints": 1874660.0,
        "loads": 13722631.0,
        "load-rate": 0.251455606676281,
        "stalls": 2614038614,
        "access-preds": 9451747,
        "access-misps": 472480,
        "access-misp-rate": 0.04998864231131028
    }
}