{
    "simpoint": {
        "interval": 76,
        "weight": 0.00188513,
        "waypoints": [
            669872540,
            672241956,
            684083627
        ],
        "name": "1"
    },
    "stats": {
        "insts": 50000189.0,
        "ipc": 0.89414,
        "cycles": 55919876.0,
        "loads": 16555524.0,
        "load-rate": 0.3311092284071166,
        "stalls": 0,
        "access-preds": 0,
        "access-misps": 0,
        "access-misp-rate": 0
    }
}