{
    "simpoint": {
        "interval": 22480,
        "weight": 0.0592294,
        "waypoints": [
            351078846394,
            351081731035,
            351096189808
        ],
        "name": "4"
    },
    "stats": {
        "insts": 50000025.0,
        "ipc": 1.573877,
        "cycles": 31768705.0,
        "reg-taints": 0.0,
        "mem-taints": 0.0,
        "xmit-taints": 0.0,
        "stalls": 927992667,
        "access-preds": 15580405,
        "access-misps": 164130,
        "access-misp-rate": 0.010534385980338765
    }
}