{
    "simpoint": {
        "interval": 76,
        "weight": 0.00188513,
        "waypoints": [
            669958016,
            672327432,
            684169103
        ],
        "name": "1"
    },
    "stats": {
        "insts": 50000189.0,
        "ipc": 1.102681,
        "cycles": 45344207.0,
        "reg-taints": 0.0,
        "mem-taints": 0.0,
        "xmit-taints": 0.0,
        "loads": 16555524.0,
        "load-rate": 0.3311092284071166,
        "stalls": 15566011817,
        "access-preds": 19864658,
        "access-misps": 722547,
        "access-misp-rate": 0.03637349306491962
    }
}