{
    "simpoint": {
        "interval": 11244,
        "weight": 0.0981097,
        "waypoints": [
            255279592077,
            255284103721,
            255306639867
        ],
        "name": "2"
    },
    "stats": {
        "insts": 63188718.0,
        "ipc": 0.897966,
        "cycles": 70368729.0,
        "reg-taints": 0.0,
        "mem-taints": 0.0,
        "xmit-taints": 2078605.0,
        "stalls": 42342582431,
        "access-preds": 5459791,
        "access-misps": 371730,
        "access-misp-rate": 0.0680850237673933
    }
}