{
    "simpoint": {
        "interval": 14657,
        "weight": 0.0281822,
        "waypoints": [
            117358724121,
            117360455473,
            117369890398
        ],
        "name": "4"
    },
    "stats": {
        "insts": 54109806.0,
        "ipc": 1.14206,
        "cycles": 47379119.0,
        "reg-taints": 0.0,
        "mem-taints": 0.0,
        "xmit-taints": 1817750.0,
        "loads": 14624437.0,
        "load-rate": 0.27027332162307144,
        "stalls": 6839101998,
        "access-preds": 7949203,
        "access-misps": 835826,
        "access-misp-rate": 0.10514588695244038
    }
}