{
    "simpoint": {
        "interval": 12227,
        "weight": 0.107771,
        "waypoints": [
            190884791740,
            190888375851,
            190913417170
        ],
        "name": "5"
    },
    "stats": {
        "insts": 51927743.0,
        "ipc": 1.373889,
        "cycles": 37796183.0,
        "reg-taints": 0.0,
        "mem-taints": 0.0,
        "xmit-taints": 13087385.0
    }
}