{
    "simpoint": {
        "interval": 32,
        "weight": 0.0996584,
        "waypoints": [
            689975628,
            695855026,
            725251708
        ],
        "name": "0"
    },
    "stats": {
        "insts": 50022586.0,
        "ipc": 3.017103,
        "cycles": 16579673.0,
        "loads": 4419058.0,
        "load-rate": 0.08834125448852244,
        "stalls": 0,
        "access-preds": 0,
        "access-misps": 0,
        "access-misp-rate": 0
    }
}