{
    "simpoint": {
        "interval": 4974,
        "weight": 0.0263685,
        "waypoints": [
            7237046426,
            7237187654,
            7237682934
        ],
        "name": "1"
    },
    "stats": {
        "insts": 50002546.0,
        "ipc": 1.569053,
        "cycles": 31867969.0,
        "reg-taints": 0.0,
        "mem-taints": 0.0,
        "xmit-taints": 0.0,
        "stalls": 20574109,
        "access-preds": 14666286,
        "access-misps": 48311,
        "access-misp-rate": 0.003294017312903894
    }
}