{
    "simpoint": {
        "interval": 240400,
        "weight": 0.125733,
        "waypoints": [
            721562013182,
            721562749097,
            721565217057
        ],
        "name": "6"
    },
    "stats": {
        "insts": 50857631.0,
        "ipc": 1.170791,
        "cycles": 43438686.0,
        "reg-taints": 0.0,
        "mem-taints": 0.0,
        "xmit-taints": 2206830.0,
        "loads": 25896532.0,
        "load-rate": 0.5091965844810978,
        "stalls": 465051376154,
        "access-preds": 4271548,
        "access-misps": 8181,
        "access-misp-rate": 0.0019152307313414247
    }
}