{
    "weight": 1.00000015,
    "stats": {
        "insts": 52981082.720678546,
        "mem-taints": 0.0,
        "xmit-taints": 9517202.736285292,
        "cycles": 50788230.15801493,
        "ipc": 1.1204059026856645,
        "reg-taints": 0.0
    }
}