{
    "weight": 1.0000004999999998,
    "stats": {
        "ipc": 1.91399944092388,
        "access-misp-rate": 0.03316651820166137,
        "loads": 9574986.921497941,
        "access-preds": 11464747.242348881,
        "reg-taints": 0.0,
        "cycles": 26318631.192890804,
        "mem-taints": 0.0,
        "insts": 50000114.36603572,
        "xmit-taints": 0.0,
        "stalls": 3544708380.787949,
        "load-rate": 0.19149930004402058,
        "access-misps": 379782.73528093245
    }
}