{
    "weight": 0.9999989000000001,
    "stats": {
        "insts": 50000033.21214053,
        "ipc": 1.4852782632735895,
        "cycles": 33691564.543584496,
        "reg-taints": 0.0,
        "mem-taints": 0.0,
        "xmit-taints": 0.0,
        "stalls": 495474374.2529887,
        "access-preds": 14982818.48984984,
        "access-misps": 138814.4483013931,
        "access-misp-rate": 0.009269125189560516
    }
}