{
    "simpoint": {
        "interval": 5955,
        "weight": 0.114242,
        "waypoints": [
            47879211692,
            47881048665,
            47889161106
        ],
        "name": "3"
    },
    "stats": {
        "insts": 54078479.0,
        "ipc": 1.226064,
        "cycles": 44107375.0,
        "reg-taints": 0.0,
        "mem-taints": 0.0,
        "xmit-taints": 1585443.0,
        "loads": 13503586.0,
        "load-rate": 0.24970350959759796,
        "stalls": 66290018332,
        "access-preds": 6293559,
        "access-misps": 1712835,
        "access-misp-rate": 0.27215681937676284
    }
}