{
    "simpoint": {
        "interval": 6337,
        "weight": 0.0160066,
        "waypoints": [
            143980617389,
            143984953023,
            144006443864
        ],
        "name": "1"
    },
    "stats": {
        "insts": 63057872.0,
        "ipc": 0.888017,
        "cycles": 71009775.0,
        "reg-taints": 0.0,
        "mem-taints": 0.0,
        "xmit-taints": 2486697.0,
        "stalls": 50763485500,
        "access-preds": 5142185,
        "access-misps": 4694692,
        "access-misp-rate": 0.9129760986817861
    }
}