{
    "simpoint": {
        "interval": 90353,
        "weight": 0.740581,
        "waypoints": [
            2156776442208,
            2156781327945,
            2156805604461
        ],
        "name": "2"
    },
    "stats": {
        "insts": 50000146.0,
        "ipc": 0.23004,
        "cycles": 217354312.0,
        "reg-taints": 0.0,
        "mem-taints": 0.0,
        "xmit-taints": 0.0,
        "loads": 15337580.0,
        "load-rate": 0.3067507042879435,
        "stalls": 9933934466,
        "access-preds": 18419062,
        "access-misps": 310339,
        "access-misp-rate": 0.01684879501464298
    }
}