{
    "simpoint": {
        "interval": 12227,
        "weight": 0.107771,
        "waypoints": [
            190884791740,
            190888375851,
            190913417170
        ],
        "name": "5"
    },
    "stats": {
        "insts": 49999415.0,
        "ipc": 0.518144,
        "cycles": 96497219.0,
        "reg-taints": 0.0,
        "mem-taints": 0.0,
        "xmit-taints": 28740068.0,
        "stalls": 15081482741,
        "access-preds": 1009622,
        "access-misps": 790473,
        "access-misp-rate": 0.7829395555960548
    }
}