{
    "simpoint": {
        "interval": 9429,
        "weight": 0.225821,
        "waypoints": [
            120385812297,
            120388351334,
            120401014998
        ],
        "name": "6"
    },
    "stats": {
        "insts": 54701576.0,
        "ipc": 0.813368,
        "cycles": 67253146.0,
        "reg-taints": 0.0,
        "mem-taints": 0.0,
        "xmit-taints": 3446933.0,
        "stalls": 90649618680,
        "access-preds": 13011047,
        "access-misps": 817574,
        "access-misp-rate": 0.06283691081893716
    }
}