{
    "simpoint": {
        "interval": 20335,
        "weight": 0.0391252,
        "waypoints": [
            557539943725,
            557544686387,
            557568412507
        ],
        "name": "5"
    },
    "stats": {
        "insts": 50000174.0,
        "ipc": 2.529819,
        "cycles": 19764327.0,
        "loads": 17404228.0,
        "load-rate": 0.3480833486699466,
        "stalls": 0,
        "access-preds": 0,
        "access-misps": 0,
        "access-misp-rate": 0
    }
}