{
    "weight": 1.00000015,
    "stats": {
        "insts": 52981082.85376752,
        "ipc": 1.1311646391299044,
        "cycles": 50341356.77700674,
        "reg-taints": 0.0,
        "mem-taints": 0.0,
        "xmit-taints": 9517202.736285292,
        "stalls": 31054738074.916252,
        "access-preds": 5550692.127787831,
        "access-misps": 346311.206395719,
        "access-misp-rate": 0.06114411734762149
    }
}