{
    "simpoint": {
        "interval": 43021,
        "weight": 0.0217599,
        "waypoints": [
            622302562834,
            622307277140,
            622330873622
        ],
        "name": "7"
    },
    "stats": {
        "insts": 50000073.0,
        "ipc": 0.209939,
        "cycles": 238164512.0,
        "reg-taints": 0.0,
        "mem-taints": 0.0,
        "xmit-taints": 25036538.0,
        "loads": 19278937.0,
        "load-rate": 0.3855781770558615,
        "stalls": 1490821337943,
        "access-preds": 7298,
        "access-misps": 112,
        "access-misp-rate": 0.01534667032063579
    }
}