{
    "simpoint": {
        "interval": 22480,
        "weight": 0.0592294,
        "waypoints": [
            351078840256,
            351081724897,
            351096183670
        ],
        "name": "4"
    },
    "stats": {
        "insts": 59118439.0,
        "ipc": 1.143135,
        "cycles": 51716058.0,
        "reg-taints": 0.0,
        "mem-taints": 0.0,
        "xmit-taints": 4521186.0,
        "loads": 15528463.0,
        "load-rate": 0.2626669997156048,
        "stalls": 10977259605,
        "access-preds": 3909614,
        "access-misps": 3696134,
        "access-misp-rate": 0.9453961439671538
    }
}