{
    "simpoint": {
        "interval": 5199,
        "weight": 0.0561818,
        "waypoints": [
            60945199305,
            60947328407,
            60959029466
        ],
        "name": "6"
    },
    "stats": {
        "insts": 51588687.0,
        "ipc": 1.044763,
        "cycles": 49378359.0,
        "reg-taints": 0.0,
        "mem-taints": 0.0,
        "xmit-taints": 1125277.0,
        "loads": 10736527.0,
        "load-rate": 0.20811785731239874,
        "stalls": 14985589000,
        "access-preds": 5698011,
        "access-misps": 4504737,
        "access-misp-rate": 0.7905806078647444
    }
}