{
    "simpoint": {
        "interval": 12960,
        "weight": 0.306268,
        "waypoints": [
            165090540848,
            165093065340,
            165105724398
        ],
        "name": "7"
    },
    "stats": {
        "insts": 54703968.0,
        "ipc": 0.743504,
        "cycles": 73575932.0,
        "reg-taints": 0.0,
        "mem-taints": 0.0,
        "xmit-taints": 3469168.0,
        "stalls": 105998008134,
        "access-preds": 12982568,
        "access-misps": 11794113,
        "access-misp-rate": 0.9084576333434187
    }
}