{
    "simpoint": {
        "interval": 9883,
        "weight": 0.0988081,
        "waypoints": [
            223451837714,
            223454836081,
            223470641629
        ],
        "name": "1"
    },
    "stats": {
        "insts": 51811963.0,
        "ipc": 0.657811,
        "cycles": 78764210.0,
        "reg-taints": 0.0,
        "mem-taints": 0.0,
        "xmit-taints": 1516648.0,
        "stalls": 147274467500,
        "access-preds": 1905539,
        "access-misps": 994106,
        "access-misp-rate": 0.5216928123748713
    }
}