{
    "simpoint": {
        "interval": 9429,
        "weight": 0.225821,
        "waypoints": [
            120385812297,
            120388351334,
            120401014998
        ],
        "name": "6"
    },
    "stats": {
        "insts": 54701577.0,
        "ipc": 0.673708,
        "cycles": 81194844.0,
        "reg-taints": 0.0,
        "mem-taints": 0.0,
        "xmit-taints": 3446933.0,
        "stalls": 236033643500,
        "access-preds": 13011047,
        "access-misps": 11840073,
        "access-misp-rate": 0.9100015548325973
    }
}