{
    "weight": 0.9999993,
    "stats": {
        "loads": 12728771.078784555,
        "stalls": 60781083890.381676,
        "access-misp-rate": 0.0,
        "load-rate": 0.2545752375172113,
        "access-preds": 0.0,
        "insts": 50000036.346650146,
        "reg-taints": 0.0,
        "access-misps": 0.0,
        "cycles": 37723606.18430423,
        "xmit-taints": 0.0,
        "ipc": 1.3674838846589192,
        "mem-taints": 0.0
    }
}