{
    "simpoint": {
        "interval": 22068,
        "weight": 0.209001,
        "waypoints": [
            414029084479,
            414034665944,
            414055587832
        ],
        "name": "6"
    },
    "stats": {
        "insts": 50000166.0,
        "ipc": 0.814384,
        "cycles": 61396302.0,
        "pub-annot-reg-rate": NaN,
        "pub-annot-load-rate": NaN,
        "pub-annot-load-count": 0.0,
        "annot-load-count": 0.0,
        "prot-regs": 66629219.0,
        "unprot-regs": 57610970.0,
        "loads": 15725237.0,
        "load-rate": 0.3145036958477298,
        "stalls": 60542499000,
        "access-preds": 0,
        "access-misps": 0,
        "access-misp-rate": 0,
        "unprot-regs-inst": 1.1522155746442921,
        "unprot-regs-rate": 0.4637063937499322
    }
}