{
    "simpoint": {
        "interval": 117441,
        "weight": 0.185467,
        "waypoints": [
            1619533374252,
            1619536845174,
            1619554112092
        ],
        "name": "2"
    },
    "stats": {
        "insts": 52130579.0,
        "ipc": 1.073667,
        "cycles": 48553769.0,
        "reg-taints": 0.0,
        "mem-taints": 0.0,
        "xmit-taints": 3800514.0,
        "loads": 18198131.0,
        "load-rate": 0.34908745210752407,
        "stalls": 128981764282,
        "access-preds": 6715983,
        "access-misps": 5998540,
        "access-misp-rate": 0.8931737915358035
    }
}