{
    "simpoint": {
        "interval": 3001,
        "weight": 0.00983381,
        "waypoints": [
            27808943613,
            27811820590,
            27826030172
        ],
        "name": "6"
    },
    "stats": {
        "insts": 50326900.0,
        "ipc": 0.803884,
        "cycles": 62604657.0,
        "reg-taints": 0.0,
        "mem-taints": 0.0,
        "xmit-taints": 492354.0,
        "loads": 11926405.0,
        "load-rate": 0.2369787330433625,
        "stalls": 4936274193,
        "access-preds": 2812241,
        "access-misps": 12859,
        "access-misp-rate": 0.0045725099662511145
    }
}