{
    "simpoint": {
        "interval": 984,
        "weight": 0.0721535,
        "waypoints": [
            11505589094,
            11508197954,
            11518382007
        ],
        "name": "0"
    },
    "stats": {
        "insts": 52910171.0,
        "ipc": 1.175442,
        "cycles": 45013007.0,
        "reg-taints": 0.0,
        "mem-taints": 0.0,
        "xmit-taints": 1035988.0,
        "stalls": 55747471972,
        "access-preds": 1556283,
        "access-misps": 1442903,
        "access-misp-rate": 0.9271469263623647
    }
}