{
    "weight": 1.0000004999999998,
    "stats": {
        "ipc": 1.9331752738912633,
        "cycles": 26050370.96739612,
        "stalls": 0.0,
        "insts": 50000114.36603572,
        "access-misps": 0.0,
        "load-rate": 0.19149930004402058,
        "loads": 9574986.921497941,
        "access-preds": 0.0,
        "access-misp-rate": 0.0
    }
}