{
    "simpoint": {
        "interval": 908,
        "weight": 0.0694995,
        "waypoints": [
            14066688996,
            14069709963,
            14084746184
        ],
        "name": "1"
    },
    "stats": {
        "insts": 50000065.0,
        "ipc": 1.263656,
        "cycles": 39567794.0,
        "loads": 12672598.0,
        "load-rate": 0.25345163051288033,
        "stalls": 0,
        "access-preds": 0,
        "access-misps": 0,
        "access-misp-rate": 0
    }
}