{
    "simpoint": {
        "interval": 5224,
        "weight": 0.114619,
        "waypoints": [
            61252514864,
            61254543932,
            61265832680
        ],
        "name": "7"
    },
    "stats": {
        "insts": 51496752.0,
        "ipc": 1.787135,
        "cycles": 28815248.0,
        "reg-taints": 0.0,
        "mem-taints": 0.0,
        "xmit-taints": 658791.0,
        "stalls": 7473838700,
        "access-preds": 3336022,
        "access-misps": 2860731,
        "access-misp-rate": 0.8575276182231412
    }
}