{
    "simpoint": {
        "interval": 70510,
        "weight": 0.0817096,
        "waypoints": [
            121390084112,
            121390281468,
            121392465807
        ],
        "name": "0"
    },
    "stats": {
        "insts": 50000123.0,
        "ipc": 0.942087,
        "cycles": 53073784.0,
        "reg-taints": 0.0,
        "mem-taints": 0.0,
        "xmit-taints": 0.0,
        "loads": 13199421.0,
        "load-rate": 0.2639877705900843,
        "stalls": 112211658984,
        "access-preds": 17070163,
        "access-misps": 14894602,
        "access-misp-rate": 0.8725518321061141
    }
}