{
    "simpoint": {
        "interval": 59710,
        "weight": 0.130334,
        "waypoints": [
            1023881862660,
            1023884787955,
            1023900323014
        ],
        "name": "5"
    },
    "stats": {
        "insts": 50000047.0,
        "ipc": 0.837329,
        "cycles": 59713761.0,
        "pub-annot-reg-rate": NaN,
        "pub-annot-load-rate": NaN,
        "pub-annot-load-count": 0.0,
        "annot-load-count": 0.0,
        "prot-regs": 93976093.0,
        "unprot-regs": 25216051.0,
        "unprot-regs-inst": 0.5043205459386868,
        "unprot-regs-rate": 0.21155799496315797
    }
}