{
    "weight": 1.0000008,
    "stats": {
        "insts": 50000355.665298164,
        "ipc": 1.8296877999604602,
        "cycles": 28167750.230137214,
        "reg-taints": 0.0,
        "mem-taints": 0.0,
        "xmit-taints": 0.0,
        "stalls": 36365630068.85853,
        "access-preds": 26428336.435273156,
        "access-misps": 173150.3106026515,
        "access-misp-rate": 0.004611262598340222
    }
}