{
    "simpoint": {
        "interval": 242165,
        "weight": 0.00068814,
        "waypoints": [
            3006022118349,
            3006023067339,
            3006030888934
        ],
        "name": "3"
    },
    "stats": {
        "insts": 50000149.0,
        "ipc": 1.795018,
        "cycles": 27854962.0,
        "reg-taints": 0.0,
        "mem-taints": 0.0,
        "xmit-taints": 0.0,
        "loads": 3506196.0,
        "load-rate": 0.07012371103134113,
        "stalls": 465599739,
        "access-preds": 4047958,
        "access-misps": 42793,
        "access-misp-rate": 0.010571502965198749
    }
}