{
    "simpoint": {
        "interval": 22746,
        "weight": 0.00254273,
        "waypoints": [
            289013098400,
            289015758930,
            289029029641
        ],
        "name": "9"
    },
    "stats": {
        "insts": 50000046.0,
        "ipc": 1.29497,
        "cycles": 38610962.0,
        "reg-taints": 0.0,
        "mem-taints": 0.0,
        "xmit-taints": 0.0,
        "loads": 11050882.0,
        "load-rate": 0.22101743666395826,
        "stalls": 37805287403,
        "access-preds": 13259543,
        "access-misps": 2110017,
        "access-misp-rate": 0.15913195500025906
    }
}