{
    "weight": 0.99999978,
    "stats": {
        "insts": 54719003.65168858,
        "ipc": 0.6730431918078622,
        "cycles": 81495230.81668833,
        "reg-taints": 0.0,
        "mem-taints": 0.0,
        "xmit-taints": 3450384.1873354614,
        "stalls": 234254201854.35382,
        "access-preds": 12957599.986844577,
        "access-misps": 11797261.205106525,
        "access-misp-rate": 0.9105419462849594
    }
}