{
    "simpoint": {
        "interval": 1702,
        "weight": 0.11988,
        "waypoints": [
            19943467240,
            19945786097,
            19954634375
        ],
        "name": "2"
    },
    "stats": {
        "insts": 50033509.0,
        "ipc": 0.439147,
        "cycles": 113933270.0,
        "reg-taints": 0.0,
        "mem-taints": 0.0,
        "xmit-taints": 14305711.0,
        "loads": 11040979.0,
        "load-rate": 0.22067169024663053,
        "stalls": 891424362301,
        "access-preds": 203509,
        "access-misps": 186989,
        "access-misp-rate": 0.9188242289038814
    }
}