{
    "simpoint": {
        "interval": 153810,
        "weight": 0.0128253,
        "waypoints": [
            324995499735,
            324996366938,
            324999314713
        ],
        "name": "7"
    },
    "stats": {
        "insts": 50000065.0,
        "ipc": 1.591185,
        "cycles": 31423169.0,
        "reg-taints": 0.0,
        "mem-taints": 0.0,
        "xmit-taints": 9050.0,
        "loads": 14468341.0,
        "load-rate": 0.28936644382362303,
        "stalls": 5352515485,
        "access-preds": 623282,
        "access-misps": 577562,
        "access-misp-rate": 0.9266463655295677
    }
}