{
    "weight": 1.0000000999999998,
    "stats": {
        "access-misps": 23449.98454500155,
        "access-preds": 17148271.182342082,
        "reg-taints": 0.0,
        "access-misp-rate": 0.0013605908750857255,
        "ipc": 1.1209512308896772,
        "loads": 14303526.251849778,
        "mem-taints": 0.0,
        "cycles": 44639051.21552018,
        "load-rate": 0.2860702941725008,
        "stalls": 87613053.24016911,
        "insts": 50000040.61188104,
        "xmit-taints": 0.0
    }
}