{
    "simpoint": {
        "interval": 1152,
        "weight": 0.208004,
        "waypoints": [
            13476694258,
            13479353395,
            13492293407
        ],
        "name": "1"
    },
    "stats": {
        "insts": 54178873.0,
        "ipc": 2.000609,
        "cycles": 27081189.0,
        "reg-taints": 0.0,
        "mem-taints": 0.0,
        "xmit-taints": 675616.0,
        "loads": 9121266.0,
        "load-rate": 0.1683546647417343,
        "stalls": 29634844500,
        "access-preds": 2394228,
        "access-misps": 2188522,
        "access-misp-rate": 0.9140825351637355
    }
}