{
    "weight": 0.99999997,
    "stats": {
        "insts": 50000134.8045514,
        "mem-taints": 0.0,
        "loads": 20720815.112368982,
        "access-misp-rate": 0.020349063512870566,
        "cycles": 24272802.646262307,
        "reg-taints": 0.0,
        "access-preds": 24770551.827945214,
        "stalls": 8116339995.846293,
        "ipc": 2.0673345233376454,
        "access-misps": 533235.5774517474,
        "xmit-taints": 0.0,
        "load-rate": 0.4144152004260238
    }
}