{
    "simpoint": {
        "interval": 1499,
        "weight": 0.228577,
        "waypoints": [
            16510448645,
            16512629644,
            16523357705
        ],
        "name": "0"
    },
    "stats": {
        "insts": 53441483.0,
        "ipc": 1.035154,
        "cycles": 51626624.0,
        "stalls": 0
    }
}