{
    "simpoint": {
        "interval": 167709,
        "weight": 0.179295,
        "waypoints": [
            2310481481309,
            2310484665090,
            2310500980707
        ],
        "name": "4"
    },
    "stats": {
        "insts": 50817129.0,
        "ipc": 1.01784,
        "cycles": 49926440.0,
        "reg-taints": 0.0,
        "mem-taints": 0.0,
        "xmit-taints": 934538.0,
        "stalls": 25901573300,
        "access-preds": 10772881,
        "access-misps": 8580786,
        "access-misp-rate": 0.7965172918924844
    }
}