{
    "weight": 0.999999552,
    "stats": {
        "load-rate": 0.31265194298734045,
        "access-misp-rate": 0.0,
        "loads": 15632610.351842616,
        "ipc": 1.5535280428581593,
        "access-preds": 0.0,
        "stalls": 0.0,
        "cycles": 36299880.19543265,
        "access-misps": 0.0,
        "insts": 50000041.83360763
    }
}