{
    "weight": 0.9999993,
    "stats": {
        "insts": 50000036.93705955,
        "reg-taints": 0.0,
        "access-misps": 137823.03935852755,
        "xmit-taints": 0.0,
        "ipc": 1.6114307276556092,
        "access-preds": 15331774.172933321,
        "access-misp-rate": 0.008846474722258147,
        "loads": 12728771.381348766,
        "stalls": 2309156857.156196,
        "load-rate": 0.2545752404775523,
        "cycles": 31803760.04289553,
        "mem-taints": 0.0
    }
}