{
    "simpoint": {
        "interval": 32052,
        "weight": 0.019445,
        "waypoints": [
            129468818660,
            129469733367,
            129474085303
        ],
        "name": "2"
    },
    "stats": {
        "insts": 50434972.0,
        "ipc": 1.369222,
        "cycles": 36834757.0,
        "reg-taints": 0.0,
        "mem-taints": 0.0,
        "xmit-taints": 398341.0,
        "stalls": 17418452787,
        "access-preds": 14220615,
        "access-misps": 14155063,
        "access-misp-rate": 0.9953903540739975
    }
}