{
    "simpoint": {
        "interval": 5955,
        "weight": 0.114242,
        "waypoints": [
            47869786773,
            47871621730,
            47879731603
        ],
        "name": "3"
    },
    "stats": {
        "insts": 50000028.0,
        "ipc": 1.267022,
        "cycles": 39462642.0,
        "reg-taints": 0.0,
        "mem-taints": 0.0,
        "xmit-taints": 0.0,
        "loads": 12837287.0,
        "load-rate": 0.2567455962224661,
        "stalls": 39487617543,
        "access-preds": 15588013,
        "access-misps": 1732651,
        "access-misp-rate": 0.11115278130702098
    }
}