{
    "weight": 0.99999978,
    "stats": {
        "insts": 54719004.19307146,
        "ipc": 0.7882267980721256,
        "cycles": 69548623.88527767,
        "reg-taints": 0.0,
        "mem-taints": 0.0,
        "xmit-taints": 3450384.1873354614,
        "stalls": 12712985505.706446,
        "access-preds": 12957600.389561266,
        "access-misps": 3657108.2698989096,
        "access-misp-rate": 0.28232753194877525
    }
}