{
    "weight": 1.00000017,
    "stats": {
        "insts": 50000020.68703985,
        "load-rate": 0.35816461279242456,
        "cycles": 80504080.28028494,
        "xmit-taints": 0.0,
        "mem-taints": 0.0,
        "stalls": 249497354677.01855,
        "access-preds": 21493039.861959342,
        "loads": 17908238.03956823,
        "access-misps": 6191405.826357138,
        "ipc": 0.7241509476184989,
        "access-misp-rate": 0.2754588411156819,
        "reg-taints": 0.0
    }
}