{
    "weight": 0.99999978,
    "stats": {
        "insts": 50000031.76876525,
        "ipc": 0.4928146605675253,
        "cycles": 101564453.73334298,
        "reg-taints": 0.0,
        "mem-taints": 0.0,
        "xmit-taints": 0.0,
        "stalls": 409253799777.2172,
        "access-preds": 20586250.629714075,
        "access-misps": 4053576.2746172803,
        "access-misp-rate": 0.19688401863428162
    }
}