{
    "simpoint": {
        "interval": 984,
        "weight": 0.0721535,
        "waypoints": [
            11505589094,
            11508197954,
            11518382007
        ],
        "name": "0"
    },
    "stats": {
        "insts": 50016621.0,
        "ipc": 0.571368,
        "cycles": 87538411.0,
        "reg-taints": 0.0,
        "mem-taints": 0.0,
        "xmit-taints": 13331546.0,
        "stalls": 11664401436,
        "access-preds": 400276,
        "access-misps": 36092,
        "access-misp-rate": 0.09016778422888207
    }
}