{
    "simpoint": {
        "interval": 23485,
        "weight": 0.196342,
        "waypoints": [
            446431746896,
            446437358408,
            446460082081
        ],
        "name": "7"
    },
    "stats": {
        "insts": 50000012.0,
        "ipc": 1.055301,
        "cycles": 47379843.0,
        "reg-taints": 0.0,
        "mem-taints": 0.0,
        "xmit-taints": 0.0,
        "loads": 14583619.0,
        "load-rate": 0.2916723099986456,
        "stalls": 28248981000,
        "access-preds": 17290370,
        "access-misps": 10034799,
        "access-misp-rate": 0.5803692460022545
    }
}