{
    "simpoint": {
        "interval": 9839,
        "weight": 0.105046,
        "waypoints": [
            151815990500,
            151819197846,
            151835419412
        ],
        "name": "2"
    },
    "stats": {
        "insts": 50000025.0,
        "ipc": 1.023632,
        "cycles": 48845696.0,
        "pub-annot-reg-rate": NaN,
        "pub-annot-load-rate": NaN,
        "pub-annot-load-count": 0.0,
        "annot-load-count": 0.0,
        "prot-regs": 99144709.0,
        "unprot-regs": 38894504.0,
        "loads": 12116700.0,
        "load-rate": 0.2423338788330606,
        "stalls": 28418885500,
        "access-preds": 0,
        "access-misps": 0,
        "access-misp-rate": 0,
        "unprot-regs-inst": 0.7778896910551545,
        "unprot-regs-rate": 0.28176416798319476
    }
}