{
    "simpoint": {
        "interval": 4298,
        "weight": 0.0964486,
        "waypoints": [
            55308186049,
            55310737988,
            55323443931
        ],
        "name": "4"
    },
    "stats": {
        "insts": 54739687.0,
        "ipc": 0.777899,
        "cycles": 70368624.0,
        "reg-taints": 0.0,
        "mem-taints": 0.0,
        "xmit-taints": 3437039.0,
        "stalls": 102852470404,
        "access-preds": 13008984,
        "access-misps": 1711208,
        "access-misp-rate": 0.13154048002518876
    }
}