{
    "simpoint": {
        "interval": 505610,
        "weight": 0.110571,
        "waypoints": [
            866374915454,
            866375079983,
            866377132915
        ],
        "name": "7"
    },
    "stats": {
        "insts": 50005221.0,
        "ipc": 0.988602,
        "cycles": 50581746.0,
        "reg-taints": 0.0,
        "mem-taints": 0.0,
        "xmit-taints": 0.0,
        "loads": 14895932.0,
        "load-rate": 0.29788753458363876,
        "stalls": 4637759947,
        "access-preds": 18192860,
        "access-misps": 405368,
        "access-misp-rate": 0.02228170831853815
    }
}