{
    "simpoint": {
        "interval": 77284,
        "weight": 0.168161,
        "waypoints": [
            126611406986,
            126611776779,
            126613693928
        ],
        "name": "6"
    },
    "stats": {
        "insts": 50000091.0,
        "ipc": 1.109084,
        "cycles": 45082340.0,
        "reg-taints": 0.0,
        "mem-taints": 0.0,
        "xmit-taints": 0.0,
        "loads": 12964052.0,
        "load-rate": 0.25928056810936606,
        "stalls": 27377931,
        "access-preds": 15521934,
        "access-misps": 426602,
        "access-misp-rate": 0.027483817416051375
    }
}