{
    "simpoint": {
        "interval": 488,
        "weight": 0.13597,
        "waypoints": [
            7591993457,
            7595102746,
            7610810749
        ],
        "name": "0"
    },
    "stats": {
        "insts": 60343130.0,
        "ipc": 1.304974,
        "cycles": 46240868.0,
        "reg-taints": 0.0,
        "mem-taints": 0.0,
        "xmit-taints": 2347930.0,
        "stalls": 17835478692,
        "access-preds": 3599910,
        "access-misps": 126887,
        "access-misp-rate": 0.03524727007064066
    }
}