{
    "simpoint": {
        "interval": 2591,
        "weight": 0.116781,
        "waypoints": [
            3821921351,
            3822241817,
            3823665734
        ],
        "name": "0"
    },
    "stats": {
        "insts": 51048025.0,
        "ipc": 0.91542,
        "cycles": 55764610.0,
        "reg-taints": 0.0,
        "mem-taints": 0.0,
        "xmit-taints": 2345446.0,
        "stalls": 3639235438,
        "access-preds": 3039258,
        "access-misps": 20979,
        "access-misp-rate": 0.006902671638932924
    }
}