{
    "simpoint": {
        "interval": 199545,
        "weight": 0.019483,
        "waypoints": [
            1060367728919,
            1060369059445,
            1060373785266
        ],
        "name": "7"
    },
    "stats": {
        "insts": 50002414.0,
        "ipc": 1.971354,
        "cycles": 25364500.0,
        "reg-taints": 0.0,
        "mem-taints": 0.0,
        "xmit-taints": 835595.0,
        "loads": 34520368.0,
        "load-rate": 0.6903740287418924,
        "stalls": 70997050366,
        "access-preds": 16627468,
        "access-misps": 72397,
        "access-misp-rate": 0.00435406040174006
    }
}