{
    "simpoint": {
        "interval": 3165,
        "weight": 0.00287799,
        "waypoints": [
            28898632978,
            28898633722,
            28900436003
        ],
        "name": "7"
    },
    "stats": {
        "insts": 54531319.0,
        "ipc": 0.235269,
        "cycles": 231782970.0,
        "reg-taints": 0.0,
        "mem-taints": 0.0,
        "xmit-taints": 0.0,
        "stalls": 132320234861,
        "access-preds": 4264420,
        "access-misps": 2952300,
        "access-misp-rate": 0.6923098569090287
    }
}