{
    "simpoint": {
        "interval": 255304,
        "weight": 0.103988,
        "waypoints": [
            3579939048000,
            3579941972265,
            3579956590508
        ],
        "name": "6"
    },
    "stats": {
        "insts": 50000061.0,
        "ipc": 0.749594,
        "cycles": 66702813.0,
        "pub-annot-reg-rate": NaN,
        "pub-annot-load-rate": NaN,
        "pub-annot-load-count": 0.0,
        "annot-load-count": 0.0,
        "prot-regs": 75685047.0,
        "unprot-regs": 21259160.0,
        "loads": 16384717.0,
        "load-rate": 0.32769394021339293,
        "stalls": 804608847500,
        "access-preds": 0,
        "access-misps": 0,
        "access-misp-rate": 0,
        "unprot-regs-inst": 0.4251826812771288,
        "unprot-regs-rate": 0.21929273195251367
    }
}