{
    "simpoint": {
        "interval": 43791,
        "weight": 0.226075,
        "waypoints": [
            68311094028,
            68311427409,
            68313052510
        ],
        "name": "3"
    },
    "stats": {
        "insts": 50023110.0,
        "ipc": 1.055278,
        "cycles": 47402801.0,
        "reg-taints": 0.0,
        "mem-taints": 0.0,
        "xmit-taints": 2512035.0,
        "stalls": 1963831742,
        "access-preds": 6235815,
        "access-misps": 5853307,
        "access-misp-rate": 0.9386595016048424
    }
}