{
    "weight": 1.0000005280000002,
    "stats": {
        "mem-taints": 0.0,
        "cycles": 44345854.48958259,
        "reg-taints": 0.0,
        "insts": 50172463.04112193,
        "ipc": 1.1316864166880778,
        "xmit-taints": 2141042.6508468585,
        "loads": 6157708.725681697,
        "access-preds": 6660872.514111809,
        "access-misps": 20576.43020728085,
        "load-rate": 0.12243244317781762,
        "access-misp-rate": 0.0021672496205016154,
        "stalls": 6730694946.751617
    }
}