{
    "simpoint": {
        "interval": 29067,
        "weight": 0.179936,
        "waypoints": [
            409104208058,
            409106641879,
            409118808364
        ],
        "name": "2"
    },
    "stats": {
        "insts": 50000018.0,
        "ipc": 1.721004,
        "cycles": 29052825.0,
        "reg-taints": 0.0,
        "mem-taints": 0.0,
        "xmit-taints": 0.0,
        "loads": 9799982.0,
        "load-rate": 0.195999569440155,
        "stalls": 133848376,
        "access-preds": 11759543,
        "access-misps": 233899,
        "access-misp-rate": 0.019890143690107685
    }
}