{
    "weight": 1.00000017,
    "stats": {
        "access-misps": 452148.3791523154,
        "ipc": 0.9463668902118185,
        "loads": 21960447.012974083,
        "reg-taints": 0.0,
        "access-preds": 7078771.562517613,
        "insts": 64992975.10173124,
        "load-rate": 0.33846477215325704,
        "xmit-taints": 2927328.3053719276,
        "cycles": 80249753.75096224,
        "access-misp-rate": 0.06372421222488574,
        "mem-taints": 0.0,
        "stalls": 248762068325.00964
    }
}