{
    "simpoint": {
        "interval": 30732,
        "weight": 0.00641799,
        "waypoints": [
            435290893537,
            435295434266,
            435318174421
        ],
        "name": "5"
    },
    "stats": {
        "insts": 58310490.0,
        "ipc": 0.13156,
        "cycles": 443223896.0,
        "reg-taints": 0.0,
        "mem-taints": 0.0,
        "xmit-taints": 6025533.0,
        "stalls": 2057383182207,
        "access-preds": 3742200,
        "access-misps": 1329214,
        "access-misp-rate": 0.355195874084763
    }
}