{
    "weight": 1.0000004,
    "stats": {
        "xmit-taints": 0.0,
        "load-rate": 0.4156875105515744,
        "access-preds": 25168283.278947987,
        "cycles": 32221206.873393156,
        "mem-taints": 0.0,
        "insts": 50000096.41671693,
        "loads": 20784415.52259299,
        "stalls": 29916813032.350815,
        "access-misps": 752823.667795533,
        "access-misp-rate": 0.029215259891806306,
        "ipc": 1.610925197035421,
        "reg-taints": 0.0
    }
}