{
    "simpoint": {
        "interval": 543,
        "weight": 0.0266456,
        "waypoints": [
            10191237702,
            10192885218,
            10201210939
        ],
        "name": "0"
    },
    "stats": {
        "insts": 50000045.0,
        "ipc": 0.753387,
        "cycles": 66367041.0,
        "reg-taints": 0.0,
        "mem-taints": 0.0,
        "xmit-taints": 13763297.0,
        "loads": 12836426.0,
        "load-rate": 0.25672828894454,
        "stalls": 845986791465,
        "access-preds": 5261361,
        "access-misps": 554798,
        "access-misp-rate": 0.10544762087224199
    }
}