{
    "simpoint": {
        "interval": 974975,
        "weight": 0.0136773,
        "waypoints": [
            17617732618670,
            17617736620531,
            17617755690918
        ],
        "name": "6"
    },
    "stats": {
        "insts": 50015071.0,
        "ipc": 1.667936,
        "cycles": 29986205.0,
        "reg-taints": 0.0,
        "mem-taints": 0.0,
        "xmit-taints": 0.0,
        "stalls": 7346436,
        "access-preds": 7059848,
        "access-misps": 2410,
        "access-misp-rate": 0.0003413671229182271
    }
}