{
    "simpoint": {
        "interval": 52123,
        "weight": 0.310505,
        "waypoints": [
            82623635599,
            82623985801,
            82625786525
        ],
        "name": "4"
    },
    "stats": {
        "insts": 50000086.0,
        "ipc": 1.091853,
        "cycles": 45793790.0,
        "reg-taints": 0.0,
        "mem-taints": 0.0,
        "xmit-taints": 0.0,
        "loads": 12468218.0,
        "load-rate": 0.2493639310940385,
        "stalls": 1674040724,
        "access-preds": 14963877,
        "access-misps": 367190,
        "access-misp-rate": 0.02453842677268732
    }
}