{
    "weight": 0.9999986999999999,
    "stats": {
        "xmit-taints": 2645798.0140492185,
        "load-rate": 0.247316291208727,
        "cycles": 62055927.27399406,
        "access-misp-rate": 0.03437613874070504,
        "insts": 50581603.41324564,
        "reg-taints": 0.0,
        "ipc": 0.8208804348051653,
        "access-preds": 2590893.3838168993,
        "mem-taints": 0.0,
        "access-misps": 95358.97547296812,
        "stalls": 26967757926.34241,
        "loads": 12507202.406503828
    }
}