{
    "simpoint": {
        "interval": 41440,
        "weight": 0.14246,
        "waypoints": [
            644894324154,
            644897490433,
            644913410359
        ],
        "name": "7"
    },
    "stats": {
        "insts": 50000041.0,
        "ipc": 1.45073,
        "cycles": 34465438.0,
        "reg-taints": 0.0,
        "mem-taints": 0.0,
        "xmit-taints": 0.0,
        "stalls": 5237633029,
        "access-preds": 14818740,
        "access-misps": 491267,
        "access-misp-rate": 0.033151738946766054
    }
}