{
    "simpoint": {
        "interval": 1726,
        "weight": 0.0593762,
        "waypoints": [
            20222950045,
            20223932455,
            20237556001
        ],
        "name": "3"
    },
    "stats": {
        "insts": 50000201.0,
        "ipc": 0.771615,
        "cycles": 64799438.0,
        "reg-taints": 0.0,
        "mem-taints": 0.0,
        "xmit-taints": 0.0,
        "stalls": 779214101696,
        "access-preds": 12468516,
        "access-misps": 483057,
        "access-misp-rate": 0.03874214060438307
    }
}