{
    "simpoint": {
        "interval": 56756,
        "weight": 0.0459802,
        "waypoints": [
            90612426981,
            90612644049,
            90613690668
        ],
        "name": "5"
    },
    "stats": {
        "insts": 51968978.0,
        "ipc": 0.798252,
        "cycles": 65103499.0,
        "reg-taints": 0.0,
        "mem-taints": 0.0,
        "xmit-taints": 2324309.0,
        "stalls": 55178139367,
        "access-preds": 3799325,
        "access-misps": 3633980,
        "access-misp-rate": 0.9564804274443487
    }
}