{
    "simpoint": {
        "interval": 11244,
        "weight": 0.0981097,
        "waypoints": [
            255279592077,
            255284103721,
            255306639867
        ],
        "name": "2"
    },
    "stats": {
        "insts": 63188718.0,
        "ipc": 0.689464,
        "cycles": 91649011.0,
        "reg-taints": 0.0,
        "mem-taints": 0.0,
        "xmit-taints": 4551003.0,
        "loads": 17143095.0,
        "load-rate": 0.27129993363688754,
        "stalls": 84305745650,
        "access-preds": 5459791,
        "access-misps": 5008960,
        "access-misp-rate": 0.9174270590211236
    }
}