{
    "simpoint": {
        "interval": 3585,
        "weight": 0.134108,
        "waypoints": [
            33454489991,
            33456525914,
            33466700112
        ],
        "name": "2"
    },
    "stats": {
        "insts": 56505330.0,
        "ipc": 0.831432,
        "cycles": 67961484.0,
        "reg-taints": 0.0,
        "mem-taints": 0.0,
        "xmit-taints": 4902323.0,
        "stalls": 108116622539,
        "access-preds": 5115457,
        "access-misps": 4384046,
        "access-misp-rate": 0.8570194217251753
    }
}