{
    "simpoint": {
        "interval": 255304,
        "weight": 0.103988,
        "waypoints": [
            3579939050060,
            3579941974325,
            3579956592568
        ],
        "name": "6"
    },
    "stats": {
        "insts": 50000062.0,
        "ipc": 1.998878,
        "cycles": 25014058.0,
        "reg-taints": 0.0,
        "mem-taints": 0.0,
        "xmit-taints": 0.0,
        "stalls": 19291162179,
        "access-preds": 19662104,
        "access-misps": 360221,
        "access-misp-rate": 0.01832057240669666
    }
}