{
    "simpoint": {
        "interval": 675,
        "weight": 0.078825,
        "waypoints": [
            8395755208,
            8398351879,
            8411369247
        ],
        "name": "2"
    },
    "stats": {
        "insts": 54783759.0,
        "ipc": 0.7633,
        "cycles": 71772213.0,
        "reg-taints": 0.0,
        "mem-taints": 0.0,
        "xmit-taints": 5513010.0,
        "stalls": 105126379851,
        "access-preds": 12949516,
        "access-misps": 11756201,
        "access-misp-rate": 0.9078486794409922
    }
}