{
    "simpoint": {
        "interval": 3165,
        "weight": 0.00287799,
        "waypoints": [
            28898632953,
            28898633697,
            28900435978
        ],
        "name": "7"
    },
    "stats": {
        "insts": 54653600.0,
        "ipc": 0.237518,
        "cycles": 230102698.0,
        "reg-taints": 0.0,
        "mem-taints": 0.0,
        "xmit-taints": 7345.0,
        "loads": 4295233.0,
        "load-rate": 0.07859012032144269,
        "stalls": 3021154296,
        "access-preds": 813222,
        "access-misps": 55940,
        "access-misp-rate": 0.0687881046012036
    }
}