{
    "simpoint": {
        "interval": 14696,
        "weight": 0.241658,
        "waypoints": [
            117669201327,
            117670773489,
            117678497461
        ],
        "name": "5"
    },
    "stats": {
        "insts": 50000034.0,
        "ipc": 1.508719,
        "cycles": 33140710.0,
        "reg-taints": 0.0,
        "mem-taints": 0.0,
        "xmit-taints": 0.0,
        "stalls": 68576086500,
        "access-preds": 14960719,
        "access-misps": 14895490,
        "access-misp-rate": 0.9956399822762529
    }
}