{
    "simpoint": {
        "interval": 52123,
        "weight": 0.310505,
        "waypoints": [
            82623635599,
            82623985801,
            82625786525
        ],
        "name": "4"
    },
    "stats": {
        "insts": 50000086.0,
        "ipc": 1.096612,
        "cycles": 45595046.0,
        "reg-taints": 0.0,
        "mem-taints": 0.0,
        "xmit-taints": 0.0,
        "loads": 12468218.0,
        "load-rate": 0.2493639310940385,
        "stalls": 44890330,
        "access-preds": 14963877,
        "access-misps": 315018,
        "access-misp-rate": 0.02105189717878595
    }
}