{
    "simpoint": {
        "interval": 59426,
        "weight": 0.137287,
        "waypoints": [
            178400346117,
            178401057406,
            178404673589
        ],
        "name": "3"
    },
    "stats": {
        "insts": 50193199.0,
        "ipc": 1.11125,
        "cycles": 45168240.0,
        "reg-taints": 0.0,
        "mem-taints": 0.0,
        "xmit-taints": 2500083.0,
        "loads": 16256700.0,
        "load-rate": 0.3238825244033559,
        "stalls": 74824793802,
        "access-preds": 11589083,
        "access-misps": 258992,
        "access-misp-rate": 0.022347928649747353
    }
}