{
    "weight": 0.9999993,
    "stats": {
        "insts": 54007796.87224121,
        "ipc": 1.3702808275538794,
        "cycles": 40278653.788550355,
        "reg-taints": 0.0,
        "mem-taints": 0.0,
        "xmit-taints": 1564130.54251888,
        "stalls": 59097261505.211174,
        "access-preds": 5912968.387298171,
        "access-misps": 419802.96066567244,
        "access-misp-rate": 0.06796876911473515
    }
}