{
    "weight": 0.9999993,
    "stats": {
        "insts": 50000037.174465515,
        "ipc": 1.172113605577624,
        "cycles": 43173724.540033475,
        "reg-taints": 0.0,
        "mem-taints": 0.0,
        "xmit-taints": 0.0,
        "stalls": 1291091314.4924042,
        "access-preds": 15331774.040139228,
        "access-misps": 307372.1867958307,
        "access-misp-rate": 0.019515534567410106
    }
}