{
    "simpoint": {
        "interval": 19093,
        "weight": 0.0130689,
        "waypoints": [
            442361517955,
            442366307298,
            442386152419
        ],
        "name": "3"
    },
    "stats": {
        "insts": 50000063.0,
        "ipc": 1.06439,
        "cycles": 46975300.0,
        "reg-taints": 0.0,
        "mem-taints": 0.0,
        "xmit-taints": 0.0,
        "stalls": 3198242138,
        "access-preds": 18866932,
        "access-misps": 665469,
        "access-misp-rate": 0.03527171243316084
    }
}