{
    "simpoint": {
        "interval": 52123,
        "weight": 0.310505,
        "waypoints": [
            82623635599,
            82623985801,
            82625786525
        ],
        "name": "4"
    },
    "stats": {
        "insts": 50000085.0,
        "ipc": 0.895201,
        "cycles": 55853499.0,
        "pub-annot-reg-rate": NaN,
        "pub-annot-load-rate": NaN,
        "pub-annot-load-count": 0.0,
        "annot-load-count": 0.0,
        "prot-regs": 97330078.0,
        "unprot-regs": 35637969.0,
        "loads": 12468218.0,
        "load-rate": 0.24936393608130866,
        "stalls": 7322936500,
        "access-preds": 0,
        "access-misps": 0,
        "access-misp-rate": 0,
        "unprot-regs-inst": 0.7127581683111138,
        "unprot-regs-rate": 0.2680190452071542
    }
}