{
    "weight": 0.9999993,
    "stats": {
        "insts": 50000036.93705955,
        "ipc": 1.605420907299735,
        "cycles": 31976517.121765282,
        "reg-taints": 0.0,
        "mem-taints": 0.0,
        "xmit-taints": 0.0,
        "stalls": 2577307856.3560367,
        "access-preds": 15331774.172933321,
        "access-misps": 221774.9655743759,
        "access-misp-rate": 0.014093536054754151
    }
}