{
    "simpoint": {
        "interval": 35869,
        "weight": 0.329405,
        "waypoints": [
            150576624482,
            150577557954,
            150584139355
        ],
        "name": "3"
    },
    "stats": {
        "insts": 50000141.0,
        "ipc": 0.886774,
        "cycles": 56384319.0,
        "reg-taints": 0.0,
        "mem-taints": 0.0,
        "xmit-taints": 5167502.0,
        "stalls": 120165202952,
        "access-preds": 14800504,
        "access-misps": 13138562,
        "access-misp-rate": 0.8877104455361791
    }
}