{
    "simpoint": {
        "interval": 454408,
        "weight": 0.000704738,
        "waypoints": [
            7210576965887,
            7210580967750,
            7210600515645
        ],
        "name": "4"
    },
    "stats": {
        "insts": 50016354.0,
        "ipc": 1.840709,
        "cycles": 27172333.0,
        "reg-taints": 0.0,
        "mem-taints": 0.0,
        "xmit-taints": 0.0,
        "stalls": 11388378,
        "access-preds": 6528509,
        "access-misps": 1727,
        "access-misp-rate": 0.0002645320700331423
    }
}