{
    "simpoint": {
        "interval": 38585,
        "weight": 0.0201661,
        "waypoints": [
            552431369244,
            552436072623,
            552459716338
        ],
        "name": "7"
    },
    "stats": {
        "insts": 54619749.0,
        "ipc": 1.023296,
        "cycles": 53376296.0,
        "stalls": 0
    }
}