{
    "simpoint": {
        "interval": 18656,
        "weight": 0.160564,
        "waypoints": [
            292245505205,
            292248594325,
            292264175237
        ],
        "name": "3"
    },
    "stats": {
        "insts": 50000023.0,
        "ipc": 1.518425,
        "cycles": 32928865.0,
        "reg-taints": 0.0,
        "mem-taints": 0.0,
        "xmit-taints": 0.0,
        "stalls": 661479459,
        "access-preds": 15131095,
        "access-misps": 171043,
        "access-misp-rate": 0.011304072838086075
    }
}