{
    "simpoint": {
        "interval": 12960,
        "weight": 0.306268,
        "waypoints": [
            165090540848,
            165093065340,
            165105724398
        ],
        "name": "7"
    },
    "stats": {
        "insts": 54703968.0,
        "ipc": 0.742688,
        "cycles": 73656755.0,
        "reg-taints": 0.0,
        "mem-taints": 0.0,
        "xmit-taints": 3469168.0,
        "loads": 17796349.0,
        "load-rate": 0.3253209895121319,
        "stalls": 105213682019,
        "access-preds": 12982568,
        "access-misps": 11793412,
        "access-misp-rate": 0.9084036378627094
    }
}