{
    "weight": 1.0000008,
    "stats": {
        "stalls": 31869528883.025734,
        "access-misp-rate": 0.003199660448600097,
        "load-rate": 0.4556762132787004,
        "access-preds": 26428336.26880799,
        "xmit-taints": 0.0,
        "mem-taints": 0.0,
        "insts": 50000355.3775398,
        "cycles": 28133308.3765492,
        "ipc": 1.831119390009888,
        "reg-taints": 0.0,
        "loads": 22783935.57267714,
        "access-misps": 117267.76483598814
    }
}