{
    "weight": 1.00000015,
    "stats": {
        "insts": 51931537.453955285,
        "ipc": 1.1707760841338877,
        "cycles": 47282856.28322256,
        "reg-taints": 0.0,
        "mem-taints": 0.0,
        "xmit-taints": 9481584.382285044,
        "stalls": 2993199344.86271,
        "access-preds": 8319264.428919585,
        "access-misps": 427904.0674180899,
        "access-misp-rate": 0.05178559911343351
    }
}