{
    "simpoint": {
        "interval": 1547,
        "weight": 0.228967,
        "waypoints": [
            36659013047,
            36663513461,
            36685938705
        ],
        "name": "0"
    },
    "stats": {
        "insts": 50000209.0,
        "ipc": 0.408493,
        "cycles": 122401571.0,
        "reg-taints": 0.0,
        "mem-taints": 0.0,
        "xmit-taints": 0.0,
        "loads": 14489064.0,
        "load-rate": 0.2897800687193128,
        "stalls": 6086028776,
        "access-preds": 17393947,
        "access-misps": 263430,
        "access-misp-rate": 0.015144923690982847
    }
}