{
    "simpoint": {
        "interval": 14696,
        "weight": 0.241658,
        "waypoints": [
            117669201327,
            117670773489,
            117678497461
        ],
        "name": "5"
    },
    "stats": {
        "insts": 54010672.0,
        "ipc": 1.493045,
        "cycles": 36174857.0,
        "reg-taints": 0.0,
        "mem-taints": 0.0,
        "xmit-taints": 1536443.0,
        "stalls": 65567765569,
        "access-preds": 5354093,
        "access-misps": 172646,
        "access-misp-rate": 0.03224561097463193
    }
}