{
    "simpoint": {
        "interval": 974975,
        "weight": 0.0136773,
        "waypoints": [
            17617732618846,
            17617736620707,
            17617755691094
        ],
        "name": "6"
    },
    "stats": {
        "insts": 50036319.0,
        "ipc": 0.688628,
        "cycles": 72660877.0,
        "reg-taints": 0.0,
        "mem-taints": 0.0,
        "xmit-taints": 14688976.0,
        "loads": 6059233.0,
        "load-rate": 0.12109669778066608,
        "stalls": 963164061195,
        "access-preds": 12978,
        "access-misps": 12280,
        "access-misp-rate": 0.9462166743720142
    }
}