{
    "simpoint": {
        "interval": 488,
        "weight": 0.13597,
        "waypoints": [
            7591993457,
            7595102746,
            7610810749
        ],
        "name": "0"
    },
    "stats": {
        "insts": 50000025.0,
        "ipc": 1.424467,
        "cycles": 35100868.0,
        "reg-taints": 0.0,
        "mem-taints": 0.0,
        "xmit-taints": 0.0,
        "stalls": 1841217964,
        "access-preds": 14818510,
        "access-misps": 230624,
        "access-misp-rate": 0.015563238139327099
    }
}