{
    "simpoint": {
        "interval": 32437,
        "weight": 0.0757771,
        "waypoints": [
            456178692713,
            456182062923,
            456198943119
        ],
        "name": "6"
    },
    "stats": {
        "insts": 50000038.0,
        "ipc": 0.564837,
        "cycles": 88521213.0,
        "reg-taints": 0.0,
        "mem-taints": 0.0,
        "xmit-taints": 0.0,
        "stalls": 928532380794,
        "access-preds": 22158070,
        "access-misps": 10012829,
        "access-misp-rate": 0.4518818200321598
    }
}