{
    "weight": 0.9999986999999999,
    "stats": {
        "cycles": 61951484.054343976,
        "ipc": 0.8223644429947761,
        "stalls": 26920853328.64965,
        "insts": 50581603.360508576,
        "loads": 12507202.35376676,
        "access-preds": 2590893.3838168993,
        "access-misps": 22973.553649519752,
        "access-misp-rate": 0.008054195166901725,
        "load-rate": 0.24731629046050418,
        "reg-taints": 0.0,
        "xmit-taints": 2645798.0140492185,
        "mem-taints": 0.0
    }
}