{
    "simpoint": {
        "interval": 11028,
        "weight": 0.0924349,
        "waypoints": [
            163696277656,
            163700546483,
            163719020850
        ],
        "name": "4"
    },
    "stats": {
        "insts": 50000048.0,
        "ipc": 1.19638,
        "cycles": 41792781.0,
        "reg-taints": 0.0,
        "mem-taints": 0.0,
        "xmit-taints": 0.0,
        "stalls": 24517004606,
        "access-preds": 17401309,
        "access-misps": 1338583,
        "access-misp-rate": 0.07692427046723899
    }
}