{
    "weight": 1.00000017,
    "stats": {
        "ipc": 1.2610178735314312,
        "stalls": 0.0,
        "loads": 21960447.117926966,
        "access-misps": 0.0,
        "access-preds": 0.0,
        "cycles": 54885486.857324064,
        "load-rate": 0.33846476890705335,
        "insts": 64992976.132051386,
        "access-misp-rate": 0.0
    }
}