{
    "weight": 0.9999996,
    "stats": {
        "stalls": 297635273973.35803,
        "access-misp-rate": 0.0053898685083283385,
        "cycles": 48011047.675465666,
        "ipc": 1.0786805011012004,
        "reg-taints": 0.0,
        "insts": 51357532.771933906,
        "load-rate": 0.37121738503364005,
        "access-misps": 39484.28364021345,
        "mem-taints": 0.0,
        "access-preds": 6517417.806048323,
        "loads": 19019984.511448104,
        "xmit-taints": 1908139.1990279797
    }
}