{
    "simpoint": {
        "interval": 1499,
        "weight": 0.22881,
        "waypoints": [
            12885111241,
            12886742793,
            12895044776
        ],
        "name": "0"
    },
    "stats": {
        "insts": 50000019.0,
        "ipc": 0.723142,
        "cycles": 69142743.0,
        "reg-taints": 0.0,
        "mem-taints": 0.0,
        "xmit-taints": 0.0,
        "loads": 15186310.0,
        "load-rate": 0.30372608458408784,
        "stalls": 35926093011,
        "access-preds": 18224886,
        "access-misps": 1221115,
        "access-misp-rate": 0.06700261389838048
    }
}