{
    "simpoint": {
        "interval": 22377,
        "weight": 0.227606,
        "waypoints": [
            520541835962,
            520546619243,
            520570544851
        ],
        "name": "4"
    },
    "stats": {
        "insts": 50000021.0,
        "ipc": 1.009073,
        "cycles": 49550474.0,
        "pub-annot-reg-rate": NaN,
        "pub-annot-load-rate": NaN,
        "pub-annot-load-count": 0.0,
        "annot-load-count": 0.0,
        "prot-regs": 75066819.0,
        "unprot-regs": 53193452.0,
        "loads": 14644411.0,
        "load-rate": 0.29288809698699925,
        "stalls": 9612546500,
        "access-preds": 0,
        "access-misps": 0,
        "access-misp-rate": 0,
        "unprot-regs-inst": 1.0638685931751908,
        "unprot-regs-rate": 0.41473054426962813
    }
}