{
    "weight": 0.9999998099999998,
    "stats": {
        "insts": 50000485.03302115,
        "reg-taints": 0.0,
        "access-preds": 2924144.087282227,
        "access-misps": 2852005.20851659,
        "stalls": 203451844680.352,
        "mem-taints": 0.0,
        "ipc": 0.7899578101986641,
        "xmit-taints": 10551722.951449525,
        "access-misp-rate": 0.9852242939773852,
        "load-rate": 0.32744542375598445,
        "cycles": 66487136.683697596,
        "loads": 16372411.08216283
    }
}