{
    "weight": 0.9999996,
    "stats": {
        "access-misp-rate": 0.9054119306941177,
        "access-preds": 9772376.017126607,
        "reg-taints": 0.0,
        "cycles": 47367819.7282028,
        "mem-taints": 0.0,
        "ipc": 1.071326094764738,
        "loads": 18791840.711361185,
        "access-misps": 8831765.235100394,
        "xmit-taints": 1532313.4457344783,
        "stalls": 105142673445.10248,
        "insts": 50187721.06851673,
        "load-rate": 0.37476489777235034
    }
}