{
    "simpoint": {
        "interval": 4298,
        "weight": 0.0964486,
        "waypoints": [
            55308186049,
            55310737988,
            55323443931
        ],
        "name": "4"
    },
    "stats": {
        "insts": 54739686.0,
        "ipc": 0.73619,
        "cycles": 74355344.0,
        "reg-taints": 0.0,
        "mem-taints": 0.0,
        "xmit-taints": 5459495.0,
        "stalls": 110208706120,
        "access-preds": 13008984,
        "access-misps": 11838216,
        "access-misp-rate": 0.9100031178453291
    }
}