{
    "weight": 1.00000015,
    "stats": {
        "mem-taints": 0.0,
        "cycles": 48968164.72293794,
        "reg-taints": 0.0,
        "access-misp-rate": 0.12580178390438357,
        "access-preds": 17204941.10152444,
        "ipc": 1.104606726327991,
        "stalls": 28790170598.758648,
        "xmit-taints": 0.0,
        "loads": 14304409.392399544,
        "insts": 50000049.13477748,
        "load-rate": 0.2860878885334897,
        "access-misps": 2210118.7054879945
    }
}