{
    "weight": 0.99999985,
    "stats": {
        "loads": 15141100.05749756,
        "access-misp-rate": 0.9932952337266513,
        "xmit-taints": 305173.4616881692,
        "mem-taints": 0.0,
        "access-misps": 904538.0032367005,
        "ipc": 0.2748908704050806,
        "insts": 50000163.6144915,
        "reg-taints": 0.0,
        "access-preds": 905768.4888882734,
        "stalls": 12786567917.50415,
        "load-rate": 0.30282101372809916,
        "cycles": 195802901.1410353
    }
}