{
    "simpoint": {
        "interval": 199545,
        "weight": 0.019483,
        "waypoints": [
            1060367728919,
            1060369059445,
            1060373785266
        ],
        "name": "7"
    },
    "stats": {
        "insts": 50002414.0,
        "ipc": 1.316932,
        "cycles": 37968877.0,
        "reg-taints": 0.0,
        "mem-taints": 0.0,
        "xmit-taints": 835595.0,
        "loads": 34520368.0,
        "load-rate": 0.6903740287418924,
        "stalls": 24277020949,
        "access-preds": 16627468,
        "access-misps": 72972,
        "access-misp-rate": 0.004388641734267658
    }
}