{
    "simpoint": {
        "interval": 180807,
        "weight": 0.0229584,
        "waypoints": [
            382590197347,
            382591125927,
            382595615663
        ],
        "name": "9"
    },
    "stats": {
        "insts": 50000079.0,
        "ipc": 1.675896,
        "cycles": 29834835.0,
        "reg-taints": 0.0,
        "mem-taints": 0.0,
        "xmit-taints": 5117.0,
        "loads": 11134298.0,
        "load-rate": 0.2226856081567391,
        "stalls": 438832490239,
        "access-preds": 5990379,
        "access-misps": 1925896,
        "access-misp-rate": 0.3214981890127486
    }
}