{
    "simpoint": {
        "interval": 32437,
        "weight": 0.0757771,
        "waypoints": [
            456178692713,
            456182062923,
            456198943119
        ],
        "name": "6"
    },
    "stats": {
        "insts": 50000036.0,
        "ipc": 0.626061,
        "cycles": 79864424.0,
        "reg-taints": 0.0,
        "mem-taints": 0.0,
        "xmit-taints": 0.0,
        "stalls": 384429633484,
        "access-preds": 22158070,
        "access-misps": 1851504,
        "access-misp-rate": 0.08355890201628571
    }
}