{
    "weight": 1.00000017,
    "stats": {
        "insts": 50000020.4736295,
        "ipc": 0.6860564734052494,
        "cycles": 82531395.51178102,
        "reg-taints": 0.0,
        "mem-taints": 0.0,
        "xmit-taints": 0.0,
        "stalls": 154507810103.2655,
        "access-preds": 21493039.861959342,
        "access-misps": 889100.3838503846,
        "access-misp-rate": 0.04155934137744537
    }
}