{
    "weight": 1.0000008,
    "stats": {
        "access-preds": 9671279.01213559,
        "loads": 22791245.850491818,
        "access-misp-rate": 0.9476412563688628,
        "xmit-taints": 2138330.730412916,
        "ipc": 1.0328510994128204,
        "insts": 50032408.10181782,
        "cycles": 51314193.114995606,
        "access-misps": 9070578.883170193,
        "load-rate": 0.4556481171328648,
        "mem-taints": 0.0,
        "reg-taints": 0.0,
        "stalls": 198888851517.22546
    }
}