{
    "simpoint": {
        "interval": 23638,
        "weight": 0.106128,
        "waypoints": [
            36605018398,
            36605339627,
            36606979516
        ],
        "name": "2"
    },
    "stats": {
        "insts": 50663568.0,
        "ipc": 0.770288,
        "cycles": 65772268.0,
        "reg-taints": 0.0,
        "mem-taints": 0.0,
        "xmit-taints": 2300913.0,
        "stalls": 28093238000,
        "access-preds": 2810752,
        "access-misps": 2759213,
        "access-misp-rate": 0.9816636259620202
    }
}