{
    "simpoint": {
        "interval": 2146,
        "weight": 0.120682,
        "waypoints": [
            19264912175,
            19266184296,
            19272552591
        ],
        "name": "4"
    },
    "stats": {
        "insts": 51934974.0,
        "ipc": 1.513539,
        "cycles": 34313610.0,
        "reg-taints": 0.0,
        "mem-taints": 0.0,
        "xmit-taints": 37578.0,
        "loads": 17956399.0,
        "load-rate": 0.345747722912117,
        "stalls": 98939093,
        "access-preds": 5382965,
        "access-misps": 281970,
        "access-misp-rate": 0.05238191219894612
    }
}