{
    "weight": 1.0000008,
    "stats": {
        "access-preds": 228731.41890586485,
        "insts": 50132170.28360948,
        "reg-taints": 0.0,
        "access-misp-rate": 0.9789585483253798,
        "loads": 3141272.0338474736,
        "ipc": 1.2960943778864975,
        "mem-taints": 0.0,
        "cycles": 38679419.67965675,
        "stalls": 193791118.74948558,
        "access-misps": 223918.57782973774,
        "xmit-taints": 39428.44661664271,
        "load-rate": 0.06265980537720124
    }
}