{
    "weight": 0.99999978,
    "stats": {
        "ipc": 0.7115584157733513,
        "cycles": 70334232.08412606,
        "reg-taints": 0.0,
        "loads": 17156913.02309904,
        "access-misps": 1711665.0295495065,
        "xmit-taints": 0.0,
        "access-misp-rate": 0.08304585801220542,
        "insts": 50000033.0752483,
        "stalls": 33053306730.362385,
        "access-preds": 20586250.726162698,
        "load-rate": 0.3431380350320733,
        "mem-taints": 0.0
    }
}