{
    "weight": 0.99999944,
    "stats": {
        "mem-taints": 0.0,
        "reg-taints": 0.0,
        "cycles": 36636269.87232233,
        "loads": 19134815.528564848,
        "load-rate": 0.3825818894238736,
        "access-misps": 3730376.885360626,
        "access-misp-rate": 0.8119019711365189,
        "insts": 50027708.13857979,
        "ipc": 1.4187578011275186,
        "access-preds": 4514691.626722512,
        "xmit-taints": 28914.027644285474,
        "stalls": 52127347916.547874
    }
}