{
    "simpoint": {
        "interval": 6816,
        "weight": 0.0972148,
        "waypoints": [
            68203214195,
            68207351409,
            68235496377
        ],
        "name": "1"
    },
    "stats": {
        "insts": 50000012.0,
        "ipc": 1.550604,
        "cycles": 32245514.0,
        "reg-taints": 0.0,
        "mem-taints": 0.0,
        "xmit-taints": 0.0,
        "stalls": 14160691000,
        "access-preds": 14190217,
        "access-misps": 9184945,
        "access-misp-rate": 0.6472730473395861
    }
}