{
    "simpoint": {
        "interval": 77284,
        "weight": 0.168161,
        "waypoints": [
            126611404721,
            126611774514,
            126613691663
        ],
        "name": "6"
    },
    "stats": {
        "insts": 50000091.0,
        "ipc": 1.101531,
        "cycles": 45391448.0,
        "reg-taints": 0.0,
        "mem-taints": 0.0,
        "xmit-taints": 0.0,
        "loads": 12964052.0,
        "load-rate": 0.25928056810936606,
        "stalls": 521958425,
        "access-preds": 15521934,
        "access-misps": 652895,
        "access-misp-rate": 0.04206273522358747
    }
}