{
    "simpoint": {
        "interval": 161816,
        "weight": 0.0859769,
        "waypoints": [
            850675080390,
            850677240291,
            850688001879
        ],
        "name": "6"
    },
    "stats": {
        "insts": 50000139.0,
        "ipc": 1.31601,
        "cycles": 37993746.0,
        "reg-taints": 0.0,
        "mem-taints": 0.0,
        "xmit-taints": 0.0,
        "loads": 33048441.0,
        "load-rate": 0.6609669825117886,
        "stalls": 1197272012,
        "access-preds": 39659347,
        "access-misps": 541130,
        "access-misp-rate": 0.013644450575547803
    }
}