{
    "simpoint": {
        "interval": 22377,
        "weight": 0.227606,
        "waypoints": [
            520541835962,
            520546619243,
            520570544851
        ],
        "name": "4"
    },
    "stats": {
        "insts": 50032088.0,
        "ipc": 0.388393,
        "cycles": 128818142.0,
        "reg-taints": 0.0,
        "mem-taints": 0.0,
        "xmit-taints": 20720830.0,
        "loads": 14644683.0,
        "load-rate": 0.2927058131173738,
        "stalls": 680001182918,
        "access-preds": 1897100,
        "access-misps": 20299,
        "access-misp-rate": 0.010700015813610247
    }
}