{
    "simpoint": {
        "interval": 22377,
        "weight": 0.227606,
        "waypoints": [
            520541835962,
            520546619243,
            520570544851
        ],
        "name": "4"
    },
    "stats": {
        "insts": 50000021.0,
        "ipc": 1.137702,
        "cycles": 43948275.0,
        "reg-taints": 0.0,
        "mem-taints": 0.0,
        "xmit-taints": 0.0,
        "loads": 14644412.0,
        "load-rate": 0.29288811698699085,
        "stalls": 2343976900,
        "access-preds": 17580595,
        "access-misps": 394111,
        "access-misp-rate": 0.022417386897314907
    }
}