{
    "simpoint": {
        "interval": 167709,
        "weight": 0.179295,
        "waypoints": [
            2310481481309,
            2310484665090,
            2310500980707
        ],
        "name": "4"
    },
    "stats": {
        "insts": 53802679.0,
        "ipc": 1.072996,
        "cycles": 50142498.0,
        "reg-taints": 0.0,
        "mem-taints": 0.0,
        "xmit-taints": 1277118.0,
        "loads": 13607998.0,
        "load-rate": 0.25292417130381184,
        "stalls": 89895860726,
        "access-preds": 3203037,
        "access-misps": 566336,
        "access-misp-rate": 0.17681219417696392
    }
}