{
    "simpoint": {
        "interval": 26494,
        "weight": 0.14016,
        "waypoints": [
            411545968218,
            411548971522,
            411564076503
        ],
        "name": "5"
    },
    "stats": {
        "insts": 54777451.0,
        "ipc": 1.543352,
        "cycles": 35492529.0,
        "reg-taints": 0.0,
        "mem-taints": 0.0,
        "xmit-taints": 1888039.0,
        "stalls": 5220375316,
        "access-preds": 7421168,
        "access-misps": 6477458,
        "access-misp-rate": 0.8728353811691097
    }
}