{
    "simpoint": {
        "interval": 3165,
        "weight": 0.00287799,
        "waypoints": [
            28898632953,
            28898633697,
            28900435978
        ],
        "name": "7"
    },
    "stats": {
        "insts": 54531317.0,
        "ipc": 0.233488,
        "cycles": 233550744.0,
        "pub-annot-reg-rate": NaN,
        "pub-annot-load-rate": NaN,
        "pub-annot-load-count": 0.0,
        "annot-load-count": 0.0,
        "prot-regs": 46984431.0,
        "unprot-regs": 56407511.0,
        "loads": 4263864.0,
        "load-rate": 0.0781911062225033,
        "stalls": 147968819000,
        "access-preds": 0,
        "access-misps": 0,
        "access-misp-rate": 0,
        "unprot-regs-inst": 1.0344058075839246,
        "unprot-regs-rate": 0.5455697021340405
    }
}