{
    "simpoint": {
        "interval": 31800,
        "weight": 0.243177,
        "waypoints": [
            744597648512,
            744602414654,
            744626229552
        ],
        "name": "6"
    },
    "stats": {
        "insts": 64053490.0,
        "ipc": 0.670974,
        "cycles": 95463483.0,
        "reg-taints": 0.0,
        "mem-taints": 0.0,
        "xmit-taints": 1862907.0,
        "stalls": 143090696303,
        "access-preds": 6058890,
        "access-misps": 1883114,
        "access-misp-rate": 0.310801813533502
    }
}