{
    "simpoint": {
        "interval": 6337,
        "weight": 0.0160066,
        "waypoints": [
            143980617389,
            143984953023,
            144006443864
        ],
        "name": "1"
    },
    "stats": {
        "insts": 63057872.0,
        "ipc": 0.904828,
        "cycles": 69690446.0,
        "reg-taints": 0.0,
        "mem-taints": 0.0,
        "xmit-taints": 2486697.0,
        "loads": 16930570.0,
        "load-rate": 0.26849256822367873,
        "stalls": 15680534177,
        "access-preds": 5142185,
        "access-misps": 320498,
        "access-misp-rate": 0.062327201374512975
    }
}