{
    "simpoint": {
        "interval": 12232,
        "weight": 0.18073,
        "waypoints": [
            175709486129,
            175711250457,
            175720075089
        ],
        "name": "2"
    },
    "stats": {
        "insts": 50000011.0,
        "ipc": 0.343201,
        "cycles": 145687234.0,
        "reg-taints": 0.0,
        "mem-taints": 0.0,
        "xmit-taints": 16366750.0,
        "loads": 17445835.0,
        "load-rate": 0.3489166232383429,
        "stalls": 791590999000,
        "access-preds": 1419980,
        "access-misps": 20289,
        "access-misp-rate": 0.014288229411681855
    }
}