{
    "weight": 0.999999552,
    "stats": {
        "insts": 50000040.04936082,
        "ipc": 1.6287264341770904,
        "cycles": 33993162.344601326,
        "reg-taints": 0.0,
        "mem-taints": 0.0,
        "xmit-taints": 0.0,
        "stalls": 3845015985.357588,
        "access-preds": 18763088.74392703,
        "access-misps": 871606.7358574216,
        "access-misp-rate": 0.04641519353250468
    }
}