{
    "weight": 0.9999986999999999,
    "stats": {
        "insts": 50000302.073562704,
        "ipc": 1.126054651291947,
        "cycles": 44607369.49374704,
        "reg-taints": 0.0,
        "mem-taints": 0.0,
        "xmit-taints": 0.0,
        "stalls": 405883536.1183872,
        "access-preds": 14768492.469401011,
        "access-misps": 414175.5912416686,
        "access-misp-rate": 0.027722431392091
    }
}