{
    "simpoint": {
        "interval": 22377,
        "weight": 0.227606,
        "waypoints": [
            520541835962,
            520546619243,
            520570544851
        ],
        "name": "4"
    },
    "stats": {
        "insts": 64965267.0,
        "ipc": 0.402184,
        "cycles": 161531048.0,
        "reg-taints": 0.0,
        "mem-taints": 0.0,
        "xmit-taints": 1645774.0,
        "loads": 18715341.0,
        "load-rate": 0.28808226094106565,
        "stalls": 515308727936,
        "access-preds": 6202936,
        "access-misps": 5704744,
        "access-misp-rate": 0.9196844848955398
    }
}