{
    "simpoint": {
        "interval": 32433,
        "weight": 0.18707,
        "waypoints": [
            504049475799,
            504052618509,
            504068428076
        ],
        "name": "6"
    },
    "stats": {
        "insts": 60363386.0,
        "ipc": 1.139058,
        "cycles": 52994128.0,
        "reg-taints": 0.0,
        "mem-taints": 0.0,
        "xmit-taints": 2519069.0,
        "loads": 15309468.0,
        "load-rate": 0.2536217567384308,
        "stalls": 5879992176,
        "access-preds": 3625397,
        "access-misps": 144262,
        "access-misp-rate": 0.039792055876915
    }
}