{
    "simpoint": {
        "interval": 22068,
        "weight": 0.209001,
        "waypoints": [
            414029084479,
            414034665944,
            414055587832
        ],
        "name": "6"
    },
    "stats": {
        "insts": 50000166.0,
        "ipc": 1.027723,
        "cycles": 48651382.0,
        "reg-taints": 0.0,
        "mem-taints": 0.0,
        "xmit-taints": 0.0,
        "loads": 15725237.0,
        "load-rate": 0.3145036958477298,
        "stalls": 22872594397,
        "access-preds": 18698823,
        "access-misps": 782466,
        "access-misp-rate": 0.04184573542409595
    }
}