{
    "simpoint": {
        "interval": 2159,
        "weight": 0.445803,
        "waypoints": [
            19330789633,
            19332584029,
            19341555192
        ],
        "name": "5"
    },
    "stats": {
        "insts": 50000239.0,
        "ipc": 1.558168,
        "cycles": 32089122.0,
        "reg-taints": 0.0,
        "mem-taints": 0.0,
        "xmit-taints": 17874.0,
        "stalls": 2328669988,
        "access-preds": 5724004,
        "access-misps": 658323,
        "access-misp-rate": 0.11501092591829076
    }
}