{
    "weight": 0.99999978,
    "stats": {
        "insts": 50000032.858196564,
        "ipc": 0.8370957301213607,
        "cycles": 59848953.7338125,
        "reg-taints": 0.0,
        "mem-taints": 0.0,
        "xmit-taints": 0.0,
        "stalls": 34685838817.96834,
        "access-preds": 20586251.10384651,
        "access-misps": 1315163.4599841912,
        "access-misp-rate": 0.06383014363060639
    }
}