{
    "simpoint": {
        "interval": 23485,
        "weight": 0.196342,
        "waypoints": [
            446431746896,
            446437358408,
            446460082081
        ],
        "name": "7"
    },
    "stats": {
        "insts": 49999203.0,
        "ipc": 0.411122,
        "cycles": 121616421.0,
        "reg-taints": 0.0,
        "mem-taints": 0.0,
        "xmit-taints": 28215688.0,
        "loads": 14583621.0,
        "load-rate": 0.29167706933248516,
        "stalls": 758771596541,
        "access-preds": 1169943,
        "access-misps": 179497,
        "access-misp-rate": 0.15342371380486058
    }
}