{
    "simpoint": {
        "interval": 29806,
        "weight": 0.283652,
        "waypoints": [
            543529764312,
            543533131560,
            543549661026
        ],
        "name": "2"
    },
    "stats": {
        "insts": 51978159.0,
        "ipc": 0.691339,
        "cycles": 75184717.0,
        "reg-taints": 0.0,
        "mem-taints": 0.0,
        "xmit-taints": 1848007.0,
        "stalls": 96913023000,
        "access-preds": 2124167,
        "access-misps": 1248153,
        "access-misp-rate": 0.5875964554575982
    }
}