{
    "weight": 1.0000000999999998,
    "stats": {
        "insts": 50037500.46392156,
        "ipc": 0.4233421372733864,
        "cycles": 118209084.59488435,
        "reg-taints": 0.0,
        "mem-taints": 0.0,
        "xmit-taints": 20990519.38735347,
        "stalls": 41581836757.13718,
        "access-preds": 1883816.4295697575,
        "access-misps": 1734433.7619743242,
        "access-misp-rate": 0.9207136010448639
    }
}