{
    "simpoint": {
        "interval": 9626,
        "weight": 0.306356,
        "waypoints": [
            59983985531,
            59985254235,
            59991305853
        ],
        "name": "7"
    },
    "stats": {
        "insts": 50000061.0,
        "ipc": 1.049833,
        "cycles": 47626682.0,
        "loads": 3189672.0,
        "load-rate": 0.06379336217209815,
        "stalls": 0,
        "access-preds": 0,
        "access-misps": 0,
        "access-misp-rate": 0
    }
}