{
    "simpoint": {
        "interval": 1970,
        "weight": 0.00259217,
        "waypoints": [
            17903898798,
            17907232138,
            17923898926
        ],
        "name": "3"
    },
    "stats": {
        "insts": 50000038.0,
        "ipc": 0.626953,
        "cycles": 79750907.0,
        "loads": 26666043.0,
        "load-rate": 0.5333204546764544,
        "stalls": 0,
        "access-preds": 0,
        "access-misps": 0,
        "access-misp-rate": 0
    }
}