{
    "simpoint": {
        "interval": 17119,
        "weight": 0.107987,
        "waypoints": [
            456328997243,
            456333936282,
            456359525873
        ],
        "name": "4"
    },
    "stats": {
        "insts": 50000018.0,
        "ipc": 1.233856,
        "cycles": 40523391.0,
        "loads": 12794801.0,
        "load-rate": 0.25589592787746596,
        "stalls": 0,
        "access-preds": 0,
        "access-misps": 0,
        "access-misp-rate": 0
    }
}