{
    "simpoint": {
        "interval": 40254,
        "weight": 0.0627946,
        "waypoints": [
            944599758658,
            944604507473,
            944628141398
        ],
        "name": "7"
    },
    "stats": {
        "insts": 63548034.0,
        "ipc": 0.875138,
        "cycles": 72614833.0,
        "reg-taints": 0.0,
        "mem-taints": 0.0,
        "xmit-taints": 2088737.0,
        "stalls": 46469973805,
        "access-preds": 5955679,
        "access-misps": 295936,
        "access-misp-rate": 0.04968971631949942
    }
}