{
    "simpoint": {
        "interval": 505610,
        "weight": 0.110571,
        "waypoints": [
            866374915454,
            866375079983,
            866377132915
        ],
        "name": "7"
    },
    "stats": {
        "insts": 50093131.0,
        "ipc": 0.929113,
        "cycles": 53914988.0,
        "reg-taints": 0.0,
        "mem-taints": 0.0,
        "xmit-taints": 2896234.0,
        "loads": 14917223.0,
        "load-rate": 0.29778979077989753,
        "stalls": 28139457635,
        "access-preds": 2453092,
        "access-misps": 62980,
        "access-misp-rate": 0.025673721164962422
    }
}