{
    "weight": 0.999999552,
    "stats": {
        "insts": 50000040.98298413,
        "xmit-taints": 0.0,
        "cycles": 50868661.606822126,
        "ipc": 1.0248362200137064,
        "reg-taints": 0.0,
        "mem-taints": 0.0
    }
}