{
    "weight": 1.0000004999999998,
    "stats": {
        "insts": 53583620.15837403,
        "ipc": 1.6025323736838135,
        "cycles": 34230886.201416805,
        "reg-taints": 0.0,
        "mem-taints": 0.0,
        "xmit-taints": 913887.0073446963,
        "stalls": 77306259244.01184,
        "access-preds": 2023052.398538901,
        "access-misps": 1846573.333065334,
        "access-misp-rate": 0.9165698371772969
    }
}