{
    "simpoint": {
        "interval": 88330,
        "weight": 0.0564765,
        "waypoints": [
            1473827797215,
            1473829575800,
            1473836076492
        ],
        "name": "6"
    },
    "stats": {
        "insts": 50000278.0,
        "ipc": 0.716143,
        "cycles": 69818826.0,
        "reg-taints": 0.0,
        "mem-taints": 0.0,
        "xmit-taints": 11275718.0,
        "stalls": 9858311657,
        "access-preds": 44752,
        "access-misps": 43438,
        "access-misp-rate": 0.9706381837683232
    }
}