{
    "simpoint": {
        "interval": 5883,
        "weight": 0.068873,
        "waypoints": [
            75449192385,
            75451707895,
            75464447709
        ],
        "name": "5"
    },
    "stats": {
        "insts": 54040799.0,
        "ipc": 0.741833,
        "cycles": 72847627.0,
        "reg-taints": 0.0,
        "mem-taints": 0.0,
        "xmit-taints": 3322512.0,
        "stalls": 12511255443,
        "access-preds": 15425737,
        "access-misps": 1093999,
        "access-misp-rate": 0.07092037158419076
    }
}