{
    "simpoint": {
        "interval": 30,
        "weight": 0.00263042,
        "waypoints": [
            238766012,
            239981779,
            246048979
        ],
        "name": "0"
    },
    "stats": {
        "insts": 56877601.0,
        "ipc": 1.275055,
        "cycles": 44607976.0,
        "reg-taints": 0.0,
        "mem-taints": 0.0,
        "xmit-taints": 3249116.0,
        "stalls": 23011781400,
        "access-preds": 7861835,
        "access-misps": 223226,
        "access-misp-rate": 0.0283936256611847
    }
}