{
    "weight": 1.00000015,
    "stats": {
        "xmit-taints": 0.0,
        "reg-taints": 0.0,
        "load-rate": 0.286087887996201,
        "cycles": 44614277.66756764,
        "stalls": 16937481905.446775,
        "insts": 50000049.93121626,
        "access-misps": 956757.1454421784,
        "access-misp-rate": 0.05666296687471945,
        "ipc": 1.1855625149026727,
        "mem-taints": 0.0,
        "access-preds": 17204941.10152444,
        "loads": 14304409.61642961
    }
}