{
    "simpoint": {
        "interval": 32813,
        "weight": 0.0318631,
        "waypoints": [
            319545681560,
            319548380288,
            319561805792
        ],
        "name": "4"
    },
    "stats": {
        "insts": 50000033.0,
        "ipc": 0.473201,
        "cycles": 105663346.0,
        "reg-taints": 0.0,
        "mem-taints": 0.0,
        "xmit-taints": 0.0,
        "loads": 17989984.0,
        "load-rate": 0.35979944253236795,
        "stalls": 105531304285,
        "access-preds": 21601619,
        "access-misps": 670934,
        "access-misp-rate": 0.031059431239852903
    }
}