{
    "simpoint": {
        "interval": 5883,
        "weight": 0.068873,
        "waypoints": [
            75449192385,
            75451707895,
            75464447709
        ],
        "name": "5"
    },
    "stats": {
        "insts": 54701612.0,
        "ipc": 0.709237,
        "cycles": 77127368.0,
        "reg-taints": 0.0,
        "mem-taints": 0.0,
        "xmit-taints": 3445842.0,
        "stalls": 107719312687,
        "access-preds": 12986955,
        "access-misps": 11809569,
        "access-misp-rate": 0.9093408732069989
    }
}