{
    "simpoint": {
        "interval": 43021,
        "weight": 0.0217599,
        "waypoints": [
            622302562834,
            622307277140,
            622330873622
        ],
        "name": "7"
    },
    "stats": {
        "insts": 50000667.0,
        "ipc": 0.916105,
        "cycles": 54579639.0,
        "loads": 19279085.0,
        "load-rate": 0.3855765564087375,
        "stalls": 0,
        "access-preds": 0,
        "access-misps": 0,
        "access-misp-rate": 0
    }
}