{
    "simpoint": {
        "interval": 29069,
        "weight": 0.24349,
        "waypoints": [
            679799077298,
            679803832986,
            679827701512
        ],
        "name": "5"
    },
    "stats": {
        "insts": 50000026.0,
        "ipc": 1.101327,
        "cycles": 45399790.0,
        "reg-taints": 0.0,
        "mem-taints": 0.0,
        "xmit-taints": 0.0,
        "stalls": 2823334502,
        "access-preds": 17318461,
        "access-misps": 520980,
        "access-misp-rate": 0.030082349696084427
    }
}