{
    "simpoint": {
        "interval": 12232,
        "weight": 0.18073,
        "waypoints": [
            175709486129,
            175711250457,
            175720075089
        ],
        "name": "2"
    },
    "stats": {
        "insts": 50000011.0,
        "ipc": 0.652485,
        "cycles": 76630160.0,
        "reg-taints": 0.0,
        "mem-taints": 0.0,
        "xmit-taints": 0.0,
        "loads": 17445836.0,
        "load-rate": 0.3489166432383385,
        "stalls": 57651753652,
        "access-preds": 20938283,
        "access-misps": 729397,
        "access-misp-rate": 0.03483556889550113
    }
}