{
    "simpoint": {
        "interval": 32441,
        "weight": 0.00615222,
        "waypoints": [
            72167249964,
            72167962676,
            72170053974
        ],
        "name": "1"
    },
    "stats": {
        "insts": 50000172.0,
        "ipc": 1.506901,
        "cycles": 33180800.0,
        "reg-taints": 0.0,
        "mem-taints": 0.0,
        "xmit-taints": 197281.0,
        "stalls": 50880847084,
        "access-preds": 5332784,
        "access-misps": 2384968,
        "access-misp-rate": 0.44722756443913725
    }
}