{
    "simpoint": {
        "interval": 240400,
        "weight": 0.125733,
        "waypoints": [
            721562013182,
            721562749097,
            721565217057
        ],
        "name": "6"
    },
    "stats": {
        "insts": 50025684.0,
        "ipc": 1.310731,
        "cycles": 38166242.0,
        "loads": 25896494.0,
        "load-rate": 0.5176639663737531,
        "stalls": 0,
        "access-preds": 0,
        "access-misps": 0,
        "access-misp-rate": 0
    }
}