{
    "simpoint": {
        "interval": 23638,
        "weight": 0.106128,
        "waypoints": [
            36605018398,
            36605339627,
            36606979516
        ],
        "name": "2"
    },
    "stats": {
        "insts": 50020604.0,
        "ipc": 0.738599,
        "cycles": 67723593.0,
        "reg-taints": 0.0,
        "mem-taints": 0.0,
        "xmit-taints": 2221941.0,
        "stalls": 14225924320,
        "access-preds": 6508851,
        "access-misps": 6052170,
        "access-misp-rate": 0.9298369251347127
    }
}