{
    "simpoint": {
        "interval": 1152,
        "weight": 0.208004,
        "waypoints": [
            13476694258,
            13479353395,
            13492293407
        ],
        "name": "1"
    },
    "stats": {
        "insts": 50000123.0,
        "ipc": 2.082161,
        "cycles": 24013571.0,
        "reg-taints": 0.0,
        "mem-taints": 0.0,
        "xmit-taints": 30.0,
        "stalls": 18520066119,
        "access-preds": 10038540,
        "access-misps": 9565375,
        "access-misp-rate": 0.9528651576822924
    }
}