{
    "simpoint": {
        "interval": 6816,
        "weight": 0.0972148,
        "waypoints": [
            68203214195,
            68207351409,
            68235496377
        ],
        "name": "1"
    },
    "stats": {
        "insts": 50543301.0,
        "ipc": 1.626051,
        "cycles": 31083473.0,
        "reg-taints": 0.0,
        "mem-taints": 0.0,
        "xmit-taints": 16605574.0
    }
}