{
    "simpoint": {
        "interval": 10502,
        "weight": 0.0649377,
        "waypoints": [
            151694490622,
            151698270238,
            151719385844
        ],
        "name": "3"
    },
    "stats": {
        "insts": 49998847.0,
        "ipc": 0.468372,
        "cycles": 106750274.0,
        "reg-taints": 0.0,
        "mem-taints": 0.0,
        "xmit-taints": 27030735.0,
        "loads": 12492422.0,
        "load-rate": 0.24985420163788977,
        "stalls": 912150460821,
        "access-preds": 1185411,
        "access-misps": 916083,
        "access-misp-rate": 0.7727977891212415
    }
}