{
    "simpoint": {
        "interval": 1726,
        "weight": 0.0593762,
        "waypoints": [
            20222950045,
            20223932455,
            20237556001
        ],
        "name": "3"
    },
    "stats": {
        "insts": 51783854.0,
        "ipc": 1.779557,
        "cycles": 29099295.0,
        "reg-taints": 0.0,
        "mem-taints": 0.0,
        "xmit-taints": 446763.0,
        "stalls": 3323707938,
        "access-preds": 2497005,
        "access-misps": 2178518,
        "access-misp-rate": 0.8724523979727714
    }
}