{
    "simpoint": {
        "interval": 35869,
        "weight": 0.329405,
        "waypoints": [
            150576624482,
            150577557954,
            150584139355
        ],
        "name": "3"
    },
    "stats": {
        "insts": 50000144.0,
        "ipc": 2.087378,
        "cycles": 23953568.0,
        "reg-taints": 0.0,
        "mem-taints": 0.0,
        "xmit-taints": 0.0,
        "stalls": 1815280277,
        "access-preds": 34599494,
        "access-misps": 93824,
        "access-misp-rate": 0.0027117159574645802
    }
}