{
    "simpoint": {
        "interval": 668,
        "weight": 0.0957473,
        "waypoints": [
            15211472340,
            15216035563,
            15238938714
        ],
        "name": "0"
    },
    "stats": {
        "insts": 50000049.0,
        "ipc": 0.791746,
        "cycles": 63151608.0,
        "reg-taints": 0.0,
        "mem-taints": 0.0,
        "xmit-taints": 0.0,
        "loads": 13839264.0,
        "load-rate": 0.2767850087506914,
        "stalls": 42300646000,
        "access-preds": 16575736,
        "access-misps": 16009440,
        "access-misp-rate": 0.9658358458411741
    }
}