{
    "simpoint": {
        "interval": 176856,
        "weight": 0.741968,
        "waypoints": [
            374065025263,
            374065313644,
            374066756543
        ],
        "name": "8"
    },
    "stats": {
        "insts": 52556411.0,
        "ipc": 1.236072,
        "cycles": 42518884.0,
        "reg-taints": 0.0,
        "mem-taints": 0.0,
        "xmit-taints": 288956.0,
        "loads": 22440644.0,
        "load-rate": 0.42698204791799804,
        "stalls": 98540723404,
        "access-preds": 6782412,
        "access-misps": 4644525,
        "access-misp-rate": 0.6847895704360042
    }
}