{
    "simpoint": {
        "interval": 984,
        "weight": 0.0721535,
        "waypoints": [
            11505589480,
            11508198340,
            11518382393
        ],
        "name": "0"
    },
    "stats": {
        "insts": 52910175.0,
        "ipc": 1.341913,
        "cycles": 39428915.0,
        "reg-taints": 0.0,
        "mem-taints": 0.0,
        "xmit-taints": 1035988.0,
        "loads": 10459515.0,
        "load-rate": 0.19768437734329927,
        "stalls": 109868657201,
        "access-preds": 1556283,
        "access-misps": 172837,
        "access-misp-rate": 0.11105756472312554
    }
}