{
    "simpoint": {
        "interval": 1152,
        "weight": 0.208004,
        "waypoints": [
            13476694258,
            13479353395,
            13492293407
        ],
        "name": "1"
    },
    "stats": {
        "insts": 50000123.0,
        "ipc": 2.139772,
        "cycles": 23367028.0,
        "reg-taints": 0.0,
        "mem-taints": 0.0,
        "xmit-taints": 0.0,
        "stalls": 6828343075,
        "access-preds": 10038540,
        "access-misps": 577820,
        "access-misp-rate": 0.057560163131292
    }
}