{
    "simpoint": {
        "interval": 668,
        "weight": 0.0957473,
        "waypoints": [
            15211472340,
            15216035563,
            15238938714
        ],
        "name": "0"
    },
    "stats": {
        "insts": 54721490.0,
        "ipc": 0.803195,
        "cycles": 68129767.0,
        "reg-taints": 0.0,
        "mem-taints": 0.0,
        "xmit-taints": 3316208.0,
        "loads": 13960684.0,
        "load-rate": 0.2551225121976759,
        "stalls": 14607782791,
        "access-preds": 9774512,
        "access-misps": 9304266,
        "access-misp-rate": 0.9518905905481522
    }
}