{
    "weight": 0.9999989000000001,
    "stats": {
        "reg-taints": 0.0,
        "xmit-taints": 2312791.94547974,
        "ipc": 1.2590463903761293,
        "load-rate": 0.25469175603165917,
        "mem-taints": 0.0,
        "cycles": 47614024.004241,
        "insts": 59904131.60592846,
        "stalls": 24452546899.226494,
        "access-misps": 548667.7085911793,
        "loads": 15256051.190846007,
        "access-preds": 3669426.7331985063,
        "access-misp-rate": 0.14946244787878546
    }
}