{
    "weight": 1.00000036,
    "stats": {
        "insts": 50858825.00122327,
        "loads": 17300152.239049252,
        "reg-taints": 0.0,
        "xmit-taints": 1336067.1400836895,
        "access-misps": 4914393.676215836,
        "stalls": 168182694997.831,
        "access-preds": 5294406.618218777,
        "load-rate": 0.34025684037393594,
        "ipc": 1.1652067276628377,
        "cycles": 44479105.77223464,
        "mem-taints": 0.0,
        "access-misp-rate": 0.8624812976909825
    }
}