{
    "simpoint": {
        "interval": 29067,
        "weight": 0.179936,
        "waypoints": [
            409104208058,
            409106641879,
            409118808364
        ],
        "name": "2"
    },
    "stats": {
        "insts": 53771742.0,
        "ipc": 1.602154,
        "cycles": 33562166.0,
        "reg-taints": 0.0,
        "mem-taints": 0.0,
        "xmit-taints": 1084451.0,
        "stalls": 1538305391,
        "access-preds": 86464,
        "access-misps": 668,
        "access-misp-rate": 0.007725758697261288
    }
}