{
    "simpoint": {
        "interval": 43791,
        "weight": 0.226075,
        "waypoints": [
            68311095938,
            68311429319,
            68313054420
        ],
        "name": "3"
    },
    "stats": {
        "insts": 50007082.0,
        "ipc": 0.529876,
        "cycles": 94375078.0,
        "reg-taints": 0.0,
        "mem-taints": 0.0,
        "xmit-taints": 15297823.0,
        "loads": 12017173.0,
        "load-rate": 0.2403094225733867,
        "stalls": 104354937627,
        "access-preds": 750338,
        "access-misps": 24812,
        "access-misp-rate": 0.03306776412763315
    }
}