{
    "simpoint": {
        "interval": 363772,
        "weight": 0.323049,
        "waypoints": [
            623733273765,
            623733494322,
            623734589273
        ],
        "name": "2"
    },
    "stats": {
        "insts": 50742623.0,
        "ipc": 1.307456,
        "cycles": 38810186.0,
        "reg-taints": 0.0,
        "mem-taints": 0.0,
        "xmit-taints": 1018261.0,
        "loads": 20092568.0,
        "load-rate": 0.3959702280270375,
        "stalls": 304963311203,
        "access-preds": 6627897,
        "access-misps": 907125,
        "access-misp-rate": 0.13686467970157049
    }
}