{
    "weight": 0.9999993,
    "stats": {
        "load-rate": 0.21948131574299795,
        "cycles": 69280801.47848344,
        "insts": 51721790.44757641,
        "access-misps": 0.0,
        "access-misp-rate": 0.0,
        "reg-taints": 0.0,
        "xmit-taints": 1298638.8169452716,
        "mem-taints": 0.0,
        "loads": 11373951.22833716,
        "stalls": 121302847401.14233,
        "ipc": 0.8964846518276562,
        "access-preds": 0.0
    }
}