{
    "weight": 0.9999986999999999,
    "stats": {
        "insts": 50581602.28734718,
        "ipc": 0.9414858200649661,
        "cycles": 53770147.37726559,
        "reg-taints": 0.0,
        "mem-taints": 0.0,
        "xmit-taints": 2645798.0140492185,
        "stalls": 508095708.7476182,
        "access-preds": 2590893.3838168993,
        "access-misps": 9419.402474723218,
        "access-misp-rate": 0.002911656564436067
    }
}