{
    "weight": 0.9999986999999999,
    "stats": {
        "insts": 50581603.41324564,
        "ipc": 0.8229788729714348,
        "cycles": 61899218.74735748,
        "reg-taints": 0.0,
        "mem-taints": 0.0,
        "xmit-taints": 2645798.0140492185,
        "stalls": 28301874680.176033,
        "access-preds": 2590893.3838168993,
        "access-misps": 10715.668249668724,
        "access-misp-rate": 0.0032726632339769176
    }
}