{
    "simpoint": {
        "interval": 20608,
        "weight": 0.173667,
        "waypoints": [
            164918718073,
            164920240582,
            164928675685
        ],
        "name": "6"
    },
    "stats": {
        "insts": 51164143.0,
        "ipc": 1.221187,
        "cycles": 41897075.0,
        "reg-taints": 0.0,
        "mem-taints": 0.0,
        "xmit-taints": 1780405.0,
        "loads": 13195150.0,
        "load-rate": 0.2578983879393817,
        "stalls": 12143313941,
        "access-preds": 10834191,
        "access-misps": 9515978,
        "access-misp-rate": 0.878328432644394
    }
}