{
    "simpoint": {
        "interval": 153810,
        "weight": 0.0128253,
        "waypoints": [
            325975616583,
            325976483786,
            325979431561
        ],
        "name": "7"
    },
    "stats": {
        "insts": 50000064.0,
        "ipc": 1.570976,
        "cycles": 31827398.0,
        "reg-taints": 0.0,
        "mem-taints": 0.0,
        "xmit-taints": 9050.0,
        "loads": 14468341.0,
        "load-rate": 0.2893664496109445,
        "stalls": 10010306205,
        "access-preds": 623282,
        "access-misps": 1376,
        "access-misp-rate": 0.0022076684390051372
    }
}