{
    "simpoint": {
        "interval": 305904,
        "weight": 0.0723263,
        "waypoints": [
            922465006031,
            922465213070,
            922467696890
        ],
        "name": "8"
    },
    "stats": {
        "insts": 50000457.0,
        "ipc": 0.820479,
        "cycles": 60940538.0,
        "reg-taints": 0.0,
        "mem-taints": 0.0,
        "xmit-taints": 1472063.0,
        "loads": 19872976.0,
        "load-rate": 0.39745588725319053,
        "stalls": 339080996293,
        "access-preds": 13450221,
        "access-misps": 9968836,
        "access-misp-rate": 0.7411652195157239
    }
}