{
    "simpoint": {
        "interval": 37395,
        "weight": 0.007839,
        "waypoints": [
            364121378550,
            364123554746,
            364135261781
        ],
        "name": "5"
    },
    "stats": {
        "insts": 50000034.0,
        "ipc": 1.309362,
        "cycles": 38186563.0,
        "reg-taints": 0.0,
        "mem-taints": 0.0,
        "xmit-taints": 0.0,
        "stalls": 25031894714,
        "access-preds": 19209738,
        "access-misps": 479919,
        "access-misp-rate": 0.02498311012883153
    }
}