{
    "weight": 1.0000004999999998,
    "stats": {
        "insts": 50000114.875805266,
        "ipc": 0.6757319852013075,
        "cycles": 77078438.92713925,
        "pub-annot-reg-rate": 0,
        "pub-annot-load-rate": 0,
        "pub-annot-load-count": 0.0,
        "annot-load-count": 0.0,
        "prot-regs": 96761388.6416915,
        "unprot-regs": 15386016.677459564,
        "stalls": 0.0,
        "unprot-regs-inst": 0.30771963651289647,
        "unprot-regs-rate": 0.1373814042205789
    }
}