{
    "weight": 0.9999996,
    "stats": {
        "access-misps": 184267.73608139443,
        "access-preds": 9772385.763629505,
        "loads": 18791846.22385439,
        "insts": 50187721.34344503,
        "load-rate": 0.37476500720112055,
        "access-misp-rate": 0.018185583198473545,
        "reg-taints": 0.0,
        "ipc": 1.4664221612421644,
        "xmit-taints": 1532313.320001428,
        "cycles": 35208559.554549925,
        "stalls": 346041528310.3938,
        "mem-taints": 0.0
    }
}