{
    "simpoint": {
        "interval": 480886,
        "weight": 0.00744026,
        "waypoints": [
            824070129578,
            824070519665,
            824075107096
        ],
        "name": "5"
    },
    "stats": {
        "insts": 50013256.0,
        "ipc": 0.561488,
        "cycles": 89072745.0,
        "reg-taints": 0.0,
        "mem-taints": 0.0,
        "xmit-taints": 624589.0,
        "loads": 11198395.0,
        "load-rate": 0.22390853736857286,
        "stalls": 80946519308,
        "access-preds": 3516585,
        "access-misps": 11232,
        "access-misp-rate": 0.003194007822930485
    }
}