{
    "simpoint": {
        "interval": 12960,
        "weight": 0.306268,
        "waypoints": [
            165090540848,
            165093065340,
            165105724398
        ],
        "name": "7"
    },
    "stats": {
        "insts": 54703965.0,
        "ipc": 0.715261,
        "cycles": 76481108.0,
        "reg-taints": 0.0,
        "mem-taints": 0.0,
        "xmit-taints": 3469168.0,
        "stalls": 74873752489,
        "access-preds": 12982568,
        "access-misps": 11820841,
        "access-misp-rate": 0.9105163939830703
    }
}