{
    "simpoint": {
        "interval": 813,
        "weight": 0.132794,
        "waypoints": [
            6816447481,
            6818057532,
            6825600019
        ],
        "name": "0"
    },
    "stats": {
        "insts": 50000042.0,
        "ipc": 1.253462,
        "cycles": 39889557.0,
        "reg-taints": 0.0,
        "mem-taints": 0.0,
        "xmit-taints": 0.0,
        "stalls": 333498060,
        "access-preds": 14877198,
        "access-misps": 43987,
        "access-misp-rate": 0.0029566723518770132
    }
}