{
    "simpoint": {
        "interval": 1726,
        "weight": 0.0593762,
        "waypoints": [
            20222950045,
            20223932455,
            20237556001
        ],
        "name": "3"
    },
    "stats": {
        "insts": 50000205.0,
        "ipc": 1.141959,
        "cycles": 43784578.0,
        "reg-taints": 0.0,
        "mem-taints": 0.0,
        "xmit-taints": 0.0,
        "loads": 9980515.0,
        "load-rate": 0.19960948160112543,
        "stalls": 1721487811,
        "access-preds": 12468516,
        "access-misps": 450092,
        "access-misp-rate": 0.036098281463487716
    }
}