{
    "simpoint": {
        "interval": 5883,
        "weight": 0.068873,
        "waypoints": [
            75449192385,
            75451707895,
            75464447709
        ],
        "name": "5"
    },
    "stats": {
        "insts": 50000034.0,
        "ipc": 0.836683,
        "cycles": 59759812.0,
        "reg-taints": 0.0,
        "mem-taints": 0.0,
        "xmit-taints": 0.0,
        "stalls": 32748953706,
        "access-preds": 20601774,
        "access-misps": 18152602,
        "access-misp-rate": 0.8811183930082914
    }
}