{
    "simpoint": {
        "interval": 9839,
        "weight": 0.105046,
        "waypoints": [
            151815996638,
            151819203984,
            151835425550
        ],
        "name": "2"
    },
    "stats": {
        "insts": 60272849.0,
        "ipc": 1.30476,
        "cycles": 46194574.0,
        "reg-taints": 0.0,
        "mem-taints": 0.0,
        "xmit-taints": 2248268.0,
        "stalls": 16266354281,
        "access-preds": 3547884,
        "access-misps": 148495,
        "access-misp-rate": 0.041854525119761524
    }
}