{
    "simpoint": {
        "interval": 32433,
        "weight": 0.18707,
        "waypoints": [
            504049475799,
            504052618509,
            504068428076
        ],
        "name": "6"
    },
    "stats": {
        "insts": 50000029.0,
        "ipc": 1.427211,
        "cycles": 35033387.0,
        "reg-taints": 0.0,
        "mem-taints": 0.0,
        "xmit-taints": 0.0,
        "loads": 12393070.0,
        "load-rate": 0.24786125624047137,
        "stalls": 2172696329,
        "access-preds": 14876157,
        "access-misps": 394976,
        "access-misp-rate": 0.02655094323083576
    }
}