{
    "weight": 1.0000005280000002,
    "stats": {
        "reg-taints": 0.0,
        "cycles": 45136648.54150487,
        "load-rate": 0.12243244550516218,
        "access-misp-rate": 0.14785766209415754,
        "access-preds": 6660872.694047715,
        "ipc": 1.111991213265993,
        "mem-taints": 0.0,
        "loads": 6157708.917554996,
        "xmit-taints": 2142518.035267055,
        "insts": 50172463.424868524,
        "stalls": 238433458810.64926,
        "access-misps": 1318226.6720953248
    }
}