{
    "simpoint": {
        "interval": 974975,
        "weight": 0.0136773,
        "waypoints": [
            17617732618670,
            17617736620531,
            17617755690918
        ],
        "name": "6"
    },
    "stats": {
        "insts": 50036317.0,
        "ipc": 0.890611,
        "cycles": 56181981.0,
        "reg-taints": 0.0,
        "mem-taints": 0.0,
        "xmit-taints": 14716209.0,
        "stalls": 83460993,
        "access-preds": 359,
        "access-misps": 19,
        "access-misp-rate": 0.052924791086350974
    }
}