{
    "simpoint": {
        "interval": 9839,
        "weight": 0.105046,
        "waypoints": [
            151815996638,
            151819203984,
            151835425550
        ],
        "name": "2"
    },
    "stats": {
        "insts": 60272850.0,
        "ipc": 1.059226,
        "cycles": 56902714.0,
        "reg-taints": 0.0,
        "mem-taints": 0.0,
        "xmit-taints": 2248268.0,
        "stalls": 58648714576,
        "access-preds": 3547884,
        "access-misps": 3303499,
        "access-misp-rate": 0.9311180974349782
    }
}