{
    "weight": 1.0000004999999998,
    "stats": {
        "ipc": 1.9081203190846405,
        "insts": 50000114.36603572,
        "xmit-taints": 0.0,
        "loads": 9574986.921497941,
        "mem-taints": 0.0,
        "access-misps": 465685.65574737213,
        "cycles": 26399039.781641312,
        "load-rate": 0.19149930004402058,
        "stalls": 4319566920.579836,
        "access-misp-rate": 0.04093741678361387,
        "access-preds": 11464747.242348881,
        "reg-taints": 0.0
    }
}