{
    "simpoint": {
        "interval": 35767,
        "weight": 0.00228647,
        "waypoints": [
            494546857124,
            494548840681,
            494556974179
        ],
        "name": "0"
    },
    "stats": {
        "insts": 50186828.0,
        "ipc": 0.687453,
        "cycles": 73004032.0,
        "reg-taints": 0.0,
        "mem-taints": 0.0,
        "xmit-taints": 9574329.0,
        "loads": 14131425.0,
        "load-rate": 0.2815763729877489,
        "stalls": 554611772397,
        "access-preds": 4677765,
        "access-misps": 4123068,
        "access-misp-rate": 0.8814183696701309
    }
}