{
    "weight": 1.00000006,
    "stats": {
        "insts": 50012063.5442039,
        "ipc": 1.8267709553363425,
        "access-misps": 0.0,
        "cycles": 27377443.948544543,
        "load-rate": 0.1173984351066271,
        "loads": 5871377.177129149,
        "stalls": 0.0,
        "access-preds": 0.0,
        "access-misp-rate": 0.0
    }
}