{
    "simpoint": {
        "interval": 48801,
        "weight": 0.121769,
        "waypoints": [
            1495636537963,
            1495642675378,
            1495675726268
        ],
        "name": "4"
    },
    "stats": {
        "insts": 50000183.0,
        "ipc": 0.959322,
        "cycles": 52120354.0,
        "loads": 17664294.0,
        "load-rate": 0.35328458697841164,
        "stalls": 0,
        "access-preds": 0,
        "access-misps": 0,
        "access-misp-rate": 0
    }
}