{
    "weight": 0.999999552,
    "stats": {
        "insts": 55678062.11190957,
        "ipc": 1.3092391188889132,
        "cycles": 45803561.249194555,
        "reg-taints": 0.0,
        "mem-taints": 0.0,
        "xmit-taints": 3608090.5047814776,
        "stalls": 73968813566.08377,
        "access-preds": 6430225.357604964,
        "access-misps": 5541667.548798957,
        "access-misp-rate": 0.8622612602295271
    }
}