{
    "simpoint": {
        "interval": 11028,
        "weight": 0.0924349,
        "waypoints": [
            163696277656,
            163700546483,
            163719020850
        ],
        "name": "4"
    },
    "stats": {
        "insts": 54425642.0,
        "ipc": 1.063239,
        "cycles": 51188530.0,
        "reg-taints": 0.0,
        "mem-taints": 0.0,
        "xmit-taints": 7628873.0,
        "stalls": 44147745062,
        "access-preds": 7282793,
        "access-misps": 4646017,
        "access-misp-rate": 0.6379443985295202
    }
}