{
    "simpoint": {
        "interval": 32441,
        "weight": 0.00615222,
        "waypoints": [
            72167249964,
            72167962676,
            72170053974
        ],
        "name": "1"
    },
    "stats": {
        "insts": 53871230.0,
        "ipc": 1.434665,
        "cycles": 37549688.0,
        "reg-taints": 0.0,
        "mem-taints": 0.0,
        "xmit-taints": 211429.0,
        "loads": 18916935.0,
        "load-rate": 0.3511509761332719,
        "stalls": 76529250075,
        "access-preds": 3811782,
        "access-misps": 1254956,
        "access-misp-rate": 0.32923079021832835
    }
}