{
    "weight": 0.9999989000000001,
    "stats": {
        "insts": 59904131.883948766,
        "ipc": 1.3404663716443086,
        "cycles": 44733163.647756204,
        "reg-taints": 0.0,
        "mem-taints": 0.0,
        "xmit-taints": 2312791.94547974,
        "stalls": 17934603403.161358,
        "access-preds": 3669426.7331985063,
        "access-misps": 382481.0835570918,
        "access-misp-rate": 0.104424800680213
    }
}