{
    "simpoint": {
        "interval": 29069,
        "weight": 0.24349,
        "waypoints": [
            679799077298,
            679803832986,
            679827701512
        ],
        "name": "5"
    },
    "stats": {
        "insts": 64543776.0,
        "ipc": 0.832439,
        "cycles": 77535787.0,
        "reg-taints": 0.0,
        "mem-taints": 0.0,
        "xmit-taints": 1751473.0,
        "loads": 18420083.0,
        "load-rate": 0.2853889893271816,
        "stalls": 62220011323,
        "access-preds": 6118870,
        "access-misps": 857335,
        "access-misp-rate": 0.1401132888915764
    }
}