{
    "weight": 0.9999989000000001,
    "stats": {
        "reg-taints": 0.0,
        "mem-taints": 0.0,
        "loads": 15256051.190846007,
        "cycles": 45107401.82910521,
        "load-rate": 0.25469175663309473,
        "access-misp-rate": 0.035952318230354274,
        "access-preds": 3669426.7331985063,
        "xmit-taints": 2501419.0979782073,
        "insts": 59904131.463468306,
        "ipc": 1.3293347148732861,
        "access-misps": 131783.84559223015,
        "stalls": 15388541005.841515
    }
}