{
    "simpoint": {
        "interval": 1,
        "weight": 1.0,
        "waypoints": [
            1907205,
            1948370,
            2129496
        ],
        "name": "0"
    },
    "stats": {
        "insts": 51915996.0,
        "ipc": 1.802732,
        "cycles": 28798508.0,
        "loads": 6315034.0,
        "load-rate": 0.12163946541640076,
        "stalls": 0,
        "access-preds": 0,
        "access-misps": 0,
        "access-misp-rate": 0
    }
}