{
    "weight": 1.00000015,
    "stats": {
        "insts": 50000049.684039146,
        "ipc": 1.041597112143483,
        "cycles": 51472734.29632141,
        "reg-taints": 0.0,
        "mem-taints": 0.0,
        "xmit-taints": 0.0,
        "stalls": 52253119627.472336,
        "access-preds": 17204941.10152444,
        "access-misps": 778653.0854655872,
        "access-misp-rate": 0.04535233673405447
    }
}