{
    "simpoint": {
        "interval": 984,
        "weight": 0.0721535,
        "waypoints": [
            11505589094,
            11508197954,
            11518382007
        ],
        "name": "0"
    },
    "stats": {
        "insts": 52910175.0,
        "ipc": 1.344484,
        "cycles": 39353532.0,
        "reg-taints": 0.0,
        "mem-taints": 0.0,
        "xmit-taints": 1035988.0,
        "stalls": 110575311236,
        "access-preds": 1556283,
        "access-misps": 180514,
        "access-misp-rate": 0.1159904721699074
    }
}