{
    "simpoint": {
        "interval": 161816,
        "weight": 0.0859769,
        "waypoints": [
            850635249976,
            850637409877,
            850648171465
        ],
        "name": "6"
    },
    "stats": {
        "insts": 50000137.0,
        "ipc": 0.221313,
        "cycles": 225925150.0,
        "reg-taints": 0.0,
        "mem-taints": 0.0,
        "xmit-taints": 33467117.0,
        "loads": 33048440.0,
        "load-rate": 0.6609669889504503,
        "stalls": 8916298882499,
        "access-preds": 2,
        "access-misps": 1,
        "access-misp-rate": 0.5
    }
}