{
    "weight": 1.00000017,
    "stats": {
        "insts": 64992975.10173124,
        "cycles": 80236219.08347616,
        "loads": 21960447.012974083,
        "access-preds": 7078771.562517613,
        "access-misps": 452229.3840238246,
        "access-misp-rate": 0.06373784582574164,
        "mem-taints": 0.0,
        "xmit-taints": 2927328.3053719276,
        "reg-taints": 0.0,
        "load-rate": 0.33846477215325704,
        "stalls": 246954775987.10175,
        "ipc": 0.9465157034977105
    }
}