{
    "weight": 0.9999993,
    "stats": {
        "reg-taints": 0.0,
        "access-misp-rate": 0.0195738005012535,
        "load-rate": 0.2545752354658602,
        "access-misps": 308274.1350879945,
        "ipc": 1.1718399623629736,
        "loads": 12728771.002805702,
        "access-preds": 15331773.30154111,
        "mem-taints": 0.0,
        "insts": 50000036.4358674,
        "stalls": 2474955162.161776,
        "xmit-taints": 0.0,
        "cycles": 43188191.69499248
    }
}