{
    "simpoint": {
        "interval": 706,
        "weight": 0.000253552,
        "waypoints": [
            6595850468,
            6600455051,
            6623794284
        ],
        "name": "0"
    },
    "stats": {
        "insts": 50660026.0,
        "ipc": 1.211381,
        "cycles": 41820057.0,
        "reg-taints": 0.0,
        "mem-taints": 0.0,
        "xmit-taints": 7274810.0,
        "loads": 16765136.0,
        "load-rate": 0.3309342162595811,
        "stalls": 13380308951,
        "access-preds": 11168770,
        "access-misps": 8859062,
        "access-misp-rate": 0.7931994301968793
    }
}