{
    "simpoint": {
        "interval": 3752,
        "weight": 0.0568152,
        "waypoints": [
            30278854373,
            30280437679,
            30288383754
        ],
        "name": "1"
    },
    "stats": {
        "insts": 50000048.0,
        "ipc": 1.924517,
        "cycles": 25980572.0,
        "reg-taints": 0.0,
        "mem-taints": 0.0,
        "xmit-taints": 0.0,
        "loads": 12576093.0,
        "load-rate": 0.2515216185392462,
        "stalls": 251809244,
        "access-preds": 15085071,
        "access-misps": 15027005,
        "access-misp-rate": 0.9961507638910019
    }
}