{
    "simpoint": {
        "interval": 2681,
        "weight": 0.0726879,
        "waypoints": [
            34494367413,
            34496954367,
            34509934671
        ],
        "name": "3"
    },
    "stats": {
        "insts": 49982554.0,
        "ipc": 0.28903,
        "cycles": 172932097.0,
        "reg-taints": 0.0,
        "mem-taints": 0.0,
        "xmit-taints": 24020300.0,
        "loads": 17164907.0,
        "load-rate": 0.34341796539648617,
        "stalls": 2062450141052,
        "access-preds": 2701003,
        "access-misps": 161668,
        "access-misp-rate": 0.059854802086484166
    }
}