{
    "simpoint": {
        "interval": 30,
        "weight": 0.00263042,
        "waypoints": [
            238680536,
            239896303,
            245963503
        ],
        "name": "0"
    },
    "stats": {
        "insts": 50000316.0,
        "ipc": 1.437289,
        "cycles": 34787930.0,
        "reg-taints": 0.0,
        "mem-taints": 0.0,
        "xmit-taints": 0.0,
        "loads": 12641641.0,
        "load-rate": 0.2528312221066763,
        "stalls": 1784409491,
        "access-preds": 15164292,
        "access-misps": 369436,
        "access-misp-rate": 0.02436223201188687
    }
}