{
    "weight": 0.9999993,
    "stats": {
        "cycles": 43182570.91921694,
        "stalls": 2341563063.632538,
        "access-misps": 306917.8025049617,
        "xmit-taints": 0.0,
        "access-preds": 15331774.040139228,
        "reg-taints": 0.0,
        "insts": 50000037.174465515,
        "mem-taints": 0.0,
        "load-rate": 0.254575241977131,
        "access-misp-rate": 0.01948681744534546,
        "loads": 12728771.51414286,
        "ipc": 1.1719699416991591
    }
}