{
    "simpoint": {
        "interval": 35869,
        "weight": 0.329405,
        "waypoints": [
            150569626068,
            150570559540,
            150577140941
        ],
        "name": "3"
    },
    "stats": {
        "insts": 50000142.0,
        "ipc": 0.683929,
        "cycles": 73107233.0,
        "loads": 31093208.0,
        "load-rate": 0.6218623939108013,
        "stalls": 0,
        "access-preds": 0,
        "access-misps": 0,
        "access-misp-rate": 0
    }
}