{
    "weight": 0.9999989000000001,
    "stats": {
        "insts": 50000033.21214053,
        "ipc": 1.4835940399461438,
        "cycles": 33730025.683672346,
        "reg-taints": 0.0,
        "mem-taints": 0.0,
        "xmit-taints": 0.0,
        "stalls": 963360872.4860827,
        "access-preds": 14982818.48984984,
        "access-misps": 188517.39868023855,
        "access-misp-rate": 0.012589523180736943
    }
}