{
    "weight": 1.0000004999999998,
    "stats": {
        "ipc": 0.5948798292901855,
        "insts": 50013589.52733034,
        "access-preds": 312292.60051249986,
        "stalls": 655045540441.911,
        "load-rate": 0.1914569202266088,
        "access-misp-rate": 0.8887003097024807,
        "xmit-taints": 11711215.370445518,
        "access-misps": 277863.27380986314,
        "cycles": 86289779.84980871,
        "mem-taints": 0.0,
        "loads": 9575510.24541298,
        "reg-taints": 0.0
    }
}