{
    "weight": 0.99999997,
    "stats": {
        "access-misps": 1888213.096486383,
        "ipc": 1.3603620161546806,
        "mem-taints": 0.0,
        "load-rate": 0.3970303391178167,
        "reg-taints": 0.0,
        "xmit-taints": 799281.5603428668,
        "access-preds": 5847452.102980353,
        "loads": 20740662.724154532,
        "access-misp-rate": 0.2892861633283027,
        "stalls": 82522191681.26924,
        "cycles": 38641618.064233415,
        "insts": 52240210.82168377
    }
}