{
    "simpoint": {
        "interval": 813,
        "weight": 0.132794,
        "waypoints": [
            6816447481,
            6818057532,
            6825600019
        ],
        "name": "0"
    },
    "stats": {
        "insts": 50000040.0,
        "ipc": 1.765053,
        "cycles": 28327776.0,
        "reg-taints": 0.0,
        "mem-taints": 0.0,
        "xmit-taints": 0.0,
        "loads": 12365461.0,
        "load-rate": 0.24730902215278228,
        "stalls": 718567403,
        "access-preds": 14877199,
        "access-misps": 14826829,
        "access-misp-rate": 0.9966142820298364
    }
}