{
    "weight": 1.0000004999999998,
    "stats": {
        "insts": 50000114.36603572,
        "ipc": 1.9137076490134757,
        "cycles": 26324360.30804145,
        "reg-taints": 0.0,
        "mem-taints": 0.0,
        "xmit-taints": 0.0,
        "stalls": 3535958901.162294,
        "access-preds": 11464747.242348881,
        "access-misps": 378202.1503097249,
        "access-misp-rate": 0.03302003257261391
    }
}