{
    "weight": 0.9999993,
    "stats": {
        "insts": 50000061.951896764,
        "ipc": 1.3544392535226772,
        "cycles": 40148601.52880977,
        "reg-taints": 0.0,
        "mem-taints": 0.0,
        "xmit-taints": 0.0,
        "stalls": 6738359168.1410475,
        "access-preds": 13546320.95947907,
        "access-misps": 1642035.375558663,
        "access-misp-rate": 0.11314358830822457
    }
}