{
    "simpoint": {
        "interval": 14696,
        "weight": 0.241658,
        "waypoints": [
            117695835509,
            117697407701,
            117705131894
        ],
        "name": "5"
    },
    "stats": {
        "insts": 50000034.0,
        "ipc": 1.306222,
        "cycles": 38278367.0,
        "pub-annot-reg-rate": NaN,
        "pub-annot-load-rate": NaN,
        "pub-annot-load-count": 0.0,
        "annot-load-count": 0.0,
        "prot-regs": 49682613.0,
        "unprot-regs": 50653212.0,
        "loads": 12452716.0,
        "load-rate": 0.24905415064317757,
        "stalls": 71840172000,
        "access-preds": 0,
        "access-misps": 0,
        "access-misp-rate": 0,
        "unprot-regs-inst": 1.0130635511167851,
        "unprot-regs-rate": 0.504836751977671
    }
}