{
    "weight": 1.0000005280000002,
    "stats": {
        "ipc": 1.1565464022522456,
        "mem-taints": 0.0,
        "loads": 6204098.835130144,
        "reg-taints": 0.0,
        "load-rate": 0.116876166308793,
        "access-misps": 235078.01417709648,
        "xmit-taints": 5431988.275497677,
        "access-preds": 258022.7684128302,
        "access-misp-rate": 0.4564384791436234,
        "insts": 52842559.268852346,
        "cycles": 45701738.12635328,
        "stalls": 5045792395.596339
    }
}