{
    "simpoint": {
        "interval": 8441,
        "weight": 0.0432429,
        "waypoints": [
            254979771580,
            254986454005,
            255019269760
        ],
        "name": "7"
    },
    "stats": {
        "insts": 50000099.0,
        "ipc": 0.741412,
        "cycles": 67439012.0,
        "loads": 19946785.0,
        "load-rate": 0.398934910108878,
        "stalls": 0,
        "access-preds": 0,
        "access-misps": 0,
        "access-misp-rate": 0
    }
}