{
    "weight": 0.99999997,
    "stats": {
        "cycles": 36143848.933517806,
        "access-preds": 24770551.81564077,
        "access-misp-rate": 0.014441849636704347,
        "reg-taints": 0.0,
        "ipc": 1.38726967118138,
        "xmit-taints": 0.0,
        "mem-taints": 0.0,
        "load-rate": 0.41441519602952537,
        "access-misps": 374782.30886012927,
        "loads": 20720815.100064542,
        "stalls": 792896928.2318138,
        "insts": 50000135.493986204
    }
}