{
    "simpoint": {
        "interval": 30,
        "weight": 0.00263042,
        "waypoints": [
            238680536,
            239896303,
            245963503
        ],
        "name": "0"
    },
    "stats": {
        "insts": 50000315.0,
        "ipc": 1.001614,
        "cycles": 49919745.0,
        "reg-taints": 0.0,
        "mem-taints": 0.0,
        "xmit-taints": 0.0,
        "loads": 12641641.0,
        "load-rate": 0.2528312271632689,
        "stalls": 3123131994,
        "access-preds": 15164292,
        "access-misps": 14603060,
        "access-misp-rate": 0.9629898975830853
    }
}