{
    "simpoint": {
        "interval": 813,
        "weight": 0.132794,
        "waypoints": [
            6815664798,
            6817274867,
            6824817495
        ],
        "name": "0"
    },
    "stats": {
        "insts": 50025726.0,
        "ipc": 1.742121,
        "cycles": 28715420.0,
        "loads": 12365460.0,
        "load-rate": 0.24718201990711738,
        "stalls": 0,
        "access-preds": 0,
        "access-misps": 0,
        "access-misp-rate": 0
    }
}