{
    "weight": 1.0000008,
    "stats": {
        "access-preds": 0.0,
        "stalls": 0.0,
        "access-misp-rate": 0.0,
        "cycles": 38595494.65801228,
        "loads": 3139316.9042631765,
        "ipc": 1.2954946909142473,
        "load-rate": 0.06278608531192896,
        "access-misps": 0.0,
        "insts": 50000201.29339436
    }
}