{
    "simpoint": {
        "interval": 313,
        "weight": 0.117513,
        "waypoints": [
            1175518465,
            1176296436,
            1178423938
        ],
        "name": "0"
    },
    "stats": {
        "insts": 51790972.0,
        "ipc": 1.062278,
        "cycles": 48754622.0,
        "reg-taints": 0.0,
        "mem-taints": 0.0,
        "xmit-taints": 1942496.0,
        "loads": 16221092.0,
        "load-rate": 0.3132030810311882,
        "stalls": 498174046192,
        "access-preds": 5499878,
        "access-misps": 20615,
        "access-misp-rate": 0.003748264961513692
    }
}