{
    "weight": 1.00000015,
    "stats": {
        "insts": 50000049.660211444,
        "pub-annot-load-rate": 0,
        "unprot-regs-rate": 0.3542639168472754,
        "ipc": 0.41874995723415637,
        "stalls": 678571583075.4366,
        "access-misps": 0.0,
        "annot-load-count": 0.0,
        "unprot-regs": 47138742.12930819,
        "loads": 14304409.668517401,
        "cycles": 124115690.36505048,
        "unprot-regs-inst": 0.9427739587411785,
        "pub-annot-load-count": 0.0,
        "prot-regs": 86038678.18762678,
        "load-rate": 0.2860878912787842,
        "pub-annot-reg-rate": 0,
        "access-misp-rate": 0.0,
        "access-preds": 0.0
    }
}