{
    "simpoint": {
        "interval": 4587,
        "weight": 0.207065,
        "waypoints": [
            53795215774,
            53797694533,
            53810119937
        ],
        "name": "5"
    },
    "stats": {
        "insts": 50000094.0,
        "ipc": 1.703274,
        "cycles": 29355290.0,
        "reg-taints": 0.0,
        "mem-taints": 0.0,
        "xmit-taints": 0.0,
        "loads": 8851776.0,
        "load-rate": 0.1770351871738481,
        "stalls": 5786689793,
        "access-preds": 10646676,
        "access-misps": 748499,
        "access-misp-rate": 0.07030353886978434
    }
}