{
    "simpoint": {
        "interval": 8330,
        "weight": 0.00348875,
        "waypoints": [
            102257062562,
            102260428533,
            102278767931
        ],
        "name": "2"
    },
    "stats": {
        "insts": 50000015.0,
        "ipc": 1.630649,
        "cycles": 30662639.0,
        "reg-taints": 0.0,
        "mem-taints": 0.0,
        "xmit-taints": 0.0,
        "stalls": 4951397347,
        "access-preds": 16079710,
        "access-misps": 15626247,
        "access-misp-rate": 0.9717990560775038
    }
}