{
    "simpoint": {
        "interval": 908,
        "weight": 0.0694995,
        "waypoints": [
            14066695134,
            14069716101,
            14084752322
        ],
        "name": "1"
    },
    "stats": {
        "insts": 50000066.0,
        "ipc": 1.482518,
        "cycles": 33726453.0,
        "reg-taints": 0.0,
        "mem-taints": 0.0,
        "xmit-taints": 0.0,
        "stalls": 2627668224,
        "access-preds": 15187179,
        "access-misps": 342994,
        "access-misp-rate": 0.022584444418545405
    }
}