{
    "simpoint": {
        "interval": 12232,
        "weight": 0.18073,
        "waypoints": [
            175709486129,
            175711250457,
            175720075089
        ],
        "name": "2"
    },
    "stats": {
        "insts": 50000013.0,
        "ipc": 0.816908,
        "cycles": 61206395.0,
        "reg-taints": 0.0,
        "mem-taints": 0.0,
        "xmit-taints": 0.0,
        "loads": 17445838.0,
        "load-rate": 0.348916669281666,
        "stalls": 15535369138,
        "access-preds": 20938283,
        "access-misps": 45435,
        "access-misp-rate": 0.002169948701142305
    }
}