{
    "simpoint": {
        "interval": 4298,
        "weight": 0.0964486,
        "waypoints": [
            55308100573,
            55310652512,
            55323358455
        ],
        "name": "4"
    },
    "stats": {
        "insts": 50000045.0,
        "ipc": 0.69708,
        "cycles": 71727863.0,
        "reg-taints": 0.0,
        "mem-taints": 0.0,
        "xmit-taints": 0.0,
        "loads": 17162504.0,
        "load-rate": 0.34324977107520604,
        "stalls": 33607954814,
        "access-preds": 20605222,
        "access-misps": 1763065,
        "access-misp-rate": 0.0855639895556573
    }
}