{
    "weight": 0.99999978,
    "stats": {
        "loads": 17156913.02309904,
        "mem-taints": 0.0,
        "insts": 50000032.54153718,
        "access-preds": 20586250.726162698,
        "cycles": 70816649.44356279,
        "ipc": 0.7067157110488965,
        "stalls": 36388216612.48078,
        "access-misp-rate": 0.8826109741363786,
        "reg-taints": 0.0,
        "access-misps": 18166369.869591895,
        "load-rate": 0.3431380387015815,
        "xmit-taints": 0.0
    }
}