{
    "simpoint": {
        "interval": 56756,
        "weight": 0.0459802,
        "waypoints": [
            90612426981,
            90612644049,
            90613690668
        ],
        "name": "5"
    },
    "stats": {
        "insts": 50002006.0,
        "ipc": 1.028126,
        "cycles": 48634140.0,
        "reg-taints": 0.0,
        "mem-taints": 0.0,
        "xmit-taints": 0.0,
        "loads": 11983334.0,
        "load-rate": 0.23965706495855385,
        "stalls": 17700195261,
        "access-preds": 14363449,
        "access-misps": 970498,
        "access-misp-rate": 0.06756719782275135
    }
}