{
    "simpoint": {
        "interval": 77284,
        "weight": 0.168161,
        "waypoints": [
            126611406986,
            126611776779,
            126613693928
        ],
        "name": "6"
    },
    "stats": {
        "insts": 49987149.0,
        "ipc": 0.888553,
        "cycles": 56256811.0,
        "reg-taints": 0.0,
        "mem-taints": 0.0,
        "xmit-taints": 3022217.0,
        "loads": 12964050.0,
        "load-rate": 0.25934765753493966,
        "stalls": 17760186257,
        "access-preds": 6341148,
        "access-misps": 385786,
        "access-misp-rate": 0.060838510629305606
    }
}