{
    "simpoint": {
        "interval": 49730,
        "weight": 0.258708,
        "waypoints": [
            863602062661,
            863605102206,
            863619822249
        ],
        "name": "4"
    },
    "stats": {
        "insts": 50000052.0,
        "ipc": 1.098712,
        "cycles": 45507895.0,
        "reg-taints": 0.0,
        "mem-taints": 0.0,
        "xmit-taints": 0.0,
        "stalls": 26942746500,
        "access-preds": 14897152,
        "access-misps": 13250089,
        "access-misp-rate": 0.8894377260834823
    }
}