{
    "simpoint": {
        "interval": 43021,
        "weight": 0.0217599,
        "waypoints": [
            622302562834,
            622307277140,
            622330873622
        ],
        "name": "7"
    },
    "stats": {
        "insts": 50000667.0,
        "ipc": 0.425548,
        "cycles": 117497170.0,
        "reg-taints": 0.0,
        "mem-taints": 0.0,
        "xmit-taints": 983810.0,
        "stalls": 3528706203,
        "access-preds": 15010721,
        "access-misps": 149519,
        "access-misp-rate": 0.009960814007535014
    }
}