{
    "simpoint": {
        "interval": 6816,
        "weight": 0.0972148,
        "waypoints": [
            68203212738,
            68207349952,
            68235494920
        ],
        "name": "1"
    },
    "stats": {
        "insts": 50543301.0,
        "ipc": 1.627312,
        "cycles": 31059385.0,
        "reg-taints": 0.0,
        "mem-taints": 0.0,
        "xmit-taints": 16605602.0,
        "loads": 11806785.0,
        "load-rate": 0.23359742570039105,
        "stalls": 11705010567,
        "access-preds": 2612294,
        "access-misps": 243292,
        "access-misp-rate": 0.09313346813184122
    }
}