{
    "weight": 1.00000017,
    "stats": {
        "insts": 50000021.407224305,
        "ipc": 0.3872221865028283,
        "cycles": 143178877.84273148,
        "reg-taints": 0.0,
        "mem-taints": 0.0,
        "xmit-taints": 21242381.952245377,
        "stalls": 9549194115.71596,
        "access-preds": 1003874.9769109536,
        "access-misps": 28804.615453705363,
        "access-misp-rate": 0.02559447309751216
    }
}