{
    "simpoint": {
        "interval": 668,
        "weight": 0.0957473,
        "waypoints": [
            15211472340,
            15216035563,
            15238938714
        ],
        "name": "0"
    },
    "stats": {
        "insts": 50000049.0,
        "ipc": 1.058399,
        "cycles": 47241201.0,
        "reg-taints": 0.0,
        "mem-taints": 0.0,
        "xmit-taints": 0.0,
        "stalls": 3266269874,
        "access-preds": 16575736,
        "access-misps": 590853,
        "access-misp-rate": 0.03564565700129394
    }
}