{
    "weight": 1.00000017,
    "stats": {
        "insts": 50000020.45647854,
        "mem-taints": 0.0,
        "ipc": 0.7558433324220933,
        "reg-taints": 0.0,
        "loads": 17908237.996196836,
        "access-misp-rate": 0.030653628657313307,
        "access-misps": 642696.975495774,
        "cycles": 76782648.96425092,
        "xmit-taints": 0.0,
        "load-rate": 0.3581646136261187,
        "access-preds": 21493040.223419283,
        "stalls": 124426609872.48137
    }
}