{
    "simpoint": {
        "interval": 43021,
        "weight": 0.0217599,
        "waypoints": [
            622302562834,
            622307277140,
            622330873622
        ],
        "name": "7"
    },
    "stats": {
        "insts": 50000071.0,
        "ipc": 0.423876,
        "cycles": 117959156.0,
        "reg-taints": 0.0,
        "mem-taints": 0.0,
        "xmit-taints": 0.0,
        "stalls": 11103685713,
        "access-preds": 23124026,
        "access-misps": 1216522,
        "access-misp-rate": 0.052608572572959394
    }
}