{
    "simpoint": {
        "interval": 12960,
        "weight": 0.306268,
        "waypoints": [
            165090540848,
            165093065340,
            165105724398
        ],
        "name": "7"
    },
    "stats": {
        "insts": 50000021.0,
        "ipc": 0.830084,
        "cycles": 60234894.0,
        "reg-taints": 0.0,
        "mem-taints": 0.0,
        "xmit-taints": 0.0,
        "stalls": 42713511853,
        "access-preds": 20614472,
        "access-misps": 1783899,
        "access-misp-rate": 0.0865362450224289
    }
}