{
    "simpoint": {
        "interval": 3752,
        "weight": 0.0568152,
        "waypoints": [
            30278854373,
            30280437679,
            30288383754
        ],
        "name": "1"
    },
    "stats": {
        "insts": 50597008.0,
        "ipc": 1.329716,
        "cycles": 38050986.0,
        "reg-taints": 0.0,
        "mem-taints": 0.0,
        "xmit-taints": 1353991.0,
        "loads": 12577779.0,
        "load-rate": 0.24858740659131465,
        "stalls": 1304967508,
        "access-preds": 9898643,
        "access-misps": 169885,
        "access-misp-rate": 0.017162453479734545
    }
}