{
    "simpoint": {
        "interval": 37395,
        "weight": 0.007839,
        "waypoints": [
            364121378550,
            364123554746,
            364135261781
        ],
        "name": "5"
    },
    "stats": {
        "insts": 50000036.0,
        "ipc": 1.048637,
        "cycles": 47680955.0,
        "reg-taints": 0.0,
        "mem-taints": 0.0,
        "xmit-taints": 0.0,
        "stalls": 1206087879,
        "access-preds": 19209738,
        "access-misps": 507984,
        "access-misp-rate": 0.02644408788917371
    }
}