{
    "weight": 1.0000004999999998,
    "stats": {
        "insts": 50013589.52733034,
        "ipc": 0.6648007267240368,
        "cycles": 77156010.38750902,
        "reg-taints": 0.0,
        "mem-taints": 0.0,
        "xmit-taints": 11711215.370445518,
        "stalls": 18610538664.564777,
        "access-preds": 312292.60051249986,
        "access-misps": 277866.08647055685,
        "access-misp-rate": 0.8887113247085092
    }
}