{
    "simpoint": {
        "interval": 28250,
        "weight": 0.0185516,
        "waypoints": [
            108231999550,
            108232995193,
            108237570833
        ],
        "name": "1"
    },
    "stats": {
        "insts": 50000173.0,
        "ipc": 1.370591,
        "cycles": 36480748.0,
        "loads": 34946731.0,
        "load-rate": 0.6989322016945821,
        "stalls": 0,
        "access-preds": 0,
        "access-misps": 0,
        "access-misp-rate": 0
    }
}