{
    "simpoint": {
        "interval": 41440,
        "weight": 0.14246,
        "waypoints": [
            644894324154,
            644897490433,
            644913410359
        ],
        "name": "7"
    },
    "stats": {
        "insts": 50000039.0,
        "ipc": 1.486177,
        "cycles": 33643399.0,
        "reg-taints": 0.0,
        "mem-taints": 0.0,
        "xmit-taints": 0.0,
        "stalls": 825631025,
        "access-preds": 14818740,
        "access-misps": 176633,
        "access-misp-rate": 0.011919569410084797
    }
}