{
    "weight": 0.9999999,
    "stats": {
        "access-preds": 16938718.70971747,
        "ipc": 0.9947756909470691,
        "access-misps": 10137144.946641296,
        "insts": 50000048.503698245,
        "mem-taints": 0.0,
        "stalls": 328992807580.0486,
        "reg-taints": 0.0,
        "access-misp-rate": 0.6061158738746615,
        "load-rate": 0.27477217653734715,
        "cycles": 51721626.710815765,
        "xmit-taints": 0.0,
        "loads": 13738621.722804971
    }
}