{
    "weight": 1.00000015,
    "stats": {
        "loads": 14304409.897327365,
        "reg-taints": 0.0,
        "mem-taints": 0.0,
        "access-misps": 146057.92959121056,
        "stalls": 940213024117.9431,
        "insts": 50045770.97141621,
        "access-misp-rate": 0.12175324050123212,
        "load-rate": 0.2858111446440568,
        "ipc": 0.39641165141895235,
        "xmit-taints": 28000864.45178324,
        "cycles": 130465892.06676315,
        "access-preds": 1086619.8571922216
    }
}