{
    "weight": 0.9999998099999998,
    "stats": {
        "load-rate": 0.32064987389730654,
        "mem-taints": 0.0,
        "loads": 16565834.329465074,
        "cycles": 46440751.91723622,
        "xmit-taints": 3899996.46590585,
        "ipc": 1.1593434060421572,
        "insts": 51756451.228048764,
        "access-preds": 6147203.816221936,
        "access-misps": 5517673.817991707,
        "access-misp-rate": 0.8672319554961678,
        "reg-taints": 0.0,
        "stalls": 78881893268.49832
    }
}