{
    "simpoint": {
        "interval": 4974,
        "weight": 0.0263685,
        "waypoints": [
            7237046426,
            7237187654,
            7237682934
        ],
        "name": "1"
    },
    "stats": {
        "insts": 50002546.0,
        "ipc": 1.133185,
        "cycles": 44125652.0,
        "reg-taints": 0.0,
        "mem-taints": 0.0,
        "xmit-taints": 0.0,
        "loads": 12208613.0,
        "load-rate": 0.24415982738158973,
        "stalls": 8262514,
        "access-preds": 14666286,
        "access-misps": 22403,
        "access-misp-rate": 0.0015275169187345726
    }
}