{
    "simpoint": {
        "interval": 14696,
        "weight": 0.241658,
        "waypoints": [
            117695835509,
            117697407701,
            117705131894
        ],
        "name": "5"
    },
    "stats": {
        "insts": 50701603.0,
        "ipc": 1.858698,
        "cycles": 27278017.0,
        "loads": 12457519.0,
        "load-rate": 0.24570266545615924,
        "stalls": 0,
        "access-preds": 0,
        "access-misps": 0,
        "access-misp-rate": 0
    }
}