{
    "weight": 1.0000005280000002,
    "stats": {
        "insts": 50023157.76509697,
        "stalls": 541775999102.2709,
        "access-misp-rate": 0.012689892847383626,
        "loads": 6126250.038424193,
        "load-rate": 0.12246811170369498,
        "access-preds": 150555.32553094608,
        "ipc": 0.8654434800715762,
        "cycles": 60386628.57939369,
        "access-misps": 12623.56140193158,
        "mem-taints": 0.0,
        "reg-taints": 0.0,
        "xmit-taints": 13908068.286283704
    }
}