{
    "simpoint": {
        "interval": 813,
        "weight": 0.132794,
        "waypoints": [
            6815664798,
            6817274867,
            6824817495
        ],
        "name": "0"
    },
    "stats": {
        "insts": 50703049.0,
        "ipc": 1.856406,
        "cycles": 27312485.0,
        "loads": 12370154.0,
        "load-rate": 0.24397258634288443,
        "stalls": 0,
        "access-preds": 0,
        "access-misps": 0,
        "access-misp-rate": 0
    }
}