{
    "simpoint": {
        "interval": 5528,
        "weight": 0.0686679,
        "waypoints": [
            44978960608,
            44980736136,
            44989604418
        ],
        "name": "2"
    },
    "stats": {
        "insts": 50000037.0,
        "ipc": 0.394888,
        "cycles": 126618279.0,
        "pub-annot-reg-rate": NaN,
        "pub-annot-load-rate": NaN,
        "pub-annot-load-count": 0.0,
        "annot-load-count": 0.0,
        "prot-regs": 75573561.0,
        "unprot-regs": 32541302.0,
        "loads": 13505918.0,
        "load-rate": 0.2701181601125615,
        "stalls": 816405684000,
        "access-preds": 0,
        "access-misps": 0,
        "access-misp-rate": 0,
        "unprot-regs-inst": 0.6508255583890868,
        "unprot-regs-rate": 0.30098823692723914
    }
}