{
    "weight": 0.999999552,
    "stats": {
        "insts": 53913156.580211096,
        "ipc": 1.0987244680762496,
        "cycles": 50391762.19562916,
        "reg-taints": 0.0,
        "mem-taints": 0.0,
        "xmit-taints": 3042748.058009249,
        "stalls": 1641814163.4951906,
        "access-preds": 13710762.575398872,
        "access-misps": 533290.2155889206,
        "access-misp-rate": 0.039127001614914406
    }
}