{
    "simpoint": {
        "interval": 984,
        "weight": 0.0721535,
        "waypoints": [
            11505589480,
            11508198340,
            11518382393
        ],
        "name": "0"
    },
    "stats": {
        "insts": 50000163.0,
        "ipc": 0.560401,
        "cycles": 89222083.0,
        "pub-annot-reg-rate": NaN,
        "pub-annot-load-rate": NaN,
        "pub-annot-load-count": 0.0,
        "annot-load-count": 0.0,
        "prot-regs": 94837994.0,
        "unprot-regs": 15094723.0,
        "loads": 9906244.0,
        "load-rate": 0.19812423411499677,
        "stalls": 805696378500,
        "access-preds": 0,
        "access-misps": 0,
        "access-misp-rate": 0,
        "unprot-regs-inst": 0.3018934758272688,
        "unprot-regs-rate": 0.1373087413094684
    }
}