{
    "simpoint": {
        "interval": 12232,
        "weight": 0.18073,
        "waypoints": [
            175709486129,
            175711250457,
            175720075089
        ],
        "name": "2"
    },
    "stats": {
        "insts": 70390885.0,
        "ipc": 0.836184,
        "cycles": 84181143.0,
        "reg-taints": 0.0,
        "mem-taints": 0.0,
        "xmit-taints": 2617891.0,
        "stalls": 69034624436,
        "access-preds": 5696850,
        "access-misps": 352525,
        "access-misp-rate": 0.061880688450635
    }
}