{
    "simpoint": {
        "interval": 22721,
        "weight": 0.144018,
        "waypoints": [
            288696368461,
            288698887821,
            288711572167
        ],
        "name": "8"
    },
    "stats": {
        "insts": 54667196.0,
        "ipc": 0.751403,
        "cycles": 72753516.0,
        "reg-taints": 0.0,
        "mem-taints": 0.0,
        "xmit-taints": 3493006.0,
        "stalls": 8603118275,
        "access-preds": 12999403,
        "access-misps": 683199,
        "access-misp-rate": 0.05255618277239347
    }
}