{
    "weight": 1.0,
    "stats": {
        "loads": 11413837.371538399,
        "load-rate": 0.22586639130463157,
        "mem-taints": 0.0,
        "stalls": 4630385671.61295,
        "access-preds": 1480353.677073,
        "ipc": 1.5119432223025,
        "access-misps": 26184.9938533,
        "xmit-taints": 72902.1859393,
        "access-misp-rate": 0.017688534375969133,
        "insts": 50533580.066131294,
        "reg-taints": 0.0,
        "cycles": 33423371.799193
    }
}