{
    "simpoint": {
        "interval": 77284,
        "weight": 0.168161,
        "waypoints": [
            126611404721,
            126611774514,
            126613691663
        ],
        "name": "6"
    },
    "stats": {
        "insts": 50113778.0,
        "ipc": 0.292151,
        "cycles": 171533712.0,
        "reg-taints": 0.0,
        "mem-taints": 0.0,
        "xmit-taints": 3085242.0,
        "loads": 13029612.0,
        "load-rate": 0.26000059305047807,
        "stalls": 308625830243,
        "access-preds": 2172325,
        "access-misps": 2147118,
        "access-misp-rate": 0.9883963034997065
    }
}