{
    "simpoint": {
        "interval": 255304,
        "weight": 0.103988,
        "waypoints": [
            3579939050060,
            3579941974325,
            3579956592568
        ],
        "name": "6"
    },
    "stats": {
        "insts": 50000062.0,
        "ipc": 1.262591,
        "cycles": 39601152.0,
        "reg-taints": 0.0,
        "mem-taints": 0.0,
        "xmit-taints": 1329979.0,
        "loads": 16384717.0,
        "load-rate": 0.32769393365952226,
        "stalls": 61779908455,
        "access-preds": 11701911,
        "access-misps": 10076901,
        "access-misp-rate": 0.8611329380303782
    }
}