{
    "weight": 1.0000011,
    "stats": {
        "insts": 59870739.95337475,
        "ipc": 1.6328771811816007,
        "cycles": 36683022.94046206,
        "stalls": 0.0
    }
}