{
    "weight": 0.99999965,
    "stats": {
        "cycles": 176812306.80052966,
        "insts": 50000047.35732211,
        "load-rate": 0.42140928878844514,
        "loads": 21070484.31360758,
        "access-preds": 0.0,
        "access-misps": 0.0,
        "ipc": 0.3241209220849026,
        "access-misp-rate": 0.0,
        "stalls": 0.0
    }
}