{
    "simpoint": {
        "interval": 26494,
        "weight": 0.14016,
        "waypoints": [
            411545968218,
            411548971522,
            411564076503
        ],
        "name": "5"
    },
    "stats": {
        "insts": 59231514.0,
        "ipc": 1.305162,
        "cycles": 45382489.0,
        "reg-taints": 0.0,
        "mem-taints": 0.0,
        "xmit-taints": 2254175.0,
        "stalls": 28904258000,
        "access-preds": 3802027,
        "access-misps": 3576469,
        "access-misp-rate": 0.9406742771684683
    }
}