{
    "simpoint": {
        "interval": 12960,
        "weight": 0.306268,
        "waypoints": [
            165090455372,
            165092979864,
            165105638922
        ],
        "name": "7"
    },
    "stats": {
        "insts": 50000019.0,
        "ipc": 0.595918,
        "cycles": 83904167.0,
        "pub-annot-reg-rate": NaN,
        "pub-annot-load-rate": NaN,
        "pub-annot-load-count": 0.0,
        "annot-load-count": 0.0,
        "prot-regs": 45773789.0,
        "unprot-regs": 58050826.0,
        "loads": 17184834.0,
        "load-rate": 0.34369654939531125,
        "stalls": 133249546000,
        "access-preds": 0,
        "access-misps": 0,
        "access-misp-rate": 0,
        "unprot-regs-inst": 1.1610160788138901,
        "unprot-regs-rate": 0.5591239225881068
    }
}