{
    "simpoint": {
        "interval": 490852,
        "weight": 0.157265,
        "waypoints": [
            841131906266,
            841132130401,
            841133303706
        ],
        "name": "6"
    },
    "stats": {
        "insts": 50068129.0,
        "ipc": 0.390608,
        "cycles": 128180140.0,
        "reg-taints": 0.0,
        "mem-taints": 0.0,
        "xmit-taints": 22241503.0,
        "loads": 17182615.0,
        "load-rate": 0.34318468341407365,
        "stalls": 2467794218314,
        "access-preds": 3441055,
        "access-misps": 3114449,
        "access-misp-rate": 0.90508550430028
    }
}