{
    "simpoint": {
        "interval": 29067,
        "weight": 0.179936,
        "waypoints": [
            409104208058,
            409106641879,
            409118808364
        ],
        "name": "2"
    },
    "stats": {
        "insts": 53771741.0,
        "ipc": 1.407539,
        "cycles": 38202668.0,
        "reg-taints": 0.0,
        "mem-taints": 0.0,
        "xmit-taints": 1084451.0,
        "stalls": 333618282758,
        "access-preds": 86464,
        "access-misps": 82916,
        "access-misp-rate": 0.9589655810510733
    }
}