{
    "simpoint": {
        "interval": 199545,
        "weight": 0.019483,
        "waypoints": [
            1060417495333,
            1060418825859,
            1060423551680
        ],
        "name": "7"
    },
    "stats": {
        "insts": 50000205.0,
        "ipc": 0.333843,
        "cycles": 149771797.0,
        "reg-taints": 0.0,
        "mem-taints": 0.0,
        "xmit-taints": 22028156.0,
        "loads": 34520368.0,
        "load-rate": 0.6904045293414297,
        "stalls": 8294443890500,
        "access-preds": 0,
        "access-misps": 0,
        "access-misp-rate": 0
    }
}