{
    "weight": 0.9999993,
    "stats": {
        "access-misps": 319443.1261341883,
        "loads": 12728771.381348766,
        "access-misp-rate": 0.02028081922445101,
        "xmit-taints": 0.0,
        "cycles": 32061770.662300058,
        "ipc": 1.602093131195892,
        "insts": 50000036.93705955,
        "stalls": 3103115924.2512927,
        "access-preds": 15331774.172933321,
        "mem-taints": 0.0,
        "load-rate": 0.2545752404775523,
        "reg-taints": 0.0
    }
}