{
    "weight": 0.99999997,
    "stats": {
        "stalls": 230318513609.0552,
        "reg-taints": 0.0,
        "ipc": 1.3985796529567094,
        "access-misp-rate": 0.279315791695848,
        "loads": 20740662.74138283,
        "xmit-taints": 265989.7630083729,
        "access-misps": 1839039.6196323084,
        "insts": 52240211.676930785,
        "load-rate": 0.397030332741567,
        "cycles": 38043326.00593186,
        "mem-taints": 0.0,
        "access-preds": 5847452.102980353
    }
}