{
    "simpoint": {
        "interval": 252,
        "weight": 0.0294118,
        "waypoints": [
            3201307901,
            3203848551,
            3216552192
        ],
        "name": "2"
    },
    "stats": {
        "insts": 50449466.0,
        "ipc": 2.186651,
        "cycles": 23071563.0,
        "reg-taints": 0.0,
        "mem-taints": 0.0,
        "xmit-taints": 18223.0,
        "loads": 11854963.0,
        "load-rate": 0.23498688767092202,
        "stalls": 12396913630,
        "access-preds": 2826623,
        "access-misps": 2313215,
        "access-misp-rate": 0.8183670054336925
    }
}