{
    "simpoint": {
        "interval": 813,
        "weight": 0.132794,
        "waypoints": [
            6816447481,
            6818057532,
            6825600019
        ],
        "name": "0"
    },
    "stats": {
        "insts": 54126181.0,
        "ipc": 1.751906,
        "cycles": 30895589.0,
        "reg-taints": 0.0,
        "mem-taints": 0.0,
        "xmit-taints": 1565113.0,
        "stalls": 13817951750,
        "access-preds": 5345107,
        "access-misps": 4454656,
        "access-misp-rate": 0.8334081993120063
    }
}