{
    "simpoint": {
        "interval": 5883,
        "weight": 0.068873,
        "waypoints": [
            75449192385,
            75451707895,
            75464447709
        ],
        "name": "5"
    },
    "stats": {
        "insts": 50000034.0,
        "ipc": 0.611005,
        "cycles": 81832475.0,
        "reg-taints": 0.0,
        "mem-taints": 0.0,
        "xmit-taints": 0.0,
        "stalls": 198449026451,
        "access-preds": 20601773,
        "access-misps": 2554581,
        "access-misp-rate": 0.1239981141428944
    }
}