{
    "weight": 1.0000005280000002,
    "stats": {
        "ipc": 1.1674800425935152,
        "cycles": 43604402.30200501,
        "loads": 6157709.370529957,
        "load-rate": 0.12243245101407488,
        "insts": 50172464.09100817,
        "access-preds": 6660873.147022675,
        "mem-taints": 0.0,
        "stalls": 347662837091.7577,
        "access-misp-rate": 0.14643400033558815,
        "reg-taints": 0.0,
        "access-misps": 1305184.3470640727,
        "xmit-taints": 2141042.6508468585
    }
}