{
    "simpoint": {
        "interval": 26923,
        "weight": 0.601173,
        "waypoints": [
            256509990963,
            256511872580,
            256521319279
        ],
        "name": "3"
    },
    "stats": {
        "insts": 49999143.0,
        "ipc": 1.763945,
        "cycles": 28345075.0,
        "loads": 16103955.0,
        "load-rate": 0.3220846205303959,
        "stalls": 0,
        "access-preds": 0,
        "access-misps": 0,
        "access-misp-rate": 0
    }
}