{
    "weight": 0.9999993,
    "stats": {
        "insts": 50030755.86890881,
        "ipc": 0.6819318226360759,
        "cycles": 74881262.441695,
        "reg-taints": 0.0,
        "mem-taints": 0.0,
        "xmit-taints": 16871864.061275445,
        "stalls": 2652859531.9330425,
        "access-preds": 656620.5084529557,
        "access-misps": 32285.7654274358,
        "access-misp-rate": 0.039601882238878595
    }
}