{
    "simpoint": {
        "interval": 153465,
        "weight": 0.323146,
        "waypoints": [
            804238807499,
            804239313244,
            804242422212
        ],
        "name": "5"
    },
    "stats": {
        "insts": 51557158.0,
        "ipc": 1.474507,
        "cycles": 34965696.0,
        "reg-taints": 0.0,
        "mem-taints": 0.0,
        "xmit-taints": 2440.0,
        "stalls": 773554666346,
        "access-preds": 487972,
        "access-misps": 871,
        "access-misp-rate": 0.0017849384800767258
    }
}