{
    "simpoint": {
        "interval": 8330,
        "weight": 0.00348875,
        "waypoints": [
            102257056404,
            102260422375,
            102278759114
        ],
        "name": "2"
    },
    "stats": {
        "insts": 50000015.0,
        "ipc": 1.641183,
        "cycles": 30465833.0,
        "reg-taints": 0.0,
        "mem-taints": 0.0,
        "xmit-taints": 0.0,
        "loads": 12833841.0,
        "load-rate": 0.2566767429969771,
        "stalls": 3303768571,
        "access-preds": 16079710,
        "access-misps": 775179,
        "access-misp-rate": 0.04820851868597133
    }
}