{
    "simpoint": {
        "interval": 813,
        "weight": 0.132794,
        "waypoints": [
            6816447481,
            6818057532,
            6825600019
        ],
        "name": "0"
    },
    "stats": {
        "insts": 50000045.0,
        "ipc": 1.521363,
        "cycles": 32865299.0,
        "reg-taints": 0.0,
        "mem-taints": 0.0,
        "xmit-taints": 0.0,
        "stalls": 66097415500,
        "access-preds": 14877199,
        "access-misps": 14831238,
        "access-misp-rate": 0.9969106415797758
    }
}