{
    "simpoint": {
        "interval": 88330,
        "weight": 0.0564765,
        "waypoints": [
            1473827797215,
            1473829575800,
            1473836076492
        ],
        "name": "6"
    },
    "stats": {
        "insts": 52208503.0,
        "ipc": 0.951313,
        "cycles": 54880481.0,
        "reg-taints": 0.0,
        "mem-taints": 0.0,
        "xmit-taints": 1982396.0,
        "stalls": 21195347046,
        "access-preds": 436075,
        "access-misps": 31687,
        "access-misp-rate": 0.07266410594507826
    }
}