{
    "simpoint": {
        "interval": 11028,
        "weight": 0.0924349,
        "waypoints": [
            163696277656,
            163700546483,
            163719020850
        ],
        "name": "4"
    },
    "stats": {
        "insts": 54425643.0,
        "ipc": 1.241692,
        "cycles": 43831837.0,
        "reg-taints": 0.0,
        "mem-taints": 0.0,
        "xmit-taints": 7628873.0,
        "stalls": 26291141016,
        "access-preds": 7282793,
        "access-misps": 891582,
        "access-misp-rate": 0.12242308685692425
    }
}