{
    "weight": 0.999999552,
    "stats": {
        "insts": 53913155.34094344,
        "ipc": 1.6691378621539263,
        "cycles": 35088114.84873363,
        "reg-taints": 0.0,
        "mem-taints": 0.0,
        "xmit-taints": 3042748.058009249,
        "stalls": 14280153050.404718,
        "access-preds": 13710762.575398872,
        "access-misps": 8335213.903727768,
        "access-misp-rate": 0.6143216481193083
    }
}