{
    "simpoint": {
        "interval": 22377,
        "weight": 0.227606,
        "waypoints": [
            520541835962,
            520546619243,
            520570544851
        ],
        "name": "4"
    },
    "stats": {
        "insts": 50000021.0,
        "ipc": 1.15651,
        "cycles": 43233553.0,
        "reg-taints": 0.0,
        "mem-taints": 0.0,
        "xmit-taints": 0.0,
        "stalls": 699948015,
        "access-preds": 17580594,
        "access-misps": 17079998,
        "access-misp-rate": 0.9715256492471187
    }
}