{
    "simpoint": {
        "interval": 240400,
        "weight": 0.125733,
        "waypoints": [
            721562013182,
            721562749097,
            721565217057
        ],
        "name": "6"
    },
    "stats": {
        "insts": 50025684.0,
        "ipc": 0.411194,
        "cycles": 121659625.0,
        "pub-annot-reg-rate": NaN,
        "pub-annot-load-rate": NaN,
        "pub-annot-load-count": 0.0,
        "annot-load-count": 0.0,
        "prot-regs": 90567384.0,
        "unprot-regs": 9734507.0,
        "loads": 25896495.0,
        "load-rate": 0.5176639863634848,
        "stalls": 4739616641000,
        "access-preds": 0,
        "access-misps": 0,
        "access-misp-rate": 0,
        "unprot-regs-inst": 0.19459018291484032,
        "unprot-regs-rate": 0.09705207850966638
    }
}