{
    "simpoint": {
        "interval": 59710,
        "weight": 0.130334,
        "waypoints": [
            1023881862660,
            1023884787955,
            1023900323014
        ],
        "name": "5"
    },
    "stats": {
        "insts": 50000047.0,
        "ipc": 1.322759,
        "cycles": 37799819.0,
        "reg-taints": 0.0,
        "mem-taints": 0.0,
        "xmit-taints": 0.0,
        "stalls": 5701821888,
        "access-preds": 15126635,
        "access-misps": 1607101,
        "access-misp-rate": 0.10624312677604768
    }
}