{
    "simpoint": {
        "interval": 240400,
        "weight": 0.125733,
        "waypoints": [
            723408980859,
            723409716774,
            723412184715
        ],
        "name": "6"
    },
    "stats": {
        "insts": 50025684.0,
        "ipc": 2.295385,
        "cycles": 21794024.0,
        "reg-taints": 0.0,
        "mem-taints": 0.0,
        "xmit-taints": 0.0,
        "loads": 25896494.0,
        "load-rate": 0.5176639663737531,
        "stalls": 3638561511,
        "access-preds": 29934969,
        "access-misps": 655792,
        "access-misp-rate": 0.02190722161763388
    }
}