{
    "simpoint": {
        "interval": 61425,
        "weight": 0.036875,
        "waypoints": [
            132525790787,
            132527433867,
            132532314934
        ],
        "name": "2"
    },
    "stats": {
        "insts": 50000208.0,
        "ipc": 0.669475,
        "cycles": 74685654.0,
        "pub-annot-reg-rate": NaN,
        "pub-annot-load-rate": NaN,
        "pub-annot-load-count": 0.0,
        "annot-load-count": 0.0,
        "prot-regs": 79073892.0,
        "unprot-regs": 14166641.0,
        "loads": 21224216.0,
        "load-rate": 0.42448255415257474,
        "stalls": 1372365226000,
        "access-preds": 0,
        "access-misps": 0,
        "access-misp-rate": 0,
        "unprot-regs-inst": 0.28333164134037203,
        "unprot-regs-rate": 0.15193650812785464
    }
}