{
    "simpoint": {
        "interval": 5119,
        "weight": 0.286095,
        "waypoints": [
            46359042681,
            46361333600,
            46372788381
        ],
        "name": "9"
    },
    "stats": {
        "insts": 50103946.0,
        "ipc": 1.23147,
        "cycles": 40686279.0,
        "reg-taints": 0.0,
        "mem-taints": 0.0,
        "xmit-taints": 14996.0,
        "stalls": 295983687597
    }
}