{
    "simpoint": {
        "interval": 29586,
        "weight": 0.0362736,
        "waypoints": [
            414697043933,
            414702257168,
            414727434303
        ],
        "name": "4"
    },
    "stats": {
        "insts": 50000057.0,
        "ipc": 0.210079,
        "cycles": 238006243.0,
        "reg-taints": 0.0,
        "mem-taints": 0.0,
        "xmit-taints": 33741126.0,
        "loads": 19545029.0,
        "load-rate": 0.3909001343738468,
        "stalls": 2741976817983,
        "access-preds": 113857,
        "access-misps": 113043,
        "access-misp-rate": 0.9928506811175422
    }
}