{
    "weight": 1.0000004999999998,
    "stats": {
        "loads": 10178825.526835037,
        "access-misp-rate": 0.061768071023190325,
        "mem-taints": 0.0,
        "ipc": 1.139084514359743,
        "cycles": 47146974.6364859,
        "stalls": 30421341822.203743,
        "access-preds": 2023051.9825311091,
        "access-misps": 125130.96463821772,
        "reg-taints": 0.0,
        "insts": 53583619.82617059,
        "xmit-taints": 970050.542439129,
        "load-rate": 0.19011880524431995
    }
}