{
    "simpoint": {
        "interval": 675,
        "weight": 0.078825,
        "waypoints": [
            8395755208,
            8398351879,
            8411369247
        ],
        "name": "2"
    },
    "stats": {
        "insts": 54025110.0,
        "ipc": 0.97021,
        "cycles": 55683916.0,
        "reg-taints": 0.0,
        "mem-taints": 0.0,
        "xmit-taints": 3263134.0,
        "stalls": 41256801485,
        "access-preds": 15528233,
        "access-misps": 13689097,
        "access-misp-rate": 0.8815617977911588
    }
}