{
    "simpoint": {
        "interval": 124,
        "weight": 0.0591653,
        "waypoints": [
            2906395484,
            2911086537,
            2934542092
        ],
        "name": "3"
    },
    "stats": {
        "insts": 50000201.0,
        "ipc": 1.642999,
        "cycles": 30432277.0,
        "loads": 11358703.0,
        "load-rate": 0.22717314676395,
        "stalls": 0,
        "access-preds": 0,
        "access-misps": 0,
        "access-misp-rate": 0
    }
}