{
    "simpoint": {
        "interval": 12232,
        "weight": 0.18073,
        "waypoints": [
            175709486129,
            175711250457,
            175720075089
        ],
        "name": "2"
    },
    "stats": {
        "insts": 50000012.0,
        "ipc": 0.663745,
        "cycles": 75330122.0,
        "reg-taints": 0.0,
        "mem-taints": 0.0,
        "xmit-taints": 0.0,
        "stalls": 23042532498,
        "access-preds": 20938281,
        "access-misps": 1302614,
        "access-misp-rate": 0.06221207939658466
    }
}