{
    "simpoint": {
        "interval": 12227,
        "weight": 0.107771,
        "waypoints": [
            190884791740,
            190888375851,
            190913417170
        ],
        "name": "5"
    },
    "stats": {
        "insts": 50000014.0,
        "ipc": 1.374935,
        "cycles": 36365371.0,
        "reg-taints": 0.0,
        "mem-taints": 0.0,
        "xmit-taints": 0.0,
        "loads": 12944713.0,
        "load-rate": 0.2588941875096275,
        "stalls": 16070833315,
        "access-preds": 15828794,
        "access-misps": 891980,
        "access-misp-rate": 0.05635173469311686
    }
}