{
    "simpoint": {
        "interval": 20608,
        "weight": 0.173667,
        "waypoints": [
            164880175011,
            164881697469,
            164890126069
        ],
        "name": "6"
    },
    "stats": {
        "insts": 50000026.0,
        "ipc": 1.254321,
        "cycles": 39862210.0,
        "reg-taints": 0.0,
        "mem-taints": 0.0,
        "xmit-taints": 0.0,
        "loads": 13167941.0,
        "load-rate": 0.2633586830534848,
        "stalls": 5578253879,
        "access-preds": 15656529,
        "access-misps": 734704,
        "access-misp-rate": 0.04692636535211604
    }
}