{
    "weight": 0.99999944,
    "stats": {
        "access-preds": 22955457.918722313,
        "access-misp-rate": 0.6136148366257875,
        "ipc": 0.947642082171656,
        "access-misps": 14420864.82364104,
        "loads": 19131302.381617345,
        "load-rate": 0.382602962901429,
        "stalls": 744789166050.198,
        "reg-taints": 0.0,
        "mem-taints": 0.0,
        "xmit-taints": 0.0,
        "insts": 50013364.217571676,
        "cycles": 53796125.66064546
    }
}