{
    "simpoint": {
        "interval": 35869,
        "weight": 0.329405,
        "waypoints": [
            150576624482,
            150577557954,
            150584139355
        ],
        "name": "3"
    },
    "stats": {
        "insts": 50471577.0,
        "ipc": 0.684179,
        "cycles": 73769520.0,
        "reg-taints": 0.0,
        "mem-taints": 0.0,
        "xmit-taints": 5169478.0,
        "stalls": 218669092753,
        "access-preds": 6809778,
        "access-misps": 6809239,
        "access-misp-rate": 0.9999208491084438
    }
}