{
    "simpoint": {
        "interval": 668,
        "weight": 0.0957473,
        "waypoints": [
            15211472340,
            15216035563,
            15238938714
        ],
        "name": "0"
    },
    "stats": {
        "insts": 54721490.0,
        "ipc": 0.862939,
        "cycles": 63412959.0,
        "reg-taints": 0.0,
        "mem-taints": 0.0,
        "xmit-taints": 1662083.0,
        "loads": 13960684.0,
        "load-rate": 0.2551225121976759,
        "stalls": 9865172709,
        "access-preds": 9774512,
        "access-misps": 9303647,
        "access-misp-rate": 0.9518272625784284
    }
}