{
    "weight": 1.0000000999999998,
    "stats": {
        "insts": 50000041.13806769,
        "ipc": 1.0970583673444634,
        "cycles": 45613831.62171905,
        "reg-taints": 0.0,
        "mem-taints": 0.0,
        "xmit-taints": 0.0,
        "stalls": 2124972135.2435544,
        "access-preds": 17148271.198226083,
        "access-misps": 325759.59466034063,
        "access-misp-rate": 0.01908549049156073
    }
}