{
    "simpoint": {
        "interval": 22721,
        "weight": 0.144018,
        "waypoints": [
            288696368461,
            288698887821,
            288711572167
        ],
        "name": "8"
    },
    "stats": {
        "insts": 50000016.0,
        "ipc": 0.804608,
        "cycles": 62142088.0,
        "reg-taints": 0.0,
        "mem-taints": 0.0,
        "xmit-taints": 0.0,
        "stalls": 56520177622,
        "access-preds": 20660873,
        "access-misps": 3447962,
        "access-misp-rate": 0.1668836549162274
    }
}