{
    "simpoint": {
        "interval": 199545,
        "weight": 0.019483,
        "waypoints": [
            1060367728919,
            1060369059445,
            1060373785266
        ],
        "name": "7"
    },
    "stats": {
        "insts": 50000205.0,
        "ipc": 1.359681,
        "cycles": 36773469.0,
        "reg-taints": 0.0,
        "mem-taints": 0.0,
        "xmit-taints": 0.0,
        "loads": 34520368.0,
        "load-rate": 0.6904045293414297,
        "stalls": 4023850430,
        "access-preds": 40660000,
        "access-misps": 290124,
        "access-misp-rate": 0.00713536645351697
    }
}