{
    "simpoint": {
        "interval": 4587,
        "weight": 0.207065,
        "waypoints": [
            53795215388,
            53797694147,
            53810119551
        ],
        "name": "5"
    },
    "stats": {
        "insts": 50000094.0,
        "ipc": 1.755505,
        "cycles": 28481882.0,
        "reg-taints": 0.0,
        "mem-taints": 0.0,
        "xmit-taints": 0.0,
        "stalls": 1974221505,
        "access-preds": 10646676,
        "access-misps": 483517,
        "access-misp-rate": 0.04541483182168782
    }
}