{
    "simpoint": {
        "interval": 3354,
        "weight": 0.00322998,
        "waypoints": [
            37944203998,
            37949002768,
            37964226551
        ],
        "name": "0"
    },
    "stats": {
        "insts": 50000032.0,
        "ipc": 0.345363,
        "cycles": 144775346.0,
        "reg-taints": 0.0,
        "mem-taints": 0.0,
        "xmit-taints": 0.0,
        "stalls": 595954598,
        "access-preds": 8805717,
        "access-misps": 262384,
        "access-misp-rate": 0.02979700574070232
    }
}