{
    "simpoint": {
        "interval": 5528,
        "weight": 0.0686679,
        "waypoints": [
            44477294529,
            44479048563,
            44487798953
        ],
        "name": "2"
    },
    "stats": {
        "insts": 50000037.0,
        "ipc": 0.809471,
        "cycles": 61768767.0,
        "pub-annot-reg-rate": NaN,
        "pub-annot-load-rate": NaN,
        "pub-annot-load-count": 0.0,
        "annot-load-count": 0.0,
        "prot-regs": 59586596.0,
        "unprot-regs": 48528267.0,
        "loads": 13505918.0,
        "load-rate": 0.2701181601125615,
        "stalls": 56700601000,
        "access-preds": 0,
        "access-misps": 0,
        "access-misp-rate": 0,
        "unprot-regs-inst": 0.9705646217821798,
        "unprot-regs-rate": 0.44885842384131774
    }
}