{
    "simpoint": {
        "interval": 26923,
        "weight": 0.601173,
        "waypoints": [
            256501771573,
            256503653190,
            256513099889
        ],
        "name": "3"
    },
    "stats": {
        "insts": 50000049.0,
        "ipc": 1.014026,
        "cycles": 49308431.0,
        "reg-taints": 0.0,
        "mem-taints": 0.0,
        "xmit-taints": 25.0,
        "stalls": 183274331876,
        "access-preds": 19334661,
        "access-misps": 7970267,
        "access-misp-rate": 0.412226881040221
    }
}