{
    "stats": {
        "load-rate": {
            "arithmean": 0.2753276794466329,
            "geomean": 0.2708203529315252
        },
        "insts": {
            "arithmean": 50000073.408187635,
            "geomean": 50000073.40812257
        },
        "xmit-taints": {
            "arithmean": 0.0,
            "geomean": 0.0
        },
        "ipc": {
            "arithmean": 1.1259320768302548,
            "geomean": 1.0675542568324865
        },
        "loads": {
            "arithmean": 13766402.325582042,
            "geomean": 13541037.29712879
        },
        "reg-taints": {
            "arithmean": 0.0,
            "geomean": 0.0
        },
        "mem-taints": {
            "arithmean": 0.0,
            "geomean": 0.0
        },
        "cycles": {
            "arithmean": 51866672.12401768,
            "geomean": 49153559.77985667
        }
    }
}