{
    "simpoint": {
        "interval": 20606,
        "weight": 0.0051787,
        "waypoints": [
            279262549306,
            279266351341,
            279285361435
        ],
        "name": "1"
    },
    "stats": {
        "insts": 50000429.0,
        "ipc": 2.096316,
        "cycles": 23851567.0,
        "reg-taints": 0.0,
        "mem-taints": 0.0,
        "xmit-taints": 833453.0,
        "stalls": 191714622,
        "access-preds": 6626472,
        "access-misps": 125721,
        "access-misp-rate": 0.0189725392335469
    }
}