{
    "weight": 0.9999986999999999,
    "stats": {
        "ipc": 1.1278005988761786,
        "cycles": 44533020.62408341,
        "access-misp-rate": 0.02512955818935997,
        "insts": 50000302.307125,
        "access-misps": 375475.99944929936,
        "stalls": 286259214.92828315,
        "access-preds": 14768492.469401011,
        "reg-taints": 0.0,
        "xmit-taints": 0.0,
        "load-rate": 0.24635185789084021,
        "loads": 12317666.27592026,
        "mem-taints": 0.0
    }
}