{
    "simpoint": {
        "interval": 66874,
        "weight": 0.00421115,
        "waypoints": [
            144410234830,
            144411890979,
            144419878807
        ],
        "name": "3"
    },
    "stats": {
        "insts": 67565943.0,
        "ipc": 1.232185,
        "cycles": 54834232.0,
        "reg-taints": 0.0,
        "mem-taints": 0.0,
        "xmit-taints": 444844.0,
        "loads": 10200639.0,
        "load-rate": 0.1509730871365179,
        "stalls": 10692363271,
        "access-preds": 2413291,
        "access-misps": 2342146,
        "access-misp-rate": 0.9705195104941758
    }
}