{
    "weight": 0.9999986999999999,
    "stats": {
        "insts": 50581603.041742556,
        "access-misp-rate": 0.025836723916961058,
        "access-misps": 74261.99913749889,
        "xmit-taints": 2645798.0140492185,
        "ipc": 0.7759365110656644,
        "loads": 12507202.172941525,
        "cycles": 65614969.416495845,
        "mem-taints": 0.0,
        "load-rate": 0.2473162883693105,
        "access-preds": 2590893.2670357474,
        "reg-taints": 0.0,
        "stalls": 32876321478.318813
    }
}