{
    "simpoint": {
        "interval": 61425,
        "weight": 0.036875,
        "waypoints": [
            132525790787,
            132527433867,
            132532314934
        ],
        "name": "2"
    },
    "stats": {
        "insts": 50000208.0,
        "ipc": 1.925478,
        "cycles": 25967680.0,
        "loads": 21224216.0,
        "load-rate": 0.42448255415257474,
        "stalls": 0,
        "access-preds": 0,
        "access-misps": 0,
        "access-misp-rate": 0
    }
}