{
    "simpoint": {
        "interval": 32441,
        "weight": 0.00615222,
        "waypoints": [
            72167249964,
            72167962676,
            72170053974
        ],
        "name": "1"
    },
    "stats": {
        "insts": 50000161.0,
        "ipc": 1.921182,
        "cycles": 26025731.0,
        "reg-taints": 0.0,
        "mem-taints": 0.0,
        "xmit-taints": 0.0,
        "stalls": 3306986269,
        "access-preds": 21300866,
        "access-misps": 411841,
        "access-misp-rate": 0.019334472128973535
    }
}