{
    "weight": 1.0000004999999998,
    "stats": {
        "xmit-taints": 0.0,
        "load-rate": 0.1914992965851576,
        "ipc": 1.8489696574914716,
        "loads": 9574986.713494044,
        "access-misps": 1125008.4035683982,
        "cycles": 27297846.499162156,
        "stalls": 10530282057.270006,
        "access-preds": 11464747.034344984,
        "mem-taints": 0.0,
        "reg-taints": 0.0,
        "access-misp-rate": 0.09529826861842151,
        "insts": 50000114.15803183
    }
}