{
    "simpoint": {
        "interval": 1660,
        "weight": 0.140207,
        "waypoints": [
            30405518879,
            30409400464,
            30428813310
        ],
        "name": "2"
    },
    "stats": {
        "insts": 49999992.0,
        "ipc": 2.417001,
        "cycles": 20686789.0,
        "loads": 9844428.0,
        "load-rate": 0.19688859150217464,
        "stalls": 0,
        "access-preds": 0,
        "access-misps": 0,
        "access-misp-rate": 0
    }
}