{
    "simpoint": {
        "interval": 11028,
        "weight": 0.0924349,
        "waypoints": [
            163696277656,
            163700546483,
            163719020850
        ],
        "name": "4"
    },
    "stats": {
        "insts": 50000050.0,
        "ipc": 1.204861,
        "cycles": 41498592.0,
        "reg-taints": 0.0,
        "mem-taints": 0.0,
        "xmit-taints": 0.0,
        "stalls": 20914860077,
        "access-preds": 17401309,
        "access-misps": 1195246,
        "access-misp-rate": 0.06868713152556512
    }
}