{
    "simpoint": {
        "interval": 30,
        "weight": 0.00263042,
        "waypoints": [
            238766012,
            239981779,
            246048979
        ],
        "name": "0"
    },
    "stats": {
        "insts": 50000314.0,
        "ipc": 0.567911,
        "cycles": 88042542.0,
        "pub-annot-reg-rate": NaN,
        "pub-annot-load-rate": NaN,
        "pub-annot-load-count": 0.0,
        "annot-load-count": 0.0,
        "prot-regs": 79858063.0,
        "unprot-regs": 43476455.0,
        "stalls": 0,
        "unprot-regs-inst": 0.8695236393915446,
        "unprot-regs-rate": 0.35250841131109784
    }
}