{
    "simpoint": {
        "interval": 52123,
        "weight": 0.310505,
        "waypoints": [
            82623635599,
            82623985801,
            82625786525
        ],
        "name": "4"
    },
    "stats": {
        "insts": 50000101.0,
        "ipc": 0.901246,
        "cycles": 55478862.0,
        "reg-taints": 0.0,
        "mem-taints": 0.0,
        "xmit-taints": 2687749.0,
        "loads": 12468218.0,
        "load-rate": 0.24936385628501032,
        "stalls": 15541898691,
        "access-preds": 6324071,
        "access-misps": 333577,
        "access-misp-rate": 0.052747194014741455
    }
}