{
    "weight": 1.00000036,
    "stats": {
        "loads": 17263625.44491648,
        "xmit-taints": 19040130.83557132,
        "reg-taints": 0.0,
        "access-misp-rate": 0.8624576317329337,
        "load-rate": 0.3450742820125405,
        "mem-taints": 0.0,
        "access-preds": 4567433.77574674,
        "insts": 50029464.41493199,
        "stalls": 2148114486720.2302,
        "cycles": 114264629.6921741,
        "access-misps": 4322044.434057384,
        "ipc": 0.45529993699734256
    }
}