{
    "weight": 1.00000036,
    "stats": {
        "insts": 50397088.74100687,
        "cycles": 52066892.44478448,
        "loads": 17278719.813662164,
        "access-misps": 6005354.978858088,
        "access-misp-rate": 0.8567012665980085,
        "reg-taints": 0.0,
        "access-preds": 6692634.406442613,
        "ipc": 0.9733745875971883,
        "xmit-taints": 1424756.5344812872,
        "load-rate": 0.34289882322379783,
        "stalls": 71207762764.14058,
        "mem-taints": 0.0
    }
}