{
    "simpoint": {
        "interval": 161816,
        "weight": 0.0859769,
        "waypoints": [
            850675080390,
            850677240291,
            850688001879
        ],
        "name": "6"
    },
    "stats": {
        "insts": 50030067.0,
        "ipc": 0.928514,
        "cycles": 53881841.0,
        "reg-taints": 0.0,
        "mem-taints": 0.0,
        "xmit-taints": 1247336.0,
        "stalls": 3657553968,
        "access-preds": 4475603,
        "access-misps": 107540,
        "access-misp-rate": 0.02402804717040363
    }
}