{
    "weight": 0.9999993,
    "stats": {
        "loads": 11255900.460964723,
        "ipc": 0.5294528625136037,
        "cycles": 112333048.011373,
        "pub-annot-load-count": 0.0,
        "annot-load-count": 0.0,
        "access-preds": 0.0,
        "unprot-regs-inst": 0.4465334017284974,
        "unprot-regs": 22326694.348378543,
        "pub-annot-load-rate": 0,
        "insts": 50000062.02585212,
        "prot-regs": 97061949.07447565,
        "access-misp-rate": 0.0,
        "pub-annot-reg-rate": 0,
        "access-misps": 0.0,
        "stalls": 359629191577.08954,
        "load-rate": 0.22511776119320243,
        "unprot-regs-rate": 0.1899562071546486
    }
}