{
    "simpoint": {
        "interval": 3001,
        "weight": 0.00983381,
        "waypoints": [
            27808943613,
            27811820590,
            27826030172
        ],
        "name": "6"
    },
    "stats": {
        "insts": 50000081.0,
        "ipc": 0.674695,
        "cycles": 74107709.0,
        "reg-taints": 0.0,
        "mem-taints": 0.0,
        "xmit-taints": 0.0,
        "stalls": 63425605615,
        "access-preds": 14188318,
        "access-misps": 7207864,
        "access-misp-rate": 0.5080139872816496
    }
}