{
    "simpoint": {
        "interval": 5119,
        "weight": 0.286095,
        "waypoints": [
            46359042681,
            46361333600,
            46372788381
        ],
        "name": "9"
    },
    "stats": {
        "insts": 50103946.0,
        "ipc": 1.628715,
        "cycles": 30762872.0,
        "reg-taints": 0.0,
        "mem-taints": 0.0,
        "xmit-taints": 14996.0,
        "loads": 14582994.0,
        "load-rate": 0.29105480035444714,
        "stalls": 17089999,
        "access-preds": 1832730,
        "access-misps": 69267,
        "access-misp-rate": 0.03779443780589612
    }
}