{
    "simpoint": {
        "interval": 153810,
        "weight": 0.0128253,
        "waypoints": [
            325975616583,
            325976483786,
            325979431561
        ],
        "name": "7"
    },
    "stats": {
        "insts": 50911706.0,
        "ipc": 0.517844,
        "cycles": 98314761.0,
        "reg-taints": 0.0,
        "mem-taints": 0.0,
        "xmit-taints": 24545125.0,
        "stalls": 2937547500,
        "access-preds": 0,
        "access-misps": 0,
        "access-misp-rate": 0
    }
}