{
    "simpoint": {
        "interval": 89120,
        "weight": 0.021955,
        "waypoints": [
            190452688902,
            190453556279,
            190457771118
        ],
        "name": "5"
    },
    "stats": {
        "insts": 50000023.0,
        "ipc": 1.339163,
        "cycles": 37336782.0,
        "reg-taints": 0.0,
        "mem-taints": 0.0,
        "xmit-taints": 0.0,
        "stalls": 2529595,
        "access-preds": 16610316,
        "access-misps": 1939,
        "access-misp-rate": 0.00011673468463814897
    }
}