{
    "simpoint": {
        "interval": 14657,
        "weight": 0.0281822,
        "waypoints": [
            117385297117,
            117387029356,
            117396475012
        ],
        "name": "4"
    },
    "stats": {
        "insts": 50000024.0,
        "ipc": 0.752942,
        "cycles": 66406249.0,
        "pub-annot-reg-rate": NaN,
        "pub-annot-load-rate": NaN,
        "pub-annot-load-count": 0.0,
        "annot-load-count": 0.0,
        "prot-regs": 61876662.0,
        "unprot-regs": 50827139.0,
        "loads": 13957840.0,
        "load-rate": 0.2791566660048003,
        "stalls": 53456642500,
        "access-preds": 0,
        "access-misps": 0,
        "access-misp-rate": 0,
        "unprot-regs-inst": 1.0165422920596998,
        "unprot-regs-rate": 0.45097981211831534
    }
}