{
    "simpoint": {
        "interval": 37395,
        "weight": 0.007839,
        "waypoints": [
            364129597994,
            364131774190,
            364143481225
        ],
        "name": "5"
    },
    "stats": {
        "insts": 52370079.0,
        "ipc": 1.295807,
        "cycles": 40415037.0,
        "reg-taints": 0.0,
        "mem-taints": 0.0,
        "xmit-taints": 4449296.0,
        "loads": 15993822.0,
        "load-rate": 0.3053999975825891,
        "stalls": 23885558563,
        "access-preds": 14281356,
        "access-misps": 340342,
        "access-misp-rate": 0.023831210425676666
    }
}