{
    "simpoint": {
        "interval": 19093,
        "weight": 0.0130689,
        "waypoints": [
            442361517955,
            442366307298,
            442386152419
        ],
        "name": "3"
    },
    "stats": {
        "insts": 50000063.0,
        "ipc": 1.067668,
        "cycles": 46831086.0,
        "reg-taints": 0.0,
        "mem-taints": 0.0,
        "xmit-taints": 0.0,
        "stalls": 2327142036,
        "access-preds": 18866931,
        "access-misps": 453221,
        "access-misp-rate": 0.02402197792529161
    }
}