{
    "weight": 1.0000000999999998,
    "stats": {
        "insts": 50037500.46392156,
        "xmit-taints": 22258304.34001257,
        "loads": 14304057.575238246,
        "ipc": 0.3450758797595121,
        "access-preds": 1883816.4295697575,
        "cycles": 145047485.21256942,
        "access-misps": 1734267.4115510595,
        "load-rate": 0.2858686110708599,
        "stalls": 522987648178.5527,
        "access-misp-rate": 0.9206258116448088,
        "reg-taints": 0.0,
        "mem-taints": 0.0
    }
}