{
    "simpoint": {
        "interval": 1702,
        "weight": 0.11988,
        "waypoints": [
            19943467240,
            19945786097,
            19954634375
        ],
        "name": "2"
    },
    "stats": {
        "insts": 51880206.0,
        "ipc": 1.438165,
        "cycles": 36073895.0,
        "reg-taints": 0.0,
        "mem-taints": 0.0,
        "xmit-taints": 1262702.0,
        "stalls": 84491982421,
        "access-preds": 1212116,
        "access-misps": 1126426,
        "access-misp-rate": 0.9293054460134179
    }
}