{
    "simpoint": {
        "interval": 1702,
        "weight": 0.11988,
        "waypoints": [
            19943467240,
            19945786097,
            19954634375
        ],
        "name": "2"
    },
    "stats": {
        "insts": 50000123.0,
        "ipc": 1.668394,
        "cycles": 29969021.0,
        "reg-taints": 0.0,
        "mem-taints": 0.0,
        "xmit-taints": 0.0,
        "stalls": 29436799467,
        "access-preds": 12976967,
        "access-misps": 1701270,
        "access-misp-rate": 0.13109920060673655
    }
}