{
    "simpoint": {
        "interval": 29069,
        "weight": 0.24349,
        "waypoints": [
            679799077298,
            679803832986,
            679827701512
        ],
        "name": "5"
    },
    "stats": {
        "insts": 50000024.0,
        "ipc": 0.567351,
        "cycles": 88128876.0,
        "pub-annot-reg-rate": NaN,
        "pub-annot-load-rate": NaN,
        "pub-annot-load-count": 0.0,
        "annot-load-count": 0.0,
        "prot-regs": 85977003.0,
        "unprot-regs": 43221279.0,
        "loads": 14457615.0,
        "load-rate": 0.28915216120696263,
        "stalls": 129711317500,
        "access-preds": 0,
        "access-misps": 0,
        "access-misp-rate": 0,
        "unprot-regs-inst": 0.8644251650759207,
        "unprot-regs-rate": 0.3345344715961471
    }
}