{
    "simpoint": {
        "interval": 1499,
        "weight": 0.22881,
        "waypoints": [
            12885111241,
            12886742793,
            12895044776
        ],
        "name": "0"
    },
    "stats": {
        "insts": 50000019.0,
        "ipc": 0.929469,
        "cycles": 53794158.0,
        "reg-taints": 0.0,
        "mem-taints": 0.0,
        "xmit-taints": 0.0,
        "stalls": 12783333135,
        "access-preds": 18224886,
        "access-misps": 2262096,
        "access-misp-rate": 0.1241212702235833
    }
}