{
    "simpoint": {
        "interval": 37395,
        "weight": 0.007839,
        "waypoints": [
            364129597994,
            364131774190,
            364143481225
        ],
        "name": "5"
    },
    "stats": {
        "insts": 50000034.0,
        "ipc": 1.320096,
        "cycles": 37876060.0,
        "reg-taints": 0.0,
        "mem-taints": 0.0,
        "xmit-taints": 0.0,
        "loads": 15992108.0,
        "load-rate": 0.3198419425074791,
        "stalls": 25934142773,
        "access-preds": 19209738,
        "access-misps": 472153,
        "access-misp-rate": 0.024578836004947074
    }
}