{
    "simpoint": {
        "interval": 26494,
        "weight": 0.14016,
        "waypoints": [
            411545962080,
            411548965384,
            411564070365
        ],
        "name": "5"
    },
    "stats": {
        "insts": 50000047.0,
        "ipc": 1.292418,
        "cycles": 38687201.0,
        "loads": 12694390.0,
        "load-rate": 0.25388756134569235,
        "stalls": 0,
        "access-preds": 0,
        "access-misps": 0,
        "access-misp-rate": 0
    }
}