{
    "simpoint": {
        "interval": 77284,
        "weight": 0.168161,
        "waypoints": [
            126611404721,
            126611774514,
            126613691663
        ],
        "name": "6"
    },
    "stats": {
        "insts": 50000091.0,
        "ipc": 1.099996,
        "cycles": 45454789.0,
        "reg-taints": 0.0,
        "mem-taints": 0.0,
        "xmit-taints": 0.0,
        "stalls": 1905967910,
        "access-preds": 15521934,
        "access-misps": 539969,
        "access-misp-rate": 0.034787482023825124
    }
}