{
    "simpoint": {
        "interval": 61425,
        "weight": 0.036875,
        "waypoints": [
            132525790787,
            132527433867,
            132532314934
        ],
        "name": "2"
    },
    "stats": {
        "insts": 50000208.0,
        "ipc": 0.998327,
        "cycles": 50084002.0,
        "reg-taints": 0.0,
        "mem-taints": 0.0,
        "xmit-taints": 0.0,
        "loads": 21224216.0,
        "load-rate": 0.42448255415257474,
        "stalls": 340250610768,
        "access-preds": 26110863,
        "access-misps": 18742274,
        "access-misp-rate": 0.7177960376108595
    }
}