{
    "simpoint": {
        "interval": 41440,
        "weight": 0.14246,
        "waypoints": [
            644894324154,
            644897490433,
            644913410359
        ],
        "name": "7"
    },
    "stats": {
        "insts": 59689230.0,
        "ipc": 1.048555,
        "cycles": 56925232.0,
        "reg-taints": 0.0,
        "mem-taints": 0.0,
        "xmit-taints": 2557999.0,
        "loads": 15041379.0,
        "load-rate": 0.25199485736371535,
        "stalls": 67129759438,
        "access-preds": 3562338,
        "access-misps": 3292607,
        "access-misp-rate": 0.9242825919382158
    }
}