{
    "weight": 0.99999978,
    "stats": {
        "access-misps": 2517113.5541561316,
        "cycles": 78605184.8178094,
        "reg-taints": 0.0,
        "access-misp-rate": 0.12227463391994575,
        "loads": 17156912.62292508,
        "ipc": 0.6379200179381639,
        "access-preds": 20586250.63225681,
        "mem-taints": 0.0,
        "stalls": 200554768097.08685,
        "load-rate": 0.34313803596784054,
        "xmit-taints": 0.0,
        "insts": 50000031.775823526
    }
}