{
    "simpoint": {
        "interval": 5955,
        "weight": 0.114242,
        "waypoints": [
            47869786773,
            47871621730,
            47879731603
        ],
        "name": "3"
    },
    "stats": {
        "insts": 50031648.0,
        "ipc": 0.539084,
        "cycles": 92808563.0,
        "reg-taints": 0.0,
        "mem-taints": 0.0,
        "xmit-taints": 17299798.0,
        "loads": 12837287.0,
        "load-rate": 0.25658333301353575,
        "stalls": 1117521409162,
        "access-preds": 773418,
        "access-misps": 50396,
        "access-misp-rate": 0.0651601074709924
    }
}