{
    "simpoint": {
        "interval": 8330,
        "weight": 0.00348875,
        "waypoints": [
            102257062562,
            102260428533,
            102278767931
        ],
        "name": "2"
    },
    "stats": {
        "insts": 55147811.0,
        "ipc": 1.038735,
        "cycles": 53091307.0,
        "reg-taints": 0.0,
        "mem-taints": 0.0,
        "xmit-taints": 8734570.0,
        "stalls": 71230713521,
        "access-preds": 6829363,
        "access-misps": 6357756,
        "access-misp-rate": 0.9309442183700003
    }
}