{
    "simpoint": {
        "interval": 2681,
        "weight": 0.0726879,
        "waypoints": [
            34494281937,
            34496868891,
            34509849195
        ],
        "name": "3"
    },
    "stats": {
        "insts": 54751473.0,
        "ipc": 0.727491,
        "cycles": 75260644.0,
        "reg-taints": 0.0,
        "mem-taints": 0.0,
        "xmit-taints": 5477704.0,
        "loads": 17778411.0,
        "load-rate": 0.3247110995534312,
        "stalls": 49531758457,
        "access-preds": 12970503,
        "access-misps": 11814042,
        "access-misp-rate": 0.9108391555824782
    }
}