{
    "weight": 0.9999993,
    "stats": {
        "insts": 50000036.93705955,
        "ipc": 1.602870376027463,
        "cycles": 32037743.110956278,
        "reg-taints": 0.0,
        "mem-taints": 0.0,
        "xmit-taints": 0.0,
        "stalls": 1572882577.4519699,
        "access-preds": 15331774.172933321,
        "access-misps": 963848.6305588413,
        "access-misp-rate": 0.0626405934373909
    }
}