{
    "simpoint": {
        "interval": 45938,
        "weight": 0.0723623,
        "waypoints": [
            802661694351,
            802665613806,
            802685215602
        ],
        "name": "3"
    },
    "stats": {
        "insts": 53409507.0,
        "ipc": 0.837065,
        "cycles": 63805657.0,
        "reg-taints": 0.0,
        "mem-taints": 0.0,
        "xmit-taints": 1740831.0,
        "stalls": 86315763004,
        "access-preds": 4841405,
        "access-misps": 67852,
        "access-misp-rate": 0.014014939877989964
    }
}