{
    "simpoint": {
        "interval": 18656,
        "weight": 0.160564,
        "waypoints": [
            292245505205,
            292248594325,
            292264175237
        ],
        "name": "3"
    },
    "stats": {
        "insts": 59822880.0,
        "ipc": 1.367984,
        "cycles": 43730671.0,
        "reg-taints": 0.0,
        "mem-taints": 0.0,
        "xmit-taints": 2310131.0,
        "stalls": 16104074358,
        "access-preds": 3726923,
        "access-misps": 156218,
        "access-misp-rate": 0.0419160792965135
    }
}