{
    "simpoint": {
        "interval": 1152,
        "weight": 0.208004,
        "waypoints": [
            13462461970,
            13465116379,
            13478028862
        ],
        "name": "1"
    },
    "stats": {
        "insts": 53872220.0,
        "ipc": 2.103786,
        "cycles": 25607277.0,
        "stalls": 0
    }
}