{
    "simpoint": {
        "interval": 4201,
        "weight": 0.162721,
        "waypoints": [
            49341201658,
            49343552511,
            49354808696
        ],
        "name": "4"
    },
    "stats": {
        "insts": 52056391.0,
        "ipc": 1.205443,
        "cycles": 43184447.0,
        "reg-taints": 0.0,
        "mem-taints": 0.0,
        "xmit-taints": 1125007.0,
        "loads": 10553496.0,
        "load-rate": 0.20273199500134384,
        "stalls": 11228439973,
        "access-preds": 4445770,
        "access-misps": 3888929,
        "access-misp-rate": 0.874748131369819
    }
}