{
    "simpoint": {
        "interval": 543,
        "weight": 0.0266456,
        "waypoints": [
            10191237702,
            10192885218,
            10201210939
        ],
        "name": "0"
    },
    "stats": {
        "insts": 50000045.0,
        "ipc": 0.762085,
        "cycles": 65609576.0,
        "reg-taints": 0.0,
        "mem-taints": 0.0,
        "xmit-taints": 13763297.0,
        "loads": 12836426.0,
        "load-rate": 0.25672828894454,
        "stalls": 1240544714116,
        "access-preds": 5261361,
        "access-misps": 465743,
        "access-misp-rate": 0.08852139208847293
    }
}