{
    "weight": 0.99999978,
    "stats": {
        "loads": 17156912.76694311,
        "load-rate": 0.3431078454622984,
        "cycles": 141103007.61095148,
        "insts": 50004421.57599167,
        "xmit-taints": 18726812.148641,
        "access-preds": 3678555.8991677677,
        "access-misp-rate": 0.052573062941425226,
        "mem-taints": 0.0,
        "stalls": 556186258570.9253,
        "ipc": 0.3551563482660766,
        "reg-taints": 0.0,
        "access-misps": 193304.2549962361
    }
}