{
    "simpoint": {
        "interval": 3585,
        "weight": 0.134108,
        "waypoints": [
            33454489991,
            33456525914,
            33466700112
        ],
        "name": "2"
    },
    "stats": {
        "insts": 50000033.0,
        "ipc": 0.876676,
        "cycles": 57033677.0,
        "reg-taints": 0.0,
        "mem-taints": 0.0,
        "xmit-taints": 0.0,
        "stalls": 80508571217,
        "access-preds": 19847716,
        "access-misps": 10572547,
        "access-misp-rate": 0.5326833072379714
    }
}