{
    "weight": 0.9999993,
    "stats": {
        "load-rate": 0.2545752369581482,
        "cycles": 32397801.594658516,
        "loads": 12728771.041068928,
        "ipc": 1.5905418061648642,
        "insts": 50000036.2845213,
        "access-misp-rate": 0.0,
        "access-misps": 0.0,
        "stalls": 0.0,
        "access-preds": 0.0
    }
}