{
    "weight": 0.9999993,
    "stats": {
        "cycles": 46415332.10724128,
        "stalls": 140123521175.6021,
        "load-rate": 0.24768307869022915,
        "access-misps": 4928433.17192322,
        "ipc": 1.1857023302830312,
        "xmit-taints": 1564130.54251888,
        "loads": 13377347.268417588,
        "mem-taints": 0.0,
        "reg-taints": 0.0,
        "access-misp-rate": 0.8329238893863341,
        "insts": 54007796.98648329,
        "access-preds": 5912968.387298171
    }
}