{
    "simpoint": {
        "interval": 12232,
        "weight": 0.18073,
        "waypoints": [
            175709486129,
            175711250457,
            175720075089
        ],
        "name": "2"
    },
    "stats": {
        "insts": 50000013.0,
        "ipc": 0.663878,
        "cycles": 75315096.0,
        "reg-taints": 0.0,
        "mem-taints": 0.0,
        "xmit-taints": 0.0,
        "stalls": 22994848866,
        "access-preds": 20938283,
        "access-misps": 1300392,
        "access-misp-rate": 0.062105952049649915
    }
}