{
    "weight": 0.99999985,
    "stats": {
        "xmit-taints": 1581.5839052375857,
        "mem-taints": 0.0,
        "cycles": 194548021.65395594,
        "load-rate": 0.3028210137626477,
        "insts": 50000163.60916415,
        "stalls": 16602216276.098492,
        "access-preds": 905768.4888882734,
        "ipc": 0.2748174954614743,
        "access-misp-rate": 0.9933139570680991,
        "access-misps": 904557.4003831102,
        "reg-taints": 0.0,
        "loads": 15141100.05749756
    }
}