{
    "simpoint": {
        "interval": 3990,
        "weight": 0.00806453,
        "waypoints": [
            37060195106,
            37063528450,
            37080195198
        ],
        "name": "8"
    },
    "stats": {
        "insts": 50000054.0,
        "ipc": 0.7908,
        "cycles": 63227193.0,
        "reg-taints": 0.0,
        "mem-taints": 0.0,
        "xmit-taints": 0.0,
        "loads": 28570940.0,
        "load-rate": 0.5714181828683625,
        "stalls": 5008805,
        "access-preds": 34285246,
        "access-misps": 166,
        "access-misp-rate": 4.841732796667114e-06
    }
}