{
    "simpoint": {
        "interval": 8330,
        "weight": 0.00348875,
        "waypoints": [
            102257062562,
            102260428533,
            102278767931
        ],
        "name": "2"
    },
    "stats": {
        "insts": 50000016.0,
        "ipc": 1.618882,
        "cycles": 30885522.0,
        "reg-taints": 0.0,
        "mem-taints": 0.0,
        "xmit-taints": 0.0,
        "stalls": 1437641628,
        "access-preds": 16079710,
        "access-misps": 334502,
        "access-misp-rate": 0.02080273835784352
    }
}