{
    "simpoint": {
        "interval": 1726,
        "weight": 0.0593762,
        "waypoints": [
            20222950431,
            20223932841,
            20237556387
        ],
        "name": "3"
    },
    "stats": {
        "insts": 50000209.0,
        "ipc": 1.759339,
        "cycles": 28419885.0,
        "reg-taints": 0.0,
        "mem-taints": 0.0,
        "xmit-taints": 0.0,
        "loads": 9980516.0,
        "load-rate": 0.19960948563235006,
        "stalls": 22399171839,
        "access-preds": 12468517,
        "access-misps": 1676314,
        "access-misp-rate": 0.13444373536965143
    }
}