{
    "weight": 1.0000004999999998,
    "stats": {
        "loads": 9964796.612464996,
        "reg-taints": 0.0,
        "access-preds": 3524001.7531104237,
        "stalls": 14633228746.434671,
        "cycles": 29021212.081640266,
        "access-misp-rate": 0.08388034205445115,
        "mem-taints": 0.0,
        "insts": 51900633.6198178,
        "access-misps": 304258.6167681916,
        "xmit-taints": 710836.4446274778,
        "ipc": 1.805626636480182,
        "load-rate": 0.19213634100653476
    }
}