{
    "weight": 1.00000017,
    "stats": {
        "load-rate": 0.3581646073215202,
        "access-misps": 0.0,
        "xmit-taints": 0.0,
        "access-misp-rate": 0.0,
        "mem-taints": 0.0,
        "access-preds": 0.0,
        "ipc": 0.6841627380255145,
        "stalls": 152446766906.77576,
        "cycles": 82688757.15665253,
        "reg-taints": 0.0,
        "loads": 17908237.815466866,
        "insts": 50000020.83508944
    }
}