{
    "weight": 0.99999944,
    "stats": {
        "xmit-taints": 28913.746872738247,
        "reg-taints": 0.0,
        "ipc": 1.1878797795065565,
        "access-misps": 242079.36495611438,
        "access-misp-rate": 0.06155681534138683,
        "stalls": 83244291640.66235,
        "loads": 19263456.810715426,
        "mem-taints": 0.0,
        "insts": 50572748.79704109,
        "cycles": 43638095.25491205,
        "load-rate": 0.3810114314612454,
        "access-preds": 3882504.8325880063
    }
}