{
    "simpoint": {
        "interval": 3585,
        "weight": 0.134108,
        "waypoints": [
            33462709363,
            33464745286,
            33474919484
        ],
        "name": "2"
    },
    "stats": {
        "insts": 50000033.0,
        "ipc": 1.049856,
        "cycles": 47625614.0,
        "reg-taints": 0.0,
        "mem-taints": 0.0,
        "xmit-taints": 0.0,
        "loads": 16533099.0,
        "load-rate": 0.33066176176323725,
        "stalls": 46743197924,
        "access-preds": 19847717,
        "access-misps": 2740470,
        "access-misp-rate": 0.13807482240904584
    }
}