{
    "weight": 0.9999993,
    "stats": {
        "insts": 50000036.68190838,
        "access-preds": 15331773.904542834,
        "xmit-taints": 0.0,
        "cycles": 36592215.50127695,
        "stalls": 39189881164.66917,
        "access-misps": 1782735.948656864,
        "loads": 12728771.282792399,
        "mem-taints": 0.0,
        "access-misp-rate": 0.11649611086009168,
        "ipc": 1.4194023298929308,
        "load-rate": 0.25457523968051105,
        "reg-taints": 0.0
    }
}