{
    "weight": 0.9999996,
    "stats": {
        "xmit-taints": 20912811.526727512,
        "insts": 50004311.956795484,
        "access-preds": 2943589.920189768,
        "reg-taints": 0.0,
        "ipc": 0.49102183490793394,
        "cycles": 129661344.25942549,
        "access-misp-rate": 0.04780067640314007,
        "access-misps": 24691.77423460969,
        "loads": 18787198.715325188,
        "stalls": 2569639694323.965,
        "load-rate": 0.3756782501112855,
        "mem-taints": 0.0
    }
}