{
    "simpoint": {
        "interval": 23638,
        "weight": 0.106128,
        "waypoints": [
            36605019184,
            36605340413,
            36606980302
        ],
        "name": "2"
    },
    "stats": {
        "insts": 50663568.0,
        "ipc": 0.85089,
        "cycles": 59541881.0,
        "reg-taints": 0.0,
        "mem-taints": 0.0,
        "xmit-taints": 6439306.0,
        "loads": 12280160.0,
        "load-rate": 0.24238640278947587,
        "stalls": 14590776986,
        "access-preds": 2810752,
        "access-misps": 2759213,
        "access-misp-rate": 0.9816636259620202
    }
}