{
    "simpoint": {
        "interval": 468,
        "weight": 0.411142,
        "waypoints": [
            15629527307,
            15636206599,
            15669603252
        ],
        "name": "4"
    },
    "stats": {
        "insts": 50000203.0,
        "ipc": 3.524205,
        "cycles": 14187654.0,
        "loads": 7406675.0,
        "load-rate": 0.14813289858043177,
        "stalls": 0,
        "access-preds": 0,
        "access-misps": 0,
        "access-misp-rate": 0
    }
}