{
    "weight": 0.9999986999999999,
    "stats": {
        "reg-taints": 0.0,
        "stalls": 80226808.32443362,
        "mem-taints": 0.0,
        "load-rate": 0.2463518550485433,
        "access-misps": 280520.8797539437,
        "loads": 12317666.011395114,
        "access-misp-rate": 0.018789962735148682,
        "insts": 50000301.80903756,
        "access-preds": 14768492.158895608,
        "ipc": 1.1265591036328348,
        "xmit-taints": 0.0,
        "cycles": 44586972.16314321
    }
}