{
    "simpoint": {
        "interval": 390343,
        "weight": 0.0884425,
        "waypoints": [
            669142853456,
            669143699907,
            669148514142
        ],
        "name": "4"
    },
    "stats": {
        "insts": 50003708.0,
        "ipc": 1.533125,
        "cycles": 32615556.0,
        "loads": 19341308.0,
        "load-rate": 0.3867974750992466,
        "stalls": 0,
        "access-preds": 0,
        "access-misps": 0,
        "access-misp-rate": 0
    }
}