{
    "simpoint": {
        "interval": 11028,
        "weight": 0.0924349,
        "waypoints": [
            163696277656,
            163700546483,
            163719020850
        ],
        "name": "4"
    },
    "stats": {
        "insts": 50000054.0,
        "ipc": 1.200088,
        "cycles": 41663669.0,
        "reg-taints": 0.0,
        "mem-taints": 0.0,
        "xmit-taints": 0.0,
        "stalls": 20826433258,
        "access-preds": 17401309,
        "access-misps": 1281911,
        "access-misp-rate": 0.07366750397915467
    }
}