{
    "simpoint": {
        "interval": 9429,
        "weight": 0.225821,
        "waypoints": [
            120385812297,
            120388351334,
            120401014998
        ],
        "name": "6"
    },
    "stats": {
        "insts": 49975512.0,
        "ipc": 0.291601,
        "cycles": 171382932.0,
        "reg-taints": 0.0,
        "mem-taints": 0.0,
        "xmit-taints": 23942297.0,
        "loads": 17182909.0,
        "load-rate": 0.34382657250214865,
        "stalls": 2166786656684,
        "access-preds": 2766096,
        "access-misps": 161450,
        "access-misp-rate": 0.05836746085457627
    }
}