{
    "simpoint": {
        "interval": 9429,
        "weight": 0.225821,
        "waypoints": [
            120385812297,
            120388351334,
            120401014998
        ],
        "name": "6"
    },
    "stats": {
        "insts": 54034678.0,
        "ipc": 0.841893,
        "cycles": 64182373.0,
        "reg-taints": 0.0,
        "mem-taints": 0.0,
        "xmit-taints": 3325308.0,
        "stalls": 66510332852,
        "access-preds": 15447681,
        "access-misps": 13620981,
        "access-misp-rate": 0.8817492411967854
    }
}