{
    "weight": 1.00000017,
    "stats": {
        "cycles": 91454019.19059531,
        "loads": 21960447.012974083,
        "access-misp-rate": 0.06400164609932625,
        "load-rate": 0.3384647613530919,
        "access-preds": 7078771.562517613,
        "access-misps": 454147.3554964694,
        "stalls": 327454004564.38776,
        "xmit-taints": 3170232.7405357333,
        "ipc": 0.8103964646864209,
        "mem-taints": 0.0,
        "reg-taints": 0.0,
        "insts": 64992977.294000894
    }
}