{
    "simpoint": {
        "interval": 26923,
        "weight": 0.601173,
        "waypoints": [
            256501771573,
            256503653190,
            256513099889
        ],
        "name": "3"
    },
    "stats": {
        "insts": 50000049.0,
        "ipc": 1.900846,
        "cycles": 26304109.0,
        "reg-taints": 0.0,
        "mem-taints": 0.0,
        "xmit-taints": 0.0,
        "stalls": 10639901975,
        "access-preds": 19334663,
        "access-misps": 671549,
        "access-misp-rate": 0.03473290431801165
    }
}