{
    "simpoint": {
        "interval": 4974,
        "weight": 0.0263685,
        "waypoints": [
            7237046426,
            7237187654,
            7237682934
        ],
        "name": "1"
    },
    "stats": {
        "insts": 50318636.0,
        "ipc": 1.078475,
        "cycles": 46657220.0,
        "reg-taints": 0.0,
        "mem-taints": 0.0,
        "xmit-taints": 2442630.0,
        "loads": 12263633.0,
        "load-rate": 0.24371950384346666,
        "stalls": 8504691491,
        "access-preds": 8056354,
        "access-misps": 229428,
        "access-misp-rate": 0.028477894591027158
    }
}