{
    "simpoint": {
        "interval": 71898,
        "weight": 0.0163127,
        "waypoints": [
            154304820182,
            154305108565,
            154315679426
        ],
        "name": "4"
    },
    "stats": {
        "insts": 52344542.0,
        "ipc": 1.033775,
        "cycles": 50634357.0,
        "reg-taints": 0.0,
        "mem-taints": 0.0,
        "xmit-taints": 10445.0,
        "stalls": 55495950086,
        "access-preds": 2842742,
        "access-misps": 2402344,
        "access-misp-rate": 0.8450798559981877
    }
}