{
    "simpoint": {
        "interval": 176856,
        "weight": 0.741968,
        "waypoints": [
            374065025263,
            374065313644,
            374066756543
        ],
        "name": "8"
    },
    "stats": {
        "insts": 50000123.0,
        "ipc": 0.460709,
        "cycles": 108528718.0,
        "pub-annot-reg-rate": NaN,
        "pub-annot-load-rate": NaN,
        "pub-annot-load-count": 0.0,
        "annot-load-count": 0.0,
        "prot-regs": 68774249.0,
        "unprot-regs": 14015005.0,
        "stalls": 0,
        "access-preds": 0,
        "access-misps": 0,
        "access-misp-rate": 0,
        "unprot-regs-inst": 0.28029941046345025,
        "unprot-regs-rate": 0.1692853157005135
    }
}