{
    "weight": 1.0000008,
    "stats": {
        "cycles": 51331054.05467595,
        "access-misps": 50750.26382158894,
        "insts": 50032408.259268895,
        "stalls": 234392335679.66193,
        "mem-taints": 0.0,
        "access-misp-rate": 0.005306783261807262,
        "ipc": 1.0324199104923717,
        "loads": 22791245.441369247,
        "load-rate": 0.45564810712686216,
        "access-preds": 9671278.926158758,
        "xmit-taints": 2138330.730412916,
        "reg-taints": 0.0
    }
}