{
    "weight": 0.99999997,
    "stats": {
        "insts": 50000137.29170654,
        "ipc": 2.0014394897448144,
        "cycles": 25055476.23164413,
        "reg-taints": 0.0,
        "mem-taints": 0.0,
        "xmit-taints": 0.0,
        "stalls": 4440493544.851491,
        "access-preds": 24770551.852515776,
        "access-misps": 782113.8747255763,
        "access-misp-rate": 0.02922419335791546
    }
}