{
    "simpoint": {
        "interval": 29806,
        "weight": 0.283652,
        "waypoints": [
            543529764312,
            543533131560,
            543549661026
        ],
        "name": "2"
    },
    "stats": {
        "insts": 51978155.0,
        "ipc": 0.701825,
        "cycles": 74061410.0,
        "reg-taints": 0.0,
        "mem-taints": 0.0,
        "xmit-taints": 1848007.0,
        "stalls": 91153107912,
        "access-preds": 2124167,
        "access-misps": 176086,
        "access-misp-rate": 0.08289649542620707
    }
}