{
    "simpoint": {
        "interval": 199545,
        "weight": 0.019483,
        "waypoints": [
            1060417495333,
            1060418825859,
            1060423551680
        ],
        "name": "7"
    },
    "stats": {
        "insts": 50002414.0,
        "ipc": 1.9613,
        "cycles": 25494528.0,
        "reg-taints": 0.0,
        "mem-taints": 0.0,
        "xmit-taints": 835595.0,
        "stalls": 80477685382,
        "access-preds": 16627468,
        "access-misps": 133770,
        "access-misp-rate": 0.008045121482116219
    }
}