{
    "weight": 1.0000004999999998,
    "stats": {
        "ipc": 1.6002695179464412,
        "stalls": 76711837278.53313,
        "cycles": 34315869.77135782,
        "mem-taints": 0.0,
        "access-preds": 0.0,
        "access-misps": 0.0,
        "reg-taints": 0.0,
        "insts": 53583620.15837403,
        "access-misp-rate": 0.0,
        "xmit-taints": 970050.542439129,
        "load-rate": 0.19011880638773307,
        "loads": 10178825.639573483
    }
}