{
    "simpoint": {
        "interval": 6337,
        "weight": 0.0160066,
        "waypoints": [
            143980617389,
            143984953023,
            144006443864
        ],
        "name": "1"
    },
    "stats": {
        "insts": 50000014.0,
        "ipc": 1.051932,
        "cycles": 47531595.0,
        "reg-taints": 0.0,
        "mem-taints": 0.0,
        "xmit-taints": 0.0,
        "stalls": 2874506890,
        "access-preds": 16212447,
        "access-misps": 523729,
        "access-misp-rate": 0.03230413027718765
    }
}