{
    "simpoint": {
        "interval": 32813,
        "weight": 0.0318631,
        "waypoints": [
            319545681560,
            319548380288,
            319561805792
        ],
        "name": "4"
    },
    "stats": {
        "insts": 63189711.0,
        "ipc": 0.551601,
        "cycles": 114556899.0,
        "reg-taints": 0.0,
        "mem-taints": 0.0,
        "xmit-taints": 8746421.0,
        "loads": 18029311.0,
        "load-rate": 0.28532035856280463,
        "stalls": 120039801708,
        "access-preds": 381095,
        "access-misps": 57429,
        "access-misp-rate": 0.15069470866844226
    }
}