{
    "simpoint": {
        "interval": 23216,
        "weight": 0.183973,
        "waypoints": [
            185711373966,
            185713251653,
            185720987544
        ],
        "name": "7"
    },
    "stats": {
        "insts": 50000053.0,
        "ipc": 1.802417,
        "cycles": 27740554.0,
        "reg-taints": 0.0,
        "mem-taints": 0.0,
        "xmit-taints": 0.0,
        "stalls": 2867972704,
        "access-preds": 15221320,
        "access-misps": 302417,
        "access-misp-rate": 0.019867987796064992
    }
}