{
    "simpoint": {
        "interval": 40254,
        "weight": 0.0627946,
        "waypoints": [
            944599758658,
            944604507473,
            944628141398
        ],
        "name": "7"
    },
    "stats": {
        "insts": 50000032.0,
        "ipc": 1.062912,
        "cycles": 47040605.0,
        "reg-taints": 0.0,
        "mem-taints": 0.0,
        "xmit-taints": 0.0,
        "stalls": 2251246230,
        "access-preds": 16953804,
        "access-misps": 360973,
        "access-misp-rate": 0.021291563828389194
    }
}