{
    "simpoint": {
        "interval": 22068,
        "weight": 0.209001,
        "waypoints": [
            414029159328,
            414034740793,
            414055662685
        ],
        "name": "6"
    },
    "stats": {
        "insts": 50000168.0,
        "ipc": 0.799739,
        "cycles": 62520585.0,
        "reg-taints": 0.0,
        "mem-taints": 0.0,
        "xmit-taints": 0.0,
        "loads": 15725237.0,
        "load-rate": 0.31450368326762423,
        "stalls": 21304695088,
        "access-preds": 18698823,
        "access-misps": 572761,
        "access-misp-rate": 0.030630858423548905
    }
}