{
    "weight": 1.0000000999999998,
    "stats": {
        "access-misps": 9650371.150050886,
        "stalls": 9389614732.087835,
        "access-misp-rate": 0.9552156665164231,
        "xmit-taints": 1708115.091734891,
        "loads": 14416455.256659778,
        "cycles": 60854775.80670633,
        "ipc": 0.9018274233134579,
        "mem-taints": 0.0,
        "insts": 54851320.25828359,
        "access-preds": 10102103.229580278,
        "load-rate": 0.26282087939656074,
        "reg-taints": 0.0
    }
}