{
    "simpoint": {
        "interval": 12960,
        "weight": 0.306268,
        "waypoints": [
            165090540848,
            165093065340,
            165105724398
        ],
        "name": "7"
    },
    "stats": {
        "insts": 50000020.0,
        "ipc": 0.841685,
        "cycles": 59404638.0,
        "reg-taints": 0.0,
        "mem-taints": 0.0,
        "xmit-taints": 0.0,
        "stalls": 34808451649,
        "access-preds": 20614472,
        "access-misps": 1304061,
        "access-misp-rate": 0.0632594907111858
    }
}