{
    "simpoint": {
        "interval": 77284,
        "weight": 0.168161,
        "waypoints": [
            126611404721,
            126611774514,
            126613691663
        ],
        "name": "6"
    },
    "stats": {
        "insts": 50000091.0,
        "ipc": 1.09966,
        "cycles": 45468695.0,
        "reg-taints": 0.0,
        "mem-taints": 0.0,
        "xmit-taints": 0.0,
        "stalls": 1952020929,
        "access-preds": 15521934,
        "access-misps": 537518,
        "access-misp-rate": 0.03462957644324476
    }
}