{
    "simpoint": {
        "interval": 1702,
        "weight": 0.11988,
        "waypoints": [
            19943467626,
            19945786483,
            19954634761
        ],
        "name": "2"
    },
    "stats": {
        "insts": 51880207.0,
        "ipc": 1.855156,
        "cycles": 27965412.0,
        "loads": 11375811.0,
        "load-rate": 0.21927073267074668,
        "stalls": 0,
        "access-preds": 0,
        "access-misps": 0,
        "access-misp-rate": 0
    }
}