{
    "weight": 0.9999989000000001,
    "stats": {
        "load-rate": 0.2546917579388742,
        "ipc": 1.3475472728328002,
        "xmit-taints": 2312791.94547974,
        "access-misp-rate": 0.0371726346211779,
        "reg-taints": 0.0,
        "cycles": 44497323.8180882,
        "mem-taints": 0.0,
        "access-misps": 136265.39660493625,
        "insts": 59904131.78459665,
        "loads": 15256051.351410184,
        "stalls": 13007921372.314695,
        "access-preds": 3669426.7331985063
    }
}