{
    "simpoint": {
        "interval": 11244,
        "weight": 0.0981097,
        "waypoints": [
            255279592077,
            255284103721,
            255306639867
        ],
        "name": "2"
    },
    "stats": {
        "insts": 50000073.0,
        "ipc": 1.073768,
        "cycles": 46565057.0,
        "loads": 13581334.0,
        "load-rate": 0.2716262834256262,
        "stalls": 0,
        "access-preds": 0,
        "access-misps": 0,
        "access-misp-rate": 0
    }
}