{
    "simpoint": {
        "interval": 43679,
        "weight": 0.0669796,
        "waypoints": [
            632458534034,
            632463526372,
            632488473628
        ],
        "name": "8"
    },
    "stats": {
        "insts": 50000020.0,
        "ipc": 0.247853,
        "cycles": 201732585.0,
        "pub-annot-reg-rate": NaN,
        "pub-annot-load-rate": NaN,
        "pub-annot-load-count": 0.0,
        "annot-load-count": 0.0,
        "prot-regs": 84409639.0,
        "unprot-regs": 21703917.0,
        "loads": 21916786.0,
        "load-rate": 0.4383355446657821,
        "stalls": 250066478500,
        "access-preds": 0,
        "access-misps": 0,
        "access-misp-rate": 0,
        "unprot-regs-inst": 0.4340781663687335,
        "unprot-regs-rate": 0.2045348192835984
    }
}