{
    "simpoint": {
        "interval": 22480,
        "weight": 0.0592294,
        "waypoints": [
            351078840256,
            351081724897,
            351096183670
        ],
        "name": "4"
    },
    "stats": {
        "insts": 50000027.0,
        "ipc": 0.541783,
        "cycles": 92287968.0,
        "pub-annot-reg-rate": NaN,
        "pub-annot-load-rate": NaN,
        "pub-annot-load-count": 0.0,
        "annot-load-count": 0.0,
        "prot-regs": 100517219.0,
        "unprot-regs": 32008059.0,
        "loads": 12988216.0,
        "load-rate": 0.25976417972734295,
        "stalls": 399983312000,
        "access-preds": 0,
        "access-misps": 0,
        "access-misp-rate": 0,
        "unprot-regs-inst": 0.6401608343131495,
        "unprot-regs-rate": 0.24152417925884298
    }
}