{
    "simpoint": {
        "interval": 255304,
        "weight": 0.103988,
        "waypoints": [
            3579939048000,
            3579941972265,
            3579956590508
        ],
        "name": "6"
    },
    "stats": {
        "insts": 50000061.0,
        "ipc": 0.82083,
        "cycles": 60914005.0,
        "pub-annot-reg-rate": NaN,
        "pub-annot-load-rate": NaN,
        "pub-annot-load-count": 0.0,
        "annot-load-count": 0.0,
        "prot-regs": 75653030.0,
        "unprot-regs": 21291177.0,
        "loads": 16384717.0,
        "load-rate": 0.32769394021339293,
        "stalls": 444308355500,
        "access-preds": 0,
        "access-misps": 0,
        "access-misp-rate": 0,
        "unprot-regs-inst": 0.425823020495915,
        "unprot-regs-rate": 0.2196229940794709
    }
}