{
    "simpoint": {
        "interval": 43679,
        "weight": 0.0669796,
        "waypoints": [
            632458534034,
            632463526372,
            632488473628
        ],
        "name": "8"
    },
    "stats": {
        "insts": 52965916.0,
        "ipc": 0.28732,
        "cycles": 184344849.0,
        "reg-taints": 0.0,
        "mem-taints": 0.0,
        "xmit-taints": 2985686.0,
        "loads": 21917160.0,
        "load-rate": 0.4137974315406912,
        "stalls": 214646082500,
        "access-preds": 11494757,
        "access-misps": 165016,
        "access-misp-rate": 0.014355762370618187
    }
}