{
    "weight": 0.999999552,
    "stats": {
        "insts": 50000039.9144921,
        "ipc": 1.622501496070142,
        "cycles": 34189700.3344447,
        "reg-taints": 0.0,
        "mem-taints": 0.0,
        "xmit-taints": 0.0,
        "stalls": 17708270412.652416,
        "access-preds": 18763088.743673477,
        "access-misps": 879924.4078761147,
        "access-misp-rate": 0.046844491722391
    }
}