{
    "simpoint": {
        "interval": 14657,
        "weight": 0.0281822,
        "waypoints": [
            117358724121,
            117360455473,
            117369890398
        ],
        "name": "4"
    },
    "stats": {
        "insts": 50000024.0,
        "ipc": 0.621222,
        "cycles": 80486535.0,
        "reg-taints": 0.0,
        "mem-taints": 0.0,
        "xmit-taints": 0.0,
        "stalls": 207824431658,
        "access-preds": 16642256,
        "access-misps": 1820592,
        "access-misp-rate": 0.10939574538451999
    }
}