{
    "weight": 0.99999978,
    "stats": {
        "mem-taints": 0.0,
        "load-rate": 0.3431380415662003,
        "stalls": 60362899632.617905,
        "access-misps": 3491207.371292082,
        "cycles": 62482731.767981656,
        "insts": 50000032.5519285,
        "xmit-taints": 0.0,
        "ipc": 0.8020076603767953,
        "reg-taints": 0.0,
        "access-preds": 20586251.24786454,
        "access-misp-rate": 0.16936723486357477,
        "loads": 17156913.169659797
    }
}