{
    "weight": 1.0000004999999998,
    "stats": {
        "insts": 53583620.15837403,
        "ipc": 1.6045994964084522,
        "cycles": 34208782.753078826,
        "reg-taints": 0.0,
        "mem-taints": 0.0,
        "xmit-taints": 913887.0073446963,
        "stalls": 76904692707.25957,
        "access-preds": 2023052.398538901,
        "access-misps": 138055.04193137903,
        "access-misp-rate": 0.06687842345488468
    }
}