{
    "simpoint": {
        "interval": 675,
        "weight": 0.078825,
        "waypoints": [
            8395669732,
            8398266403,
            8411283771
        ],
        "name": "2"
    },
    "stats": {
        "insts": 54025107.0,
        "ipc": 0.781451,
        "cycles": 69134328.0,
        "reg-taints": 0.0,
        "mem-taints": 0.0,
        "xmit-taints": 3263134.0,
        "loads": 17265965.0,
        "load-rate": 0.3195915003000364,
        "stalls": 43644969395,
        "access-preds": 15528233,
        "access-misps": 1124860,
        "access-misp-rate": 0.07243966522140671
    }
}