{
    "weight": 1.0000004999999998,
    "stats": {
        "insts": 53583620.30268096,
        "ipc": 1.6481092799968602,
        "cycles": 33231059.56305212,
        "reg-taints": 0.0,
        "mem-taints": 0.0,
        "xmit-taints": 913887.0073446963,
        "stalls": 66593867748.92807,
        "access-preds": 2023052.398538901,
        "access-misps": 112541.06187846909,
        "access-misp-rate": 0.054769708653974736
    }
}