{
    "weight": 1.0000000999999998,
    "stats": {
        "insts": 50000040.36839107,
        "ipc": 1.096769120299988,
        "cycles": 45626545.1061165,
        "reg-taints": 0.0,
        "mem-taints": 0.0,
        "xmit-taints": 0.0,
        "stalls": 2228998475.245348,
        "access-preds": 17148270.954736106,
        "access-misps": 344429.6830718317,
        "access-misp-rate": 0.020171871687745473
    }
}