{
    "simpoint": {
        "interval": 10502,
        "weight": 0.0649377,
        "waypoints": [
            151694490622,
            151698270238,
            151719385844
        ],
        "name": "3"
    },
    "stats": {
        "insts": 52969832.0,
        "ipc": 0.878907,
        "cycles": 60267827.0,
        "reg-taints": 0.0,
        "mem-taints": 0.0,
        "xmit-taints": 10961709.0,
        "stalls": 18349935391,
        "access-preds": 4768825,
        "access-misps": 3113328,
        "access-misp-rate": 0.6528501255550372
    }
}