{
    "simpoint": {
        "interval": 9429,
        "weight": 0.225821,
        "waypoints": [
            120385812297,
            120388351334,
            120401014998
        ],
        "name": "6"
    },
    "stats": {
        "insts": 50000045.0,
        "ipc": 0.341265,
        "cycles": 146513851.0,
        "pub-annot-reg-rate": NaN,
        "pub-annot-load-rate": NaN,
        "pub-annot-load-count": 0.0,
        "annot-load-count": 0.0,
        "prot-regs": 60048417.0,
        "unprot-regs": 43720954.0,
        "stalls": 0,
        "unprot-regs-inst": 0.8744182930235362,
        "unprot-regs-rate": 0.4213281200287896
    }
}