{
    "simpoint": {
        "interval": 22068,
        "weight": 0.209001,
        "waypoints": [
            414029084479,
            414034665944,
            414055587832
        ],
        "name": "6"
    },
    "stats": {
        "insts": 50000162.0,
        "ipc": 0.413017,
        "cycles": 121060710.0,
        "pub-annot-reg-rate": NaN,
        "pub-annot-load-rate": NaN,
        "pub-annot-load-count": 0.0,
        "annot-load-count": 0.0,
        "prot-regs": 81110777.0,
        "unprot-regs": 43129401.0,
        "loads": 15725236.0,
        "load-rate": 0.31450370100800873,
        "stalls": 584726718000,
        "access-preds": 0,
        "access-misps": 0,
        "access-misp-rate": 0,
        "unprot-regs-inst": 0.8625852252238703,
        "unprot-regs-rate": 0.3471453574382355
    }
}