{
    "weight": 1.00000015,
    "stats": {
        "reg-taints": 0.0,
        "insts": 50000049.563000165,
        "loads": 14304409.577269316,
        "access-misp-rate": 0.04532310375870862,
        "access-preds": 17204941.10152444,
        "xmit-taints": 0.0,
        "mem-taints": 0.0,
        "access-misps": 777997.6182524572,
        "stalls": 49825106584.85203,
        "load-rate": 0.2860878897619667,
        "ipc": 1.044070453737432,
        "cycles": 51203441.993764654
    }
}