{
    "weight": 1.00000017,
    "stats": {
        "insts": 50000021.55877848,
        "ipc": 0.38318487217488173,
        "cycles": 144292696.20050952,
        "reg-taints": 0.0,
        "mem-taints": 0.0,
        "xmit-taints": 21242381.952245377,
        "stalls": 31483906413.769413,
        "access-preds": 1003874.9769109536,
        "access-misps": 987805.287498291,
        "access-misp-rate": 0.9292787599506088
    }
}