{
    "weight": 1.00000017,
    "stats": {
        "insts": 50000021.61207169,
        "ipc": 0.39399225651104625,
        "cycles": 144221958.24806482,
        "pub-annot-reg-rate": 0,
        "pub-annot-load-rate": 0,
        "pub-annot-load-count": 0.0,
        "annot-load-count": 0.0,
        "prot-regs": 78743052.90625088,
        "unprot-regs": 23291958.459426776,
        "stalls": 0.0,
        "access-preds": 0.0,
        "access-misps": 0.0,
        "access-misp-rate": 0.0,
        "unprot-regs-inst": 0.4658389703214768,
        "unprot-regs-rate": 0.2276888993027742
    }
}