{
    "simpoint": {
        "interval": 52123,
        "weight": 0.310505,
        "waypoints": [
            82623633671,
            82623983873,
            82625784597
        ],
        "name": "4"
    },
    "stats": {
        "insts": 50000101.0,
        "ipc": 0.94108,
        "cycles": 53130563.0,
        "reg-taints": 0.0,
        "mem-taints": 0.0,
        "xmit-taints": 2687749.0,
        "stalls": 1411864861,
        "access-preds": 6324071,
        "access-misps": 320645,
        "access-misp-rate": 0.05070230868692018
    }
}