{
    "weight": 1.0000005280000002,
    "stats": {
        "annot-load-count": 0.0,
        "pub-annot-load-rate": 0,
        "unprot-regs": 27395034.888303578,
        "loads": 6126249.612094818,
        "access-misps": 0.0,
        "unprot-regs-rate": 0.22967288108639555,
        "pub-annot-reg-rate": 0,
        "access-misp-rate": 0.0,
        "pub-annot-load-count": 0.0,
        "load-rate": 0.12252435640983173,
        "unprot-regs-inst": 0.5478979883363091,
        "prot-regs": 92132726.29965109,
        "stalls": 515382762569.41174,
        "access-preds": 0.0,
        "cycles": 59995190.63129136,
        "ipc": 0.8694647427241937,
        "insts": 50000269.11459585
    }
}