{
    "weight": 0.9999989000000001,
    "stats": {
        "insts": 55245120.98710988,
        "ipc": 1.127344484585533,
        "cycles": 49008991.4607776,
        "reg-taints": 0.0,
        "mem-taints": 0.0,
        "xmit-taints": 1883259.2753819025,
        "stalls": 1166552316.7886765,
        "access-preds": 7350679.88364467,
        "access-misps": 498419.45494800044,
        "access-misp-rate": 0.06781479668097941
    }
}