{
    "simpoint": {
        "interval": 14657,
        "weight": 0.0281822,
        "waypoints": [
            117385297117,
            117387029356,
            117396475012
        ],
        "name": "4"
    },
    "stats": {
        "insts": 50000024.0,
        "ipc": 1.182358,
        "cycles": 42288393.0,
        "reg-taints": 0.0,
        "mem-taints": 0.0,
        "xmit-taints": 0.0,
        "loads": 13957840.0,
        "load-rate": 0.2791566660048003,
        "stalls": 3237964574,
        "access-preds": 16642256,
        "access-misps": 1294983,
        "access-misp-rate": 0.07781294795609442
    }
}