{
    "simpoint": {
        "interval": 32813,
        "weight": 0.0318631,
        "waypoints": [
            319537462116,
            319540160844,
            319553586348
        ],
        "name": "4"
    },
    "stats": {
        "insts": 50000033.0,
        "ipc": 0.469977,
        "cycles": 106388330.0,
        "reg-taints": 0.0,
        "mem-taints": 0.0,
        "xmit-taints": 0.0,
        "stalls": 110014792656,
        "access-preds": 21601619,
        "access-misps": 5933246,
        "access-misp-rate": 0.27466672752630256
    }
}