{
    "simpoint": {
        "interval": 22068,
        "weight": 0.209001,
        "waypoints": [
            414029084479,
            414034665944,
            414055587832
        ],
        "name": "6"
    },
    "stats": {
        "insts": 54443294.0,
        "ipc": 1.063151,
        "cycles": 51209369.0,
        "reg-taints": 0.0,
        "mem-taints": 0.0,
        "xmit-taints": 7323935.0,
        "loads": 16718897.0,
        "load-rate": 0.307088270595824,
        "stalls": 30500790046,
        "access-preds": 7716642,
        "access-misps": 795588,
        "access-misp-rate": 0.10310028636808602
    }
}