{
    "weight": 1.0000005280000002,
    "stats": {
        "loads": 6157708.917554996,
        "xmit-taints": 2142518.035267055,
        "load-rate": 0.12243244537894163,
        "mem-taints": 0.0,
        "access-misp-rate": 0.14627971821783048,
        "cycles": 43654903.43706578,
        "access-preds": 6660872.694047715,
        "reg-taints": 0.0,
        "stalls": 347731548555.2958,
        "ipc": 1.1659848816453262,
        "insts": 50172463.45151411,
        "access-misps": 1303799.63230004
    }
}