{
    "simpoint": {
        "interval": 1499,
        "weight": 0.22881,
        "waypoints": [
            12885111241,
            12886742793,
            12895044776
        ],
        "name": "0"
    },
    "stats": {
        "insts": 50000019.0,
        "ipc": 0.722821,
        "cycles": 69173493.0,
        "reg-taints": 0.0,
        "mem-taints": 0.0,
        "xmit-taints": 0.0,
        "loads": 15186310.0,
        "load-rate": 0.30372608458408784,
        "stalls": 35910509932,
        "access-preds": 18224886,
        "access-misps": 1199609,
        "access-misp-rate": 0.0658225790822505
    }
}