{
    "simpoint": {
        "interval": 1726,
        "weight": 0.0593762,
        "waypoints": [
            20222950431,
            20223932841,
            20237556387
        ],
        "name": "3"
    },
    "stats": {
        "insts": 53284293.0,
        "ipc": 1.343308,
        "cycles": 39666484.0,
        "reg-taints": 0.0,
        "mem-taints": 0.0,
        "xmit-taints": 1406493.0,
        "loads": 10636148.0,
        "load-rate": 0.19961131885525815,
        "stalls": 36029272131,
        "access-preds": 1389593,
        "access-misps": 1281876,
        "access-misp-rate": 0.9224830579889219
    }
}