{
    "weight": 0.999999552,
    "stats": {
        "insts": 50000039.7811447,
        "ipc": 1.6231460987555923,
        "cycles": 34173250.96454394,
        "reg-taints": 0.0,
        "mem-taints": 0.0,
        "xmit-taints": 0.0,
        "stalls": 17743723446.67318,
        "access-preds": 18763088.74392703,
        "access-misps": 861989.6350619486,
        "access-misp-rate": 0.04575827271598565
    }
}