{
    "simpoint": {
        "interval": 242165,
        "weight": 0.00068814,
        "waypoints": [
            3006022118173,
            3006023067163,
            3006030888758
        ],
        "name": "3"
    },
    "stats": {
        "insts": 50094526.0,
        "ipc": 1.751088,
        "cycles": 28607657.0,
        "reg-taints": 0.0,
        "mem-taints": 0.0,
        "xmit-taints": 601272.0,
        "loads": 3506196.0,
        "load-rate": 0.06999159948134852,
        "stalls": 543973000,
        "access-preds": 0,
        "access-misps": 0,
        "access-misp-rate": 0
    }
}