{
    "weight": 0.9999993,
    "stats": {
        "insts": 54007797.100725375,
        "ipc": 1.344197951872466,
        "cycles": 40979477.98502709,
        "reg-taints": 0.0,
        "mem-taints": 0.0,
        "xmit-taints": 1564130.54251888,
        "stalls": 66176407993.471886,
        "access-preds": 5912968.387298171,
        "access-misps": 762333.6246027373,
        "access-misp-rate": 0.12652502051804712
    }
}