{
    "simpoint": {
        "interval": 76,
        "weight": 0.00188513,
        "waypoints": [
            669958016,
            672327432,
            684169103
        ],
        "name": "1"
    },
    "stats": {
        "insts": 50000189.0,
        "ipc": 1.021103,
        "cycles": 48966832.0,
        "reg-taints": 0.0,
        "mem-taints": 0.0,
        "xmit-taints": 0.0,
        "stalls": 31815892699,
        "access-preds": 19864658,
        "access-misps": 1885968,
        "access-misp-rate": 0.09494087439109196
    }
}