{
    "simpoint": {
        "interval": 23638,
        "weight": 0.106128,
        "waypoints": [
            36605018398,
            36605339627,
            36606979516
        ],
        "name": "2"
    },
    "stats": {
        "insts": 50663568.0,
        "ipc": 0.814832,
        "cycles": 62176711.0,
        "reg-taints": 0.0,
        "mem-taints": 0.0,
        "xmit-taints": 2300913.0,
        "stalls": 22171528080,
        "access-preds": 2810752,
        "access-misps": 11345,
        "access-misp-rate": 0.004036286374607223
    }
}