{
    "weight": 0.9999998999999999,
    "stats": {
        "access-misp-rate": 0.0,
        "loads": 9386292.446037844,
        "access-preds": 0.0,
        "stalls": 0.0,
        "cycles": 21068972.875194687,
        "access-misps": 0.0,
        "insts": 50000143.17524092,
        "ipc": 2.3738455663935567,
        "load-rate": 0.1877253732542401
    }
}