{
    "simpoint": {
        "interval": 14657,
        "weight": 0.0281822,
        "waypoints": [
            117385297117,
            117387029356,
            117396475012
        ],
        "name": "4"
    },
    "stats": {
        "insts": 54109806.0,
        "ipc": 1.007777,
        "cycles": 53692261.0,
        "reg-taints": 0.0,
        "mem-taints": 0.0,
        "xmit-taints": 1818899.0,
        "loads": 14624437.0,
        "load-rate": 0.27027332162307144,
        "stalls": 28416359315,
        "access-preds": 7949203,
        "access-misps": 1485374,
        "access-misp-rate": 0.18685822968667426
    }
}