{
    "simpoint": {
        "interval": 49730,
        "weight": 0.258708,
        "waypoints": [
            860337066069,
            860340097422,
            860354801929
        ],
        "name": "4"
    },
    "stats": {
        "insts": 51490982.0,
        "ipc": 0.642698,
        "cycles": 80116965.0,
        "reg-taints": 0.0,
        "mem-taints": 0.0,
        "xmit-taints": 909002.0,
        "loads": 12440920.0,
        "load-rate": 0.24161357031411831,
        "stalls": 183817339218,
        "access-preds": 1625304,
        "access-misps": 574567,
        "access-misp-rate": 0.35351355807898094
    }
}