{
    "simpoint": {
        "interval": 30,
        "weight": 0.00263042,
        "waypoints": [
            238766012,
            239981779,
            246048979
        ],
        "name": "0"
    },
    "stats": {
        "insts": 50000316.0,
        "ipc": 1.371718,
        "cycles": 36450861.0,
        "reg-taints": 0.0,
        "mem-taints": 0.0,
        "xmit-taints": 0.0,
        "stalls": 3521020702
    }
}