{
    "simpoint": {
        "interval": 88330,
        "weight": 0.0564765,
        "waypoints": [
            1473827797215,
            1473829575800,
            1473836076492
        ],
        "name": "6"
    },
    "stats": {
        "insts": 52208498.0,
        "ipc": 1.199082,
        "cycles": 43540375.0,
        "reg-taints": 0.0,
        "mem-taints": 0.0,
        "xmit-taints": 1982396.0,
        "loads": 7262843.0,
        "load-rate": 0.1391122763194605,
        "stalls": 5140896705,
        "access-preds": 436075,
        "access-misps": 2908,
        "access-misp-rate": 0.006668577652926676
    }
}