{
    "simpoint": {
        "interval": 45938,
        "weight": 0.0723623,
        "waypoints": [
            802661694351,
            802665613806,
            802685215602
        ],
        "name": "3"
    },
    "stats": {
        "insts": 50000081.0,
        "ipc": 1.163344,
        "cycles": 42979612.0,
        "reg-taints": 0.0,
        "mem-taints": 0.0,
        "xmit-taints": 0.0,
        "stalls": 20670002155,
        "access-preds": 15846704,
        "access-misps": 1483321,
        "access-misp-rate": 0.09360438612344876
    }
}