{
    "simpoint": {
        "interval": 43791,
        "weight": 0.226075,
        "waypoints": [
            68311094028,
            68311427409,
            68313052510
        ],
        "name": "3"
    },
    "stats": {
        "insts": 50000281.0,
        "ipc": 1.102107,
        "cycles": 45367901.0,
        "reg-taints": 0.0,
        "mem-taints": 0.0,
        "xmit-taints": 0.0,
        "stalls": 148187607,
        "access-preds": 14395548,
        "access-misps": 212852,
        "access-misp-rate": 0.014785960214922003
    }
}