{
    "simpoint": {
        "interval": 255304,
        "weight": 0.103988,
        "waypoints": [
            3579939050060,
            3579941974325,
            3579956592568
        ],
        "name": "6"
    },
    "stats": {
        "insts": 50000062.0,
        "ipc": 2.032414,
        "cycles": 24601313.0,
        "reg-taints": 0.0,
        "mem-taints": 0.0,
        "xmit-taints": 1329979.0,
        "stalls": 504830746,
        "access-preds": 11701911,
        "access-misps": 174372,
        "access-misp-rate": 0.014901155888128017
    }
}