{
    "simpoint": {
        "interval": 2591,
        "weight": 0.116781,
        "waypoints": [
            3821921351,
            3822241817,
            3823665734
        ],
        "name": "0"
    },
    "stats": {
        "insts": 50000107.0,
        "ipc": 1.166754,
        "cycles": 42854028.0,
        "reg-taints": 0.0,
        "mem-taints": 0.0,
        "xmit-taints": 0.0,
        "stalls": 198190585,
        "access-preds": 14360028,
        "access-misps": 65326,
        "access-misp-rate": 0.00454915547518431
    }
}