{
    "simpoint": {
        "interval": 11810,
        "weight": 0.113973,
        "waypoints": [
            35823412255,
            35823556288,
            35826972593
        ],
        "name": "1"
    },
    "stats": {
        "insts": 50012275.0,
        "ipc": 1.033075,
        "cycles": 48411065.0,
        "reg-taints": 0.0,
        "mem-taints": 0.0,
        "xmit-taints": 1163270.0,
        "loads": 17767119.0,
        "load-rate": 0.35525516485702757,
        "stalls": 120948574447,
        "access-preds": 5963899,
        "access-misps": 4986775,
        "access-misp-rate": 0.8361602032495855
    }
}