{
    "simpoint": {
        "interval": 20608,
        "weight": 0.173667,
        "waypoints": [
            164880175011,
            164881697469,
            164890126069
        ],
        "name": "6"
    },
    "stats": {
        "insts": 54152888.0,
        "ipc": 1.11233,
        "cycles": 48684212.0,
        "reg-taints": 0.0,
        "mem-taints": 0.0,
        "xmit-taints": 1649015.0,
        "stalls": 49745503693,
        "access-preds": 6445603,
        "access-misps": 408502,
        "access-misp-rate": 0.06337684775187054
    }
}