{
    "simpoint": {
        "interval": 23485,
        "weight": 0.196342,
        "waypoints": [
            446431669982,
            446437281494,
            446460005165
        ],
        "name": "7"
    },
    "stats": {
        "insts": 50000017.0,
        "ipc": 0.734637,
        "cycles": 68060865.0,
        "reg-taints": 0.0,
        "mem-taints": 0.0,
        "xmit-taints": 0.0,
        "loads": 14583621.0,
        "load-rate": 0.2916723208314109,
        "stalls": 24815036057,
        "access-preds": 17290370,
        "access-misps": 10040691,
        "access-misp-rate": 0.5807100137244027
    }
}