{
    "simpoint": {
        "interval": 4974,
        "weight": 0.0263685,
        "waypoints": [
            7237046426,
            7237187654,
            7237682934
        ],
        "name": "1"
    },
    "stats": {
        "insts": 50318635.0,
        "ipc": 1.061632,
        "cycles": 47397426.0,
        "reg-taints": 0.0,
        "mem-taints": 0.0,
        "xmit-taints": 2442630.0,
        "stalls": 7007085756,
        "access-preds": 8056353,
        "access-misps": 7422191,
        "access-misp-rate": 0.9212842336973069
    }
}