{
    "simpoint": {
        "interval": 56756,
        "weight": 0.0459802,
        "waypoints": [
            90612428953,
            90612646021,
            90613692640
        ],
        "name": "5"
    },
    "stats": {
        "insts": 50002006.0,
        "ipc": 0.877513,
        "cycles": 56981484.0,
        "pub-annot-reg-rate": NaN,
        "pub-annot-load-rate": NaN,
        "pub-annot-load-count": 0.0,
        "annot-load-count": 0.0,
        "prot-regs": 89247217.0,
        "unprot-regs": 42727720.0,
        "loads": 11983334.0,
        "load-rate": 0.23965706495855385,
        "stalls": 30372811000,
        "access-preds": 0,
        "access-misps": 0,
        "access-misp-rate": 0,
        "unprot-regs-inst": 0.8545201166529199,
        "unprot-regs-rate": 0.3237563204898518
    }
}