{
    "simpoint": {
        "interval": 1499,
        "weight": 0.22881,
        "waypoints": [
            12885111241,
            12886742793,
            12895044776
        ],
        "name": "0"
    },
    "stats": {
        "insts": 52424919.0,
        "ipc": 0.661781,
        "cycles": 79217910.0,
        "reg-taints": 0.0,
        "mem-taints": 0.0,
        "xmit-taints": 11063313.0,
        "loads": 15481070.0,
        "load-rate": 0.2952998363240199,
        "stalls": 38686051102,
        "access-preds": 4278588,
        "access-misps": 2808676,
        "access-misp-rate": 0.6564492771914473
    }
}