{
    "simpoint": {
        "interval": 454408,
        "weight": 0.000704738,
        "waypoints": [
            7210576966063,
            7210580967926,
            7210600515821
        ],
        "name": "4"
    },
    "stats": {
        "insts": 50038186.0,
        "ipc": 0.863722,
        "cycles": 57933236.0,
        "reg-taints": 0.0,
        "mem-taints": 0.0,
        "xmit-taints": 13579857.0,
        "loads": 5527773.0,
        "load-rate": 0.11047109101836745,
        "stalls": 519005161982,
        "access-preds": 6662,
        "access-misps": 175,
        "access-misp-rate": 0.026268387871510056
    }
}