{
    "simpoint": {
        "interval": 88958,
        "weight": 0.101931,
        "waypoints": [
            265265802323,
            265266959361,
            265272676723
        ],
        "name": "5"
    },
    "stats": {
        "insts": 50000186.0,
        "ipc": 1.851139,
        "cycles": 27010500.0,
        "reg-taints": 0.0,
        "mem-taints": 0.0,
        "xmit-taints": 0.0,
        "loads": 16941589.0,
        "load-rate": 0.3388305195504673,
        "stalls": 2820241971,
        "access-preds": 20435279,
        "access-misps": 320435,
        "access-misp-rate": 0.015680480799895122
    }
}