{
    "simpoint": {
        "interval": 185508,
        "weight": 0.286981,
        "waypoints": [
            2555555367957,
            2555557178299,
            2555566230343
        ],
        "name": "5"
    },
    "stats": {
        "insts": 50000081.0,
        "ipc": 1.255679,
        "cycles": 39819144.0,
        "loads": 17074547.0,
        "load-rate": 0.3414903867855734,
        "stalls": 0,
        "access-preds": 0,
        "access-misps": 0,
        "access-misp-rate": 0
    }
}