{
    "simpoint": {
        "interval": 108130,
        "weight": 0.0553263,
        "waypoints": [
            229978831386,
            229980724396,
            229983123467
        ],
        "name": "6"
    },
    "stats": {
        "insts": 50000341.0,
        "ipc": 1.491507,
        "cycles": 33523362.0,
        "reg-taints": 0.0,
        "mem-taints": 0.0,
        "xmit-taints": 0.0,
        "stalls": 67894853534,
        "access-preds": 15264090,
        "access-misps": 13584317,
        "access-misp-rate": 0.8899526273757558
    }
}