{
    "simpoint": {
        "interval": 5955,
        "weight": 0.114242,
        "waypoints": [
            47879211692,
            47881048665,
            47889161106
        ],
        "name": "3"
    },
    "stats": {
        "insts": 50000029.0,
        "ipc": 1.048502,
        "cycles": 47687121.0,
        "pub-annot-reg-rate": NaN,
        "pub-annot-load-rate": NaN,
        "pub-annot-load-count": 0.0,
        "annot-load-count": 0.0,
        "prot-regs": 52271185.0,
        "unprot-regs": 50410360.0,
        "loads": 12837287.0,
        "load-rate": 0.2567455910875572,
        "stalls": 62282484000,
        "access-preds": 0,
        "access-misps": 0,
        "access-misp-rate": 0,
        "unprot-regs-inst": 1.0082066152401632,
        "unprot-regs-rate": 0.49093885371514423
    }
}