{
    "simpoint": {
        "interval": 18656,
        "weight": 0.160564,
        "waypoints": [
            292245499067,
            292248588187,
            292264169099
        ],
        "name": "3"
    },
    "stats": {
        "insts": 50000023.0,
        "ipc": 1.465576,
        "cycles": 34116305.0,
        "loads": 12603246.0,
        "load-rate": 0.25206480405019016,
        "stalls": 0,
        "access-preds": 0,
        "access-misps": 0,
        "access-misp-rate": 0
    }
}