{
    "weight": 1.00000015,
    "stats": {
        "load-rate": 0.28608788946326486,
        "reg-taints": 0.0,
        "stalls": 48195683104.66474,
        "access-misp-rate": 0.603654003479877,
        "insts": 50000049.28569551,
        "access-misps": 10392729.370478995,
        "cycles": 50943022.6955105,
        "xmit-taints": 0.0,
        "ipc": 1.0538291266802313,
        "mem-taints": 0.0,
        "access-preds": 17204941.10152444,
        "loads": 14304409.484834429
    }
}