{
    "simpoint": {
        "interval": 22068,
        "weight": 0.209001,
        "waypoints": [
            414029159328,
            414034740793,
            414055662685
        ],
        "name": "6"
    },
    "stats": {
        "insts": 54443290.0,
        "ipc": 0.765467,
        "cycles": 71124246.0,
        "reg-taints": 0.0,
        "mem-taints": 0.0,
        "xmit-taints": 7318891.0,
        "stalls": 34221935458,
        "access-preds": 7716641,
        "access-misps": 4324331,
        "access-misp-rate": 0.5603903304559588
    }
}