{
    "simpoint": {
        "interval": 22068,
        "weight": 0.209001,
        "waypoints": [
            414029159328,
            414034740793,
            414055662685
        ],
        "name": "6"
    },
    "stats": {
        "insts": 50000168.0,
        "ipc": 1.026116,
        "cycles": 48727621.0,
        "reg-taints": 0.0,
        "mem-taints": 0.0,
        "xmit-taints": 0.0,
        "stalls": 23490318234,
        "access-preds": 18698823,
        "access-misps": 750835,
        "access-misp-rate": 0.040154131626359585
    }
}