{
    "weight": 1.0000005280000002,
    "stats": {
        "cycles": 45116060.45152284,
        "insts": 50172464.079070784,
        "load-rate": 0.12243245104661826,
        "access-misps": 1313562.7468022716,
        "loads": 6157709.370529957,
        "reg-taints": 0.0,
        "mem-taints": 0.0,
        "xmit-taints": 2141042.6508468585,
        "access-misp-rate": 0.1473406793395195,
        "stalls": 238650878564.67767,
        "ipc": 1.1125243036783115,
        "access-preds": 6660873.147022675
    }
}