{
    "weight": 0.9999996,
    "stats": {
        "loads": 18791846.22385439,
        "cycles": 35085289.589503236,
        "xmit-taints": 1532313.320001428,
        "insts": 50187721.34344503,
        "stalls": 345827767239.0459,
        "access-misps": 184368.8915216566,
        "ipc": 1.470731357765743,
        "access-misp-rate": 0.0181974794707941,
        "access-preds": 9772385.763629505,
        "reg-taints": 0.0,
        "load-rate": 0.37476500720112055,
        "mem-taints": 0.0
    }
}