{
    "simpoint": {
        "interval": 5199,
        "weight": 0.0561818,
        "waypoints": [
            60945199305,
            60947328407,
            60959029466
        ],
        "name": "6"
    },
    "stats": {
        "insts": 50002806.0,
        "ipc": 0.688096,
        "cycles": 72668310.0,
        "reg-taints": 0.0,
        "mem-taints": 0.0,
        "xmit-taints": 12360526.0,
        "stalls": 4766203981,
        "access-preds": 256422,
        "access-misps": 23366,
        "access-misp-rate": 0.09112322655622372
    }
}